symbol_index,fft_bin,signed_bin,pilot_real,pilot_imag
0,0,0,1,0
0,1,1,1,0
0,2,2,1,0
0,3,3,-1,0
0,4,4,1,0
0,5,5,1,0
0,6,6,-1,0
0,7,7,1,0
0,8,8,1,0
0,9,9,1,0
0,10,10,1,0
0,11,11,-1,0
0,12,12,-1,0
0,13,13,-1,0
0,14,14,1,0
0,15,15,-1,0
0,16,16,1,0
0,17,17,1,0
0,18,18,1,0
0,19,19,-1,0
0,20,20,1,0
0,21,21,1,0
0,22,22,-1,0
0,23,23,1,0
0,24,24,-1,0
0,25,25,-1,0
0,26,26,-1,0
0,27,27,1,0
0,28,28,1,0
0,29,29,1,0
0,30,30,-1,0
0,31,31,1,0
0,32,32,1,0
0,33,33,1,0
0,34,34,1,0
0,35,35,-1,0
0,36,36,1,0
0,37,37,1,0
0,38,38,-1,0
0,39,39,1,0
0,40,40,1,0
0,41,41,1,0
0,42,42,1,0
0,43,43,-1,0
0,44,44,-1,0
0,45,45,-1,0
0,46,46,1,0
0,47,47,-1,0
0,48,48,-1,0
0,49,49,-1,0
0,50,50,-1,0
0,51,51,1,0
0,52,52,-1,0
0,53,53,-1,0
0,54,54,1,0
0,55,55,-1,0
0,56,56,1,0
0,57,57,1,0
0,58,58,1,0
0,59,59,-1,0
0,60,60,-1,0
0,61,61,-1,0
0,62,62,1,0
0,63,63,-1,0
0,64,64,1,0
0,65,65,1,0
0,66,66,1,0
0,67,67,-1,0
0,68,68,1,0
0,69,69,1,0
0,70,70,-1,0
0,71,71,1,0
0,72,72,1,0
0,73,73,1,0
0,74,74,1,0
0,75,75,-1,0
0,76,76,-1,0
0,77,77,-1,0
0,78,78,1,0
0,79,79,-1,0
0,80,80,1,0
0,81,81,1,0
0,82,82,1,0
0,83,83,-1,0
0,84,84,1,0
0,85,85,1,0
0,86,86,-1,0
0,87,87,1,0
0,88,88,-1,0
0,89,89,-1,0
0,90,90,-1,0
0,91,91,1,0
0,92,92,1,0
0,93,93,1,0
0,94,94,-1,0
0,95,95,1,0
0,96,96,-1,0
0,97,97,-1,0
0,98,98,-1,0
0,99,99,1,0
0,100,100,-1,0
0,101,101,-1,0
0,102,102,1,0
0,103,103,-1,0
0,104,104,-1,0
0,105,105,-1,0
0,106,106,-1,0
0,107,107,1,0
0,108,108,1,0
0,109,109,1,0
0,110,110,-1,0
0,111,111,1,0
0,112,112,1,0
0,113,113,1,0
0,114,114,1,0
0,115,115,-1,0
0,116,116,1,0
0,117,117,1,0
0,118,118,-1,0
0,119,119,1,0
0,120,120,-1,0
0,121,121,-1,0
0,122,122,-1,0
0,123,123,1,0
0,124,124,1,0
0,125,125,1,0
0,126,126,-1,0
0,127,127,1,0
0,128,128,1,0
0,129,129,1,0
0,130,130,1,0
0,131,131,-1,0
0,132,132,1,0
0,133,133,1,0
0,134,134,-1,0
0,135,135,1,0
0,136,136,1,0
0,137,137,1,0
0,138,138,1,0
0,139,139,-1,0
0,140,140,-1,0
0,141,141,-1,0
0,142,142,1,0
0,143,143,-1,0
0,144,144,1,0
0,145,145,1,0
0,146,146,1,0
0,147,147,-1,0
0,148,148,1,0
0,149,149,1,0
0,150,150,-1,0
0,151,151,1,0
0,152,152,-1,0
0,153,153,-1,0
0,154,154,-1,0
0,155,155,1,0
0,156,156,1,0
0,157,157,1,0
0,158,158,-1,0
0,159,159,1,0
0,160,160,1,0
0,161,161,1,0
0,162,162,1,0
0,163,163,-1,0
0,164,164,1,0
0,165,165,1,0
0,166,166,-1,0
0,167,167,1,0
0,168,168,1,0
0,169,169,1,0
0,170,170,1,0
0,171,171,-1,0
0,172,172,-1,0
0,173,173,-1,0
0,174,174,1,0
0,175,175,-1,0
0,176,176,-1,0
0,177,177,-1,0
0,178,178,-1,0
0,179,179,1,0
0,180,180,-1,0
0,181,181,-1,0
0,182,182,1,0
0,183,183,-1,0
0,184,184,1,0
0,185,185,1,0
0,186,186,1,0
0,187,187,-1,0
0,188,188,-1,0
0,189,189,-1,0
0,190,190,1,0
0,191,191,-1,0
0,192,192,-1,0
0,193,193,-1,0
0,194,194,-1,0
0,195,195,1,0
0,196,196,-1,0
0,197,197,-1,0
0,198,198,1,0
0,199,199,-1,0
0,200,200,-1,0
0,201,201,-1,0
0,202,202,-1,0
0,203,203,1,0
0,204,204,1,0
0,205,205,1,0
0,206,206,-1,0
0,207,207,1,0
0,208,208,-1,0
0,209,209,-1,0
0,210,210,-1,0
0,211,211,1,0
0,212,212,-1,0
0,213,213,-1,0
0,214,214,1,0
0,215,215,-1,0
0,216,216,1,0
0,217,217,1,0
0,218,218,1,0
0,219,219,-1,0
0,220,220,-1,0
0,221,221,-1,0
0,222,222,1,0
0,223,223,-1,0
0,224,224,1,0
0,225,225,1,0
0,226,226,1,0
0,227,227,-1,0
0,228,228,1,0
0,229,229,1,0
0,230,230,-1,0
0,231,231,1,0
0,232,232,1,0
0,233,233,1,0
0,234,234,1,0
0,235,235,-1,0
0,236,236,-1,0
0,237,237,-1,0
0,238,238,1,0
0,239,239,-1,0
0,240,240,-1,0
0,241,241,-1,0
0,242,242,-1,0
0,243,243,1,0
0,244,244,-1,0
0,245,245,-1,0
0,246,246,1,0
0,247,247,-1,0
0,248,248,1,0
0,249,249,1,0
0,250,250,1,0
0,251,251,-1,0
0,252,252,-1,0
0,253,253,-1,0
0,254,254,1,0
0,255,255,-1,0
0,256,256,1,0
0,257,257,1,0
0,258,258,1,0
0,259,259,-1,0
0,260,260,1,0
0,261,261,1,0
0,262,262,-1,0
0,263,263,1,0
0,264,264,1,0
0,265,265,1,0
0,266,266,1,0
0,267,267,-1,0
0,268,268,-1,0
0,269,269,-1,0
0,270,270,1,0
0,271,271,-1,0
0,272,272,1,0
0,273,273,1,0
0,274,274,1,0
0,275,275,-1,0
0,276,276,1,0
0,277,277,1,0
0,278,278,-1,0
0,279,279,1,0
0,280,280,-1,0
0,281,281,-1,0
0,282,282,-1,0
0,283,283,1,0
0,284,284,1,0
0,285,285,1,0
0,286,286,-1,0
0,287,287,1,0
0,288,288,1,0
0,289,289,1,0
0,290,290,1,0
0,291,291,-1,0
0,292,292,1,0
0,293,293,1,0
0,294,294,-1,0
0,295,295,1,0
0,296,296,1,0
0,297,297,1,0
0,298,298,1,0
0,299,299,-1,0
0,300,300,-1,0
0,301,301,-1,0
0,302,302,1,0
0,303,303,-1,0
0,304,304,-1,0
0,305,305,-1,0
0,306,306,-1,0
0,307,307,1,0
0,308,308,-1,0
0,309,309,-1,0
0,310,310,1,0
0,311,311,-1,0
0,312,312,1,0
0,313,313,1,0
0,314,314,1,0
0,315,315,-1,0
0,316,316,-1,0
0,317,317,-1,0
0,318,318,1,0
0,319,319,-1,0
0,320,320,1,0
0,321,321,1,0
0,322,322,1,0
0,323,323,-1,0
0,324,324,1,0
0,325,325,1,0
0,326,326,-1,0
0,327,327,1,0
0,328,328,1,0
0,329,329,1,0
0,330,330,1,0
0,331,331,-1,0
0,332,332,-1,0
0,333,333,-1,0
0,334,334,1,0
0,335,335,-1,0
0,336,336,1,0
0,337,337,1,0
0,338,338,1,0
0,339,339,-1,0
0,340,340,1,0
0,341,341,1,0
0,342,342,-1,0
0,343,343,1,0
0,344,344,-1,0
0,345,345,-1,0
0,346,346,-1,0
0,347,347,1,0
0,348,348,1,0
0,349,349,1,0
0,350,350,-1,0
0,351,351,1,0
0,352,352,-1,0
0,353,353,-1,0
0,354,354,-1,0
0,355,355,1,0
0,356,356,-1,0
0,357,357,-1,0
0,358,358,1,0
0,359,359,-1,0
0,360,360,-1,0
0,361,361,-1,0
0,362,362,-1,0
0,363,363,1,0
0,364,364,1,0
0,365,365,1,0
0,366,366,-1,0
0,367,367,1,0
0,368,368,1,0
0,369,369,1,0
0,370,370,1,0
0,371,371,-1,0
0,372,372,1,0
0,373,373,1,0
0,374,374,-1,0
0,375,375,1,0
0,376,376,-1,0
0,377,377,-1,0
0,378,378,-1,0
0,379,379,1,0
0,380,380,1,0
0,381,381,1,0
0,382,382,-1,0
0,383,383,1,0
0,384,384,-1,0
0,385,385,-1,0
0,386,386,-1,0
0,387,387,1,0
0,388,388,-1,0
0,389,389,-1,0
0,390,390,1,0
0,391,391,-1,0
0,392,392,-1,0
0,393,393,-1,0
0,394,394,-1,0
0,395,395,1,0
0,396,396,1,0
0,397,397,1,0
0,398,398,-1,0
0,399,399,1,0
0,400,400,-1,0
0,401,401,-1,0
0,402,402,-1,0
0,403,403,1,0
0,404,404,-1,0
0,405,405,-1,0
0,406,406,1,0
0,407,407,-1,0
0,408,408,1,0
0,409,409,1,0
0,410,410,1,0
0,411,411,-1,0
0,412,412,-1,0
0,413,413,-1,0
0,414,414,1,0
0,415,415,-1,0
0,416,416,-1,0
0,417,417,-1,0
0,418,418,-1,0
0,419,419,1,0
0,420,420,-1,0
0,421,421,-1,0
0,422,422,1,0
0,423,423,-1,0
0,424,424,-1,0
0,425,425,-1,0
0,426,426,-1,0
0,427,427,1,0
0,428,428,1,0
0,429,429,1,0
0,430,430,-1,0
0,431,431,1,0
0,432,432,1,0
0,433,433,1,0
0,434,434,1,0
0,435,435,-1,0
0,436,436,1,0
0,437,437,1,0
0,438,438,-1,0
0,439,439,1,0
0,440,440,-1,0
0,441,441,-1,0
0,442,442,-1,0
0,443,443,1,0
0,444,444,1,0
0,445,445,1,0
0,446,446,-1,0
0,447,447,1,0
0,448,448,1,0
0,449,449,1,0
0,450,450,1,0
0,451,451,-1,0
0,452,452,1,0
0,453,453,1,0
0,454,454,-1,0
0,455,455,1,0
0,456,456,1,0
0,457,457,1,0
0,458,458,1,0
0,459,459,-1,0
0,460,460,-1,0
0,461,461,-1,0
0,462,462,1,0
0,463,463,-1,0
0,464,464,1,0
0,465,465,1,0
0,466,466,1,0
0,467,467,-1,0
0,468,468,1,0
0,469,469,1,0
0,470,470,-1,0
0,471,471,1,0
0,472,472,-1,0
0,473,473,-1,0
0,474,474,-1,0
0,475,475,1,0
0,476,476,1,0
0,477,477,1,0
0,478,478,-1,0
0,479,479,1,0
0,480,480,-1,0
0,481,481,-1,0
0,482,482,-1,0
0,483,483,1,0
0,484,484,-1,0
0,485,485,-1,0
0,486,486,1,0
0,487,487,-1,0
0,488,488,-1,0
0,489,489,-1,0
0,490,490,-1,0
0,491,491,1,0
0,492,492,1,0
0,493,493,1,0
0,494,494,-1,0
0,495,495,1,0
0,496,496,1,0
0,497,497,1,0
0,498,498,1,0
0,499,499,-1,0
0,500,500,1,0
0,501,501,1,0
0,502,502,-1,0
0,503,503,1,0
0,504,504,-1,0
0,505,505,-1,0
0,506,506,-1,0
0,507,507,1,0
0,508,508,1,0
0,509,509,1,0
0,510,510,-1,0
0,511,511,1,0
0,512,-512,1,0
0,513,-511,1,0
0,514,-510,1,0
0,515,-509,-1,0
0,516,-508,1,0
0,517,-507,1,0
0,518,-506,-1,0
0,519,-505,1,0
0,520,-504,1,0
0,521,-503,1,0
0,522,-502,1,0
0,523,-501,-1,0
0,524,-500,-1,0
0,525,-499,-1,0
0,526,-498,1,0
0,527,-497,-1,0
0,528,-496,1,0
0,529,-495,1,0
0,530,-494,1,0
0,531,-493,-1,0
0,532,-492,1,0
0,533,-491,1,0
0,534,-490,-1,0
0,535,-489,1,0
0,536,-488,-1,0
0,537,-487,-1,0
0,538,-486,-1,0
0,539,-485,1,0
0,540,-484,1,0
0,541,-483,1,0
0,542,-482,-1,0
0,543,-481,1,0
0,544,-480,1,0
0,545,-479,1,0
0,546,-478,1,0
0,547,-477,-1,0
0,548,-476,1,0
0,549,-475,1,0
0,550,-474,-1,0
0,551,-473,1,0
0,552,-472,1,0
0,553,-471,1,0
0,554,-470,1,0
0,555,-469,-1,0
0,556,-468,-1,0
0,557,-467,-1,0
0,558,-466,1,0
0,559,-465,-1,0
0,560,-464,-1,0
0,561,-463,-1,0
0,562,-462,-1,0
0,563,-461,1,0
0,564,-460,-1,0
0,565,-459,-1,0
0,566,-458,1,0
0,567,-457,-1,0
0,568,-456,1,0
0,569,-455,1,0
0,570,-454,1,0
0,571,-453,-1,0
0,572,-452,-1,0
0,573,-451,-1,0
0,574,-450,1,0
0,575,-449,-1,0
0,576,-448,1,0
0,577,-447,1,0
0,578,-446,1,0
0,579,-445,-1,0
0,580,-444,1,0
0,581,-443,1,0
0,582,-442,-1,0
0,583,-441,1,0
0,584,-440,1,0
0,585,-439,1,0
0,586,-438,1,0
0,587,-437,-1,0
0,588,-436,-1,0
0,589,-435,-1,0
0,590,-434,1,0
0,591,-433,-1,0
0,592,-432,1,0
0,593,-431,1,0
0,594,-430,1,0
0,595,-429,-1,0
0,596,-428,1,0
0,597,-427,1,0
0,598,-426,-1,0
0,599,-425,1,0
0,600,-424,-1,0
0,601,-423,-1,0
0,602,-422,-1,0
0,603,-421,1,0
0,604,-420,1,0
0,605,-419,1,0
0,606,-418,-1,0
0,607,-417,1,0
0,608,-416,-1,0
0,609,-415,-1,0
0,610,-414,-1,0
0,611,-413,1,0
0,612,-412,-1,0
0,613,-411,-1,0
0,614,-410,1,0
0,615,-409,-1,0
0,616,-408,-1,0
0,617,-407,-1,0
0,618,-406,-1,0
0,619,-405,1,0
0,620,-404,1,0
0,621,-403,1,0
0,622,-402,-1,0
0,623,-401,1,0
0,624,-400,1,0
0,625,-399,1,0
0,626,-398,1,0
0,627,-397,-1,0
0,628,-396,1,0
0,629,-395,1,0
0,630,-394,-1,0
0,631,-393,1,0
0,632,-392,-1,0
0,633,-391,-1,0
0,634,-390,-1,0
0,635,-389,1,0
0,636,-388,1,0
0,637,-387,1,0
0,638,-386,-1,0
0,639,-385,1,0
0,640,-384,1,0
0,641,-383,1,0
0,642,-382,1,0
0,643,-381,-1,0
0,644,-380,1,0
0,645,-379,1,0
0,646,-378,-1,0
0,647,-377,1,0
0,648,-376,1,0
0,649,-375,1,0
0,650,-374,1,0
0,651,-373,-1,0
0,652,-372,-1,0
0,653,-371,-1,0
0,654,-370,1,0
0,655,-369,-1,0
0,656,-368,1,0
0,657,-367,1,0
0,658,-366,1,0
0,659,-365,-1,0
0,660,-364,1,0
0,661,-363,1,0
0,662,-362,-1,0
0,663,-361,1,0
0,664,-360,-1,0
0,665,-359,-1,0
0,666,-358,-1,0
0,667,-357,1,0
0,668,-356,1,0
0,669,-355,1,0
0,670,-354,-1,0
0,671,-353,1,0
0,672,-352,1,0
0,673,-351,1,0
0,674,-350,1,0
0,675,-349,-1,0
0,676,-348,1,0
0,677,-347,1,0
0,678,-346,-1,0
0,679,-345,1,0
0,680,-344,1,0
0,681,-343,1,0
0,682,-342,1,0
0,683,-341,-1,0
0,684,-340,-1,0
0,685,-339,-1,0
0,686,-338,1,0
0,687,-337,-1,0
0,688,-336,-1,0
0,689,-335,-1,0
0,690,-334,-1,0
0,691,-333,1,0
0,692,-332,-1,0
0,693,-331,-1,0
0,694,-330,1,0
0,695,-329,-1,0
0,696,-328,1,0
0,697,-327,1,0
0,698,-326,1,0
0,699,-325,-1,0
0,700,-324,-1,0
0,701,-323,-1,0
0,702,-322,1,0
0,703,-321,-1,0
0,704,-320,-1,0
0,705,-319,-1,0
0,706,-318,-1,0
0,707,-317,1,0
0,708,-316,-1,0
0,709,-315,-1,0
0,710,-314,1,0
0,711,-313,-1,0
0,712,-312,-1,0
0,713,-311,-1,0
0,714,-310,-1,0
0,715,-309,1,0
0,716,-308,1,0
0,717,-307,1,0
0,718,-306,-1,0
0,719,-305,1,0
0,720,-304,-1,0
0,721,-303,-1,0
0,722,-302,-1,0
0,723,-301,1,0
0,724,-300,-1,0
0,725,-299,-1,0
0,726,-298,1,0
0,727,-297,-1,0
0,728,-296,1,0
0,729,-295,1,0
0,730,-294,1,0
0,731,-293,-1,0
0,732,-292,-1,0
0,733,-291,-1,0
0,734,-290,1,0
0,735,-289,-1,0
0,736,-288,1,0
0,737,-287,1,0
0,738,-286,1,0
0,739,-285,-1,0
0,740,-284,1,0
0,741,-283,1,0
0,742,-282,-1,0
0,743,-281,1,0
0,744,-280,1,0
0,745,-279,1,0
0,746,-278,1,0
0,747,-277,-1,0
0,748,-276,-1,0
0,749,-275,-1,0
0,750,-274,1,0
0,751,-273,-1,0
0,752,-272,-1,0
0,753,-271,-1,0
0,754,-270,-1,0
0,755,-269,1,0
0,756,-268,-1,0
0,757,-267,-1,0
0,758,-266,1,0
0,759,-265,-1,0
0,760,-264,1,0
0,761,-263,1,0
0,762,-262,1,0
0,763,-261,-1,0
0,764,-260,-1,0
0,765,-259,-1,0
0,766,-258,1,0
0,767,-257,-1,0
0,768,-256,-1,0
0,769,-255,-1,0
0,770,-254,-1,0
0,771,-253,1,0
0,772,-252,-1,0
0,773,-251,-1,0
0,774,-250,1,0
0,775,-249,-1,0
0,776,-248,-1,0
0,777,-247,-1,0
0,778,-246,-1,0
0,779,-245,1,0
0,780,-244,1,0
0,781,-243,1,0
0,782,-242,-1,0
0,783,-241,1,0
0,784,-240,-1,0
0,785,-239,-1,0
0,786,-238,-1,0
0,787,-237,1,0
0,788,-236,-1,0
0,789,-235,-1,0
0,790,-234,1,0
0,791,-233,-1,0
0,792,-232,1,0
0,793,-231,1,0
0,794,-230,1,0
0,795,-229,-1,0
0,796,-228,-1,0
0,797,-227,-1,0
0,798,-226,1,0
0,799,-225,-1,0
0,800,-224,-1,0
0,801,-223,-1,0
0,802,-222,-1,0
0,803,-221,1,0
0,804,-220,-1,0
0,805,-219,-1,0
0,806,-218,1,0
0,807,-217,-1,0
0,808,-216,-1,0
0,809,-215,-1,0
0,810,-214,-1,0
0,811,-213,1,0
0,812,-212,1,0
0,813,-211,1,0
0,814,-210,-1,0
0,815,-209,1,0
0,816,-208,1,0
0,817,-207,1,0
0,818,-206,1,0
0,819,-205,-1,0
0,820,-204,1,0
0,821,-203,1,0
0,822,-202,-1,0
0,823,-201,1,0
0,824,-200,-1,0
0,825,-199,-1,0
0,826,-198,-1,0
0,827,-197,1,0
0,828,-196,1,0
0,829,-195,1,0
0,830,-194,-1,0
0,831,-193,1,0
0,832,-192,-1,0
0,833,-191,-1,0
0,834,-190,-1,0
0,835,-189,1,0
0,836,-188,-1,0
0,837,-187,-1,0
0,838,-186,1,0
0,839,-185,-1,0
0,840,-184,-1,0
0,841,-183,-1,0
0,842,-182,-1,0
0,843,-181,1,0
0,844,-180,1,0
0,845,-179,1,0
0,846,-178,-1,0
0,847,-177,1,0
0,848,-176,-1,0
0,849,-175,-1,0
0,850,-174,-1,0
0,851,-173,1,0
0,852,-172,-1,0
0,853,-171,-1,0
0,854,-170,1,0
0,855,-169,-1,0
0,856,-168,1,0
0,857,-167,1,0
0,858,-166,1,0
0,859,-165,-1,0
0,860,-164,-1,0
0,861,-163,-1,0
0,862,-162,1,0
0,863,-161,-1,0
0,864,-160,1,0
0,865,-159,1,0
0,866,-158,1,0
0,867,-157,-1,0
0,868,-156,1,0
0,869,-155,1,0
0,870,-154,-1,0
0,871,-153,1,0
0,872,-152,1,0
0,873,-151,1,0
0,874,-150,1,0
0,875,-149,-1,0
0,876,-148,-1,0
0,877,-147,-1,0
0,878,-146,1,0
0,879,-145,-1,0
0,880,-144,-1,0
0,881,-143,-1,0
0,882,-142,-1,0
0,883,-141,1,0
0,884,-140,-1,0
0,885,-139,-1,0
0,886,-138,1,0
0,887,-137,-1,0
0,888,-136,1,0
0,889,-135,1,0
0,890,-134,1,0
0,891,-133,-1,0
0,892,-132,-1,0
0,893,-131,-1,0
0,894,-130,1,0
0,895,-129,-1,0
0,896,-128,1,0
0,897,-127,1,0
0,898,-126,1,0
0,899,-125,-1,0
0,900,-124,1,0
0,901,-123,1,0
0,902,-122,-1,0
0,903,-121,1,0
0,904,-120,1,0
0,905,-119,1,0
0,906,-118,1,0
0,907,-117,-1,0
0,908,-116,-1,0
0,909,-115,-1,0
0,910,-114,1,0
0,911,-113,-1,0
0,912,-112,1,0
0,913,-111,1,0
0,914,-110,1,0
0,915,-109,-1,0
0,916,-108,1,0
0,917,-107,1,0
0,918,-106,-1,0
0,919,-105,1,0
0,920,-104,-1,0
0,921,-103,-1,0
0,922,-102,-1,0
0,923,-101,1,0
0,924,-100,1,0
0,925,-99,1,0
0,926,-98,-1,0
0,927,-97,1,0
0,928,-96,1,0
0,929,-95,1,0
0,930,-94,1,0
0,931,-93,-1,0
0,932,-92,1,0
0,933,-91,1,0
0,934,-90,-1,0
0,935,-89,1,0
0,936,-88,1,0
0,937,-87,1,0
0,938,-86,1,0
0,939,-85,-1,0
0,940,-84,-1,0
0,941,-83,-1,0
0,942,-82,1,0
0,943,-81,-1,0
0,944,-80,-1,0
0,945,-79,-1,0
0,946,-78,-1,0
0,947,-77,1,0
0,948,-76,-1,0
0,949,-75,-1,0
0,950,-74,1,0
0,951,-73,-1,0
0,952,-72,1,0
0,953,-71,1,0
0,954,-70,1,0
0,955,-69,-1,0
0,956,-68,-1,0
0,957,-67,-1,0
0,958,-66,1,0
0,959,-65,-1,0
0,960,-64,-1,0
0,961,-63,-1,0
0,962,-62,-1,0
0,963,-61,1,0
0,964,-60,-1,0
0,965,-59,-1,0
0,966,-58,1,0
0,967,-57,-1,0
0,968,-56,-1,0
0,969,-55,-1,0
0,970,-54,-1,0
0,971,-53,1,0
0,972,-52,1,0
0,973,-51,1,0
0,974,-50,-1,0
0,975,-49,1,0
0,976,-48,-1,0
0,977,-47,-1,0
0,978,-46,-1,0
0,979,-45,1,0
0,980,-44,-1,0
0,981,-43,-1,0
0,982,-42,1,0
0,983,-41,-1,0
0,984,-40,1,0
0,985,-39,1,0
0,986,-38,1,0
0,987,-37,-1,0
0,988,-36,-1,0
0,989,-35,-1,0
0,990,-34,1,0
0,991,-33,-1,0
0,992,-32,1,0
0,993,-31,1,0
0,994,-30,1,0
0,995,-29,-1,0
0,996,-28,1,0
0,997,-27,1,0
0,998,-26,-1,0
0,999,-25,1,0
0,1000,-24,1,0
0,1001,-23,1,0
0,1002,-22,1,0
0,1003,-21,-1,0
0,1004,-20,-1,0
0,1005,-19,-1,0
0,1006,-18,1,0
0,1007,-17,-1,0
0,1008,-16,-1,0
0,1009,-15,-1,0
0,1010,-14,-1,0
0,1011,-13,1,0
0,1012,-12,-1,0
0,1013,-11,-1,0
0,1014,-10,1,0
0,1015,-9,-1,0
0,1016,-8,1,0
0,1017,-7,1,0
0,1018,-6,1,0
0,1019,-5,-1,0
0,1020,-4,-1,0
0,1021,-3,-1,0
0,1022,-2,1,0
0,1023,-1,-1,0
1,0,0,1,0
1,1,1,1,0
1,2,2,1,0
1,3,3,-1,0
1,4,4,1,0
1,5,5,1,0
1,6,6,-1,0
1,7,7,1,0
1,8,8,1,0
1,9,9,1,0
1,10,10,1,0
1,11,11,-1,0
1,12,12,-1,0
1,13,13,-1,0
1,14,14,1,0
1,15,15,-1,0
1,16,16,1,0
1,17,17,1,0
1,18,18,1,0
1,19,19,-1,0
1,20,20,1,0
1,21,21,1,0
1,22,22,-1,0
1,23,23,1,0
1,24,24,-1,0
1,25,25,-1,0
1,26,26,-1,0
1,27,27,1,0
1,28,28,1,0
1,29,29,1,0
1,30,30,-1,0
1,31,31,1,0
1,32,32,1,0
1,33,33,1,0
1,34,34,1,0
1,35,35,-1,0
1,36,36,1,0
1,37,37,1,0
1,38,38,-1,0
1,39,39,1,0
1,40,40,1,0
1,41,41,1,0
1,42,42,1,0
1,43,43,-1,0
1,44,44,-1,0
1,45,45,-1,0
1,46,46,1,0
1,47,47,-1,0
1,48,48,-1,0
1,49,49,-1,0
1,50,50,-1,0
1,51,51,1,0
1,52,52,-1,0
1,53,53,-1,0
1,54,54,1,0
1,55,55,-1,0
1,56,56,1,0
1,57,57,1,0
1,58,58,1,0
1,59,59,-1,0
1,60,60,-1,0
1,61,61,-1,0
1,62,62,1,0
1,63,63,-1,0
1,64,64,1,0
1,65,65,1,0
1,66,66,1,0
1,67,67,-1,0
1,68,68,1,0
1,69,69,1,0
1,70,70,-1,0
1,71,71,1,0
1,72,72,1,0
1,73,73,1,0
1,74,74,1,0
1,75,75,-1,0
1,76,76,-1,0
1,77,77,-1,0
1,78,78,1,0
1,79,79,-1,0
1,80,80,1,0
1,81,81,1,0
1,82,82,1,0
1,83,83,-1,0
1,84,84,1,0
1,85,85,1,0
1,86,86,-1,0
1,87,87,1,0
1,88,88,-1,0
1,89,89,-1,0
1,90,90,-1,0
1,91,91,1,0
1,92,92,1,0
1,93,93,1,0
1,94,94,-1,0
1,95,95,1,0
1,96,96,-1,0
1,97,97,-1,0
1,98,98,-1,0
1,99,99,1,0
1,100,100,-1,0
1,101,101,-1,0
1,102,102,1,0
1,103,103,-1,0
1,104,104,-1,0
1,105,105,-1,0
1,106,106,-1,0
1,107,107,1,0
1,108,108,1,0
1,109,109,1,0
1,110,110,-1,0
1,111,111,1,0
1,112,112,1,0
1,113,113,1,0
1,114,114,1,0
1,115,115,-1,0
1,116,116,1,0
1,117,117,1,0
1,118,118,-1,0
1,119,119,1,0
1,120,120,-1,0
1,121,121,-1,0
1,122,122,-1,0
1,123,123,1,0
1,124,124,1,0
1,125,125,1,0
1,126,126,-1,0
1,127,127,1,0
1,128,128,1,0
1,129,129,1,0
1,130,130,1,0
1,131,131,-1,0
1,132,132,1,0
1,133,133,1,0
1,134,134,-1,0
1,135,135,1,0
1,136,136,1,0
1,137,137,1,0
1,138,138,1,0
1,139,139,-1,0
1,140,140,-1,0
1,141,141,-1,0
1,142,142,1,0
1,143,143,-1,0
1,144,144,1,0
1,145,145,1,0
1,146,146,1,0
1,147,147,-1,0
1,148,148,1,0
1,149,149,1,0
1,150,150,-1,0
1,151,151,1,0
1,152,152,-1,0
1,153,153,-1,0
1,154,154,-1,0
1,155,155,1,0
1,156,156,1,0
1,157,157,1,0
1,158,158,-1,0
1,159,159,1,0
1,160,160,1,0
1,161,161,1,0
1,162,162,1,0
1,163,163,-1,0
1,164,164,1,0
1,165,165,1,0
1,166,166,-1,0
1,167,167,1,0
1,168,168,1,0
1,169,169,1,0
1,170,170,1,0
1,171,171,-1,0
1,172,172,-1,0
1,173,173,-1,0
1,174,174,1,0
1,175,175,-1,0
1,176,176,-1,0
1,177,177,-1,0
1,178,178,-1,0
1,179,179,1,0
1,180,180,-1,0
1,181,181,-1,0
1,182,182,1,0
1,183,183,-1,0
1,184,184,1,0
1,185,185,1,0
1,186,186,1,0
1,187,187,-1,0
1,188,188,-1,0
1,189,189,-1,0
1,190,190,1,0
1,191,191,-1,0
1,192,192,-1,0
1,193,193,-1,0
1,194,194,-1,0
1,195,195,1,0
1,196,196,-1,0
1,197,197,-1,0
1,198,198,1,0
1,199,199,-1,0
1,200,200,-1,0
1,201,201,-1,0
1,202,202,-1,0
1,203,203,1,0
1,204,204,1,0
1,205,205,1,0
1,206,206,-1,0
1,207,207,1,0
1,208,208,-1,0
1,209,209,-1,0
1,210,210,-1,0
1,211,211,1,0
1,212,212,-1,0
1,213,213,-1,0
1,214,214,1,0
1,215,215,-1,0
1,216,216,1,0
1,217,217,1,0
1,218,218,1,0
1,219,219,-1,0
1,220,220,-1,0
1,221,221,-1,0
1,222,222,1,0
1,223,223,-1,0
1,224,224,1,0
1,225,225,1,0
1,226,226,1,0
1,227,227,-1,0
1,228,228,1,0
1,229,229,1,0
1,230,230,-1,0
1,231,231,1,0
1,232,232,1,0
1,233,233,1,0
1,234,234,1,0
1,235,235,-1,0
1,236,236,-1,0
1,237,237,-1,0
1,238,238,1,0
1,239,239,-1,0
1,240,240,-1,0
1,241,241,-1,0
1,242,242,-1,0
1,243,243,1,0
1,244,244,-1,0
1,245,245,-1,0
1,246,246,1,0
1,247,247,-1,0
1,248,248,1,0
1,249,249,1,0
1,250,250,1,0
1,251,251,-1,0
1,252,252,-1,0
1,253,253,-1,0
1,254,254,1,0
1,255,255,-1,0
1,256,256,1,0
1,257,257,1,0
1,258,258,1,0
1,259,259,-1,0
1,260,260,1,0
1,261,261,1,0
1,262,262,-1,0
1,263,263,1,0
1,264,264,1,0
1,265,265,1,0
1,266,266,1,0
1,267,267,-1,0
1,268,268,-1,0
1,269,269,-1,0
1,270,270,1,0
1,271,271,-1,0
1,272,272,1,0
1,273,273,1,0
1,274,274,1,0
1,275,275,-1,0
1,276,276,1,0
1,277,277,1,0
1,278,278,-1,0
1,279,279,1,0
1,280,280,-1,0
1,281,281,-1,0
1,282,282,-1,0
1,283,283,1,0
1,284,284,1,0
1,285,285,1,0
1,286,286,-1,0
1,287,287,1,0
1,288,288,1,0
1,289,289,1,0
1,290,290,1,0
1,291,291,-1,0
1,292,292,1,0
1,293,293,1,0
1,294,294,-1,0
1,295,295,1,0
1,296,296,1,0
1,297,297,1,0
1,298,298,1,0
1,299,299,-1,0
1,300,300,-1,0
1,301,301,-1,0
1,302,302,1,0
1,303,303,-1,0
1,304,304,-1,0
1,305,305,-1,0
1,306,306,-1,0
1,307,307,1,0
1,308,308,-1,0
1,309,309,-1,0
1,310,310,1,0
1,311,311,-1,0
1,312,312,1,0
1,313,313,1,0
1,314,314,1,0
1,315,315,-1,0
1,316,316,-1,0
1,317,317,-1,0
1,318,318,1,0
1,319,319,-1,0
1,320,320,1,0
1,321,321,1,0
1,322,322,1,0
1,323,323,-1,0
1,324,324,1,0
1,325,325,1,0
1,326,326,-1,0
1,327,327,1,0
1,328,328,1,0
1,329,329,1,0
1,330,330,1,0
1,331,331,-1,0
1,332,332,-1,0
1,333,333,-1,0
1,334,334,1,0
1,335,335,-1,0
1,336,336,1,0
1,337,337,1,0
1,338,338,1,0
1,339,339,-1,0
1,340,340,1,0
1,341,341,1,0
1,342,342,-1,0
1,343,343,1,0
1,344,344,-1,0
1,345,345,-1,0
1,346,346,-1,0
1,347,347,1,0
1,348,348,1,0
1,349,349,1,0
1,350,350,-1,0
1,351,351,1,0
1,352,352,-1,0
1,353,353,-1,0
1,354,354,-1,0
1,355,355,1,0
1,356,356,-1,0
1,357,357,-1,0
1,358,358,1,0
1,359,359,-1,0
1,360,360,-1,0
1,361,361,-1,0
1,362,362,-1,0
1,363,363,1,0
1,364,364,1,0
1,365,365,1,0
1,366,366,-1,0
1,367,367,1,0
1,368,368,1,0
1,369,369,1,0
1,370,370,1,0
1,371,371,-1,0
1,372,372,1,0
1,373,373,1,0
1,374,374,-1,0
1,375,375,1,0
1,376,376,-1,0
1,377,377,-1,0
1,378,378,-1,0
1,379,379,1,0
1,380,380,1,0
1,381,381,1,0
1,382,382,-1,0
1,383,383,1,0
1,384,384,-1,0
1,385,385,-1,0
1,386,386,-1,0
1,387,387,1,0
1,388,388,-1,0
1,389,389,-1,0
1,390,390,1,0
1,391,391,-1,0
1,392,392,-1,0
1,393,393,-1,0
1,394,394,-1,0
1,395,395,1,0
1,396,396,1,0
1,397,397,1,0
1,398,398,-1,0
1,399,399,1,0
1,400,400,-1,0
1,401,401,-1,0
1,402,402,-1,0
1,403,403,1,0
1,404,404,-1,0
1,405,405,-1,0
1,406,406,1,0
1,407,407,-1,0
1,408,408,1,0
1,409,409,1,0
1,410,410,1,0
1,411,411,-1,0
1,412,412,-1,0
1,413,413,-1,0
1,414,414,1,0
1,415,415,-1,0
1,416,416,-1,0
1,417,417,-1,0
1,418,418,-1,0
1,419,419,1,0
1,420,420,-1,0
1,421,421,-1,0
1,422,422,1,0
1,423,423,-1,0
1,424,424,-1,0
1,425,425,-1,0
1,426,426,-1,0
1,427,427,1,0
1,428,428,1,0
1,429,429,1,0
1,430,430,-1,0
1,431,431,1,0
1,432,432,1,0
1,433,433,1,0
1,434,434,1,0
1,435,435,-1,0
1,436,436,1,0
1,437,437,1,0
1,438,438,-1,0
1,439,439,1,0
1,440,440,-1,0
1,441,441,-1,0
1,442,442,-1,0
1,443,443,1,0
1,444,444,1,0
1,445,445,1,0
1,446,446,-1,0
1,447,447,1,0
1,448,448,1,0
1,449,449,1,0
1,450,450,1,0
1,451,451,-1,0
1,452,452,1,0
1,453,453,1,0
1,454,454,-1,0
1,455,455,1,0
1,456,456,1,0
1,457,457,1,0
1,458,458,1,0
1,459,459,-1,0
1,460,460,-1,0
1,461,461,-1,0
1,462,462,1,0
1,463,463,-1,0
1,464,464,1,0
1,465,465,1,0
1,466,466,1,0
1,467,467,-1,0
1,468,468,1,0
1,469,469,1,0
1,470,470,-1,0
1,471,471,1,0
1,472,472,-1,0
1,473,473,-1,0
1,474,474,-1,0
1,475,475,1,0
1,476,476,1,0
1,477,477,1,0
1,478,478,-1,0
1,479,479,1,0
1,480,480,-1,0
1,481,481,-1,0
1,482,482,-1,0
1,483,483,1,0
1,484,484,-1,0
1,485,485,-1,0
1,486,486,1,0
1,487,487,-1,0
1,488,488,-1,0
1,489,489,-1,0
1,490,490,-1,0
1,491,491,1,0
1,492,492,1,0
1,493,493,1,0
1,494,494,-1,0
1,495,495,1,0
1,496,496,1,0
1,497,497,1,0
1,498,498,1,0
1,499,499,-1,0
1,500,500,1,0
1,501,501,1,0
1,502,502,-1,0
1,503,503,1,0
1,504,504,-1,0
1,505,505,-1,0
1,506,506,-1,0
1,507,507,1,0
1,508,508,1,0
1,509,509,1,0
1,510,510,-1,0
1,511,511,1,0
1,512,-512,-1,0
1,513,-511,-1,0
1,514,-510,-1,0
1,515,-509,1,0
1,516,-508,-1,0
1,517,-507,-1,0
1,518,-506,1,0
1,519,-505,-1,0
1,520,-504,-1,0
1,521,-503,-1,0
1,522,-502,-1,0
1,523,-501,1,0
1,524,-500,1,0
1,525,-499,1,0
1,526,-498,-1,0
1,527,-497,1,0
1,528,-496,-1,0
1,529,-495,-1,0
1,530,-494,-1,0
1,531,-493,1,0
1,532,-492,-1,0
1,533,-491,-1,0
1,534,-490,1,0
1,535,-489,-1,0
1,536,-488,1,0
1,537,-487,1,0
1,538,-486,1,0
1,539,-485,-1,0
1,540,-484,-1,0
1,541,-483,-1,0
1,542,-482,1,0
1,543,-481,-1,0
1,544,-480,-1,0
1,545,-479,-1,0
1,546,-478,-1,0
1,547,-477,1,0
1,548,-476,-1,0
1,549,-475,-1,0
1,550,-474,1,0
1,551,-473,-1,0
1,552,-472,-1,0
1,553,-471,-1,0
1,554,-470,-1,0
1,555,-469,1,0
1,556,-468,1,0
1,557,-467,1,0
1,558,-466,-1,0
1,559,-465,1,0
1,560,-464,1,0
1,561,-463,1,0
1,562,-462,1,0
1,563,-461,-1,0
1,564,-460,1,0
1,565,-459,1,0
1,566,-458,-1,0
1,567,-457,1,0
1,568,-456,-1,0
1,569,-455,-1,0
1,570,-454,-1,0
1,571,-453,1,0
1,572,-452,1,0
1,573,-451,1,0
1,574,-450,-1,0
1,575,-449,1,0
1,576,-448,-1,0
1,577,-447,-1,0
1,578,-446,-1,0
1,579,-445,1,0
1,580,-444,-1,0
1,581,-443,-1,0
1,582,-442,1,0
1,583,-441,-1,0
1,584,-440,-1,0
1,585,-439,-1,0
1,586,-438,-1,0
1,587,-437,1,0
1,588,-436,1,0
1,589,-435,1,0
1,590,-434,-1,0
1,591,-433,1,0
1,592,-432,-1,0
1,593,-431,-1,0
1,594,-430,-1,0
1,595,-429,1,0
1,596,-428,-1,0
1,597,-427,-1,0
1,598,-426,1,0
1,599,-425,-1,0
1,600,-424,1,0
1,601,-423,1,0
1,602,-422,1,0
1,603,-421,-1,0
1,604,-420,-1,0
1,605,-419,-1,0
1,606,-418,1,0
1,607,-417,-1,0
1,608,-416,1,0
1,609,-415,1,0
1,610,-414,1,0
1,611,-413,-1,0
1,612,-412,1,0
1,613,-411,1,0
1,614,-410,-1,0
1,615,-409,1,0
1,616,-408,1,0
1,617,-407,1,0
1,618,-406,1,0
1,619,-405,-1,0
1,620,-404,-1,0
1,621,-403,-1,0
1,622,-402,1,0
1,623,-401,-1,0
1,624,-400,-1,0
1,625,-399,-1,0
1,626,-398,-1,0
1,627,-397,1,0
1,628,-396,-1,0
1,629,-395,-1,0
1,630,-394,1,0
1,631,-393,-1,0
1,632,-392,1,0
1,633,-391,1,0
1,634,-390,1,0
1,635,-389,-1,0
1,636,-388,-1,0
1,637,-387,-1,0
1,638,-386,1,0
1,639,-385,-1,0
1,640,-384,-1,0
1,641,-383,-1,0
1,642,-382,-1,0
1,643,-381,1,0
1,644,-380,-1,0
1,645,-379,-1,0
1,646,-378,1,0
1,647,-377,-1,0
1,648,-376,-1,0
1,649,-375,-1,0
1,650,-374,-1,0
1,651,-373,1,0
1,652,-372,1,0
1,653,-371,1,0
1,654,-370,-1,0
1,655,-369,1,0
1,656,-368,-1,0
1,657,-367,-1,0
1,658,-366,-1,0
1,659,-365,1,0
1,660,-364,-1,0
1,661,-363,-1,0
1,662,-362,1,0
1,663,-361,-1,0
1,664,-360,1,0
1,665,-359,1,0
1,666,-358,1,0
1,667,-357,-1,0
1,668,-356,-1,0
1,669,-355,-1,0
1,670,-354,1,0
1,671,-353,-1,0
1,672,-352,-1,0
1,673,-351,-1,0
1,674,-350,-1,0
1,675,-349,1,0
1,676,-348,-1,0
1,677,-347,-1,0
1,678,-346,1,0
1,679,-345,-1,0
1,680,-344,-1,0
1,681,-343,-1,0
1,682,-342,-1,0
1,683,-341,1,0
1,684,-340,1,0
1,685,-339,1,0
1,686,-338,-1,0
1,687,-337,1,0
1,688,-336,1,0
1,689,-335,1,0
1,690,-334,1,0
1,691,-333,-1,0
1,692,-332,1,0
1,693,-331,1,0
1,694,-330,-1,0
1,695,-329,1,0
1,696,-328,-1,0
1,697,-327,-1,0
1,698,-326,-1,0
1,699,-325,1,0
1,700,-324,1,0
1,701,-323,1,0
1,702,-322,-1,0
1,703,-321,1,0
1,704,-320,1,0
1,705,-319,1,0
1,706,-318,1,0
1,707,-317,-1,0
1,708,-316,1,0
1,709,-315,1,0
1,710,-314,-1,0
1,711,-313,1,0
1,712,-312,1,0
1,713,-311,1,0
1,714,-310,1,0
1,715,-309,-1,0
1,716,-308,-1,0
1,717,-307,-1,0
1,718,-306,1,0
1,719,-305,-1,0
1,720,-304,1,0
1,721,-303,1,0
1,722,-302,1,0
1,723,-301,-1,0
1,724,-300,1,0
1,725,-299,1,0
1,726,-298,-1,0
1,727,-297,1,0
1,728,-296,-1,0
1,729,-295,-1,0
1,730,-294,-1,0
1,731,-293,1,0
1,732,-292,1,0
1,733,-291,1,0
1,734,-290,-1,0
1,735,-289,1,0
1,736,-288,-1,0
1,737,-287,-1,0
1,738,-286,-1,0
1,739,-285,1,0
1,740,-284,-1,0
1,741,-283,-1,0
1,742,-282,1,0
1,743,-281,-1,0
1,744,-280,-1,0
1,745,-279,-1,0
1,746,-278,-1,0
1,747,-277,1,0
1,748,-276,1,0
1,749,-275,1,0
1,750,-274,-1,0
1,751,-273,1,0
1,752,-272,1,0
1,753,-271,1,0
1,754,-270,1,0
1,755,-269,-1,0
1,756,-268,1,0
1,757,-267,1,0
1,758,-266,-1,0
1,759,-265,1,0
1,760,-264,-1,0
1,761,-263,-1,0
1,762,-262,-1,0
1,763,-261,1,0
1,764,-260,1,0
1,765,-259,1,0
1,766,-258,-1,0
1,767,-257,1,0
1,768,-256,1,0
1,769,-255,1,0
1,770,-254,1,0
1,771,-253,-1,0
1,772,-252,1,0
1,773,-251,1,0
1,774,-250,-1,0
1,775,-249,1,0
1,776,-248,1,0
1,777,-247,1,0
1,778,-246,1,0
1,779,-245,-1,0
1,780,-244,-1,0
1,781,-243,-1,0
1,782,-242,1,0
1,783,-241,-1,0
1,784,-240,1,0
1,785,-239,1,0
1,786,-238,1,0
1,787,-237,-1,0
1,788,-236,1,0
1,789,-235,1,0
1,790,-234,-1,0
1,791,-233,1,0
1,792,-232,-1,0
1,793,-231,-1,0
1,794,-230,-1,0
1,795,-229,1,0
1,796,-228,1,0
1,797,-227,1,0
1,798,-226,-1,0
1,799,-225,1,0
1,800,-224,1,0
1,801,-223,1,0
1,802,-222,1,0
1,803,-221,-1,0
1,804,-220,1,0
1,805,-219,1,0
1,806,-218,-1,0
1,807,-217,1,0
1,808,-216,1,0
1,809,-215,1,0
1,810,-214,1,0
1,811,-213,-1,0
1,812,-212,-1,0
1,813,-211,-1,0
1,814,-210,1,0
1,815,-209,-1,0
1,816,-208,-1,0
1,817,-207,-1,0
1,818,-206,-1,0
1,819,-205,1,0
1,820,-204,-1,0
1,821,-203,-1,0
1,822,-202,1,0
1,823,-201,-1,0
1,824,-200,1,0
1,825,-199,1,0
1,826,-198,1,0
1,827,-197,-1,0
1,828,-196,-1,0
1,829,-195,-1,0
1,830,-194,1,0
1,831,-193,-1,0
1,832,-192,1,0
1,833,-191,1,0
1,834,-190,1,0
1,835,-189,-1,0
1,836,-188,1,0
1,837,-187,1,0
1,838,-186,-1,0
1,839,-185,1,0
1,840,-184,1,0
1,841,-183,1,0
1,842,-182,1,0
1,843,-181,-1,0
1,844,-180,-1,0
1,845,-179,-1,0
1,846,-178,1,0
1,847,-177,-1,0
1,848,-176,1,0
1,849,-175,1,0
1,850,-174,1,0
1,851,-173,-1,0
1,852,-172,1,0
1,853,-171,1,0
1,854,-170,-1,0
1,855,-169,1,0
1,856,-168,-1,0
1,857,-167,-1,0
1,858,-166,-1,0
1,859,-165,1,0
1,860,-164,1,0
1,861,-163,1,0
1,862,-162,-1,0
1,863,-161,1,0
1,864,-160,-1,0
1,865,-159,-1,0
1,866,-158,-1,0
1,867,-157,1,0
1,868,-156,-1,0
1,869,-155,-1,0
1,870,-154,1,0
1,871,-153,-1,0
1,872,-152,-1,0
1,873,-151,-1,0
1,874,-150,-1,0
1,875,-149,1,0
1,876,-148,1,0
1,877,-147,1,0
1,878,-146,-1,0
1,879,-145,1,0
1,880,-144,1,0
1,881,-143,1,0
1,882,-142,1,0
1,883,-141,-1,0
1,884,-140,1,0
1,885,-139,1,0
1,886,-138,-1,0
1,887,-137,1,0
1,888,-136,-1,0
1,889,-135,-1,0
1,890,-134,-1,0
1,891,-133,1,0
1,892,-132,1,0
1,893,-131,1,0
1,894,-130,-1,0
1,895,-129,1,0
1,896,-128,-1,0
1,897,-127,-1,0
1,898,-126,-1,0
1,899,-125,1,0
1,900,-124,-1,0
1,901,-123,-1,0
1,902,-122,1,0
1,903,-121,-1,0
1,904,-120,-1,0
1,905,-119,-1,0
1,906,-118,-1,0
1,907,-117,1,0
1,908,-116,1,0
1,909,-115,1,0
1,910,-114,-1,0
1,911,-113,1,0
1,912,-112,-1,0
1,913,-111,-1,0
1,914,-110,-1,0
1,915,-109,1,0
1,916,-108,-1,0
1,917,-107,-1,0
1,918,-106,1,0
1,919,-105,-1,0
1,920,-104,1,0
1,921,-103,1,0
1,922,-102,1,0
1,923,-101,-1,0
1,924,-100,-1,0
1,925,-99,-1,0
1,926,-98,1,0
1,927,-97,-1,0
1,928,-96,-1,0
1,929,-95,-1,0
1,930,-94,-1,0
1,931,-93,1,0
1,932,-92,-1,0
1,933,-91,-1,0
1,934,-90,1,0
1,935,-89,-1,0
1,936,-88,-1,0
1,937,-87,-1,0
1,938,-86,-1,0
1,939,-85,1,0
1,940,-84,1,0
1,941,-83,1,0
1,942,-82,-1,0
1,943,-81,1,0
1,944,-80,1,0
1,945,-79,1,0
1,946,-78,1,0
1,947,-77,-1,0
1,948,-76,1,0
1,949,-75,1,0
1,950,-74,-1,0
1,951,-73,1,0
1,952,-72,-1,0
1,953,-71,-1,0
1,954,-70,-1,0
1,955,-69,1,0
1,956,-68,1,0
1,957,-67,1,0
1,958,-66,-1,0
1,959,-65,1,0
1,960,-64,1,0
1,961,-63,1,0
1,962,-62,1,0
1,963,-61,-1,0
1,964,-60,1,0
1,965,-59,1,0
1,966,-58,-1,0
1,967,-57,1,0
1,968,-56,1,0
1,969,-55,1,0
1,970,-54,1,0
1,971,-53,-1,0
1,972,-52,-1,0
1,973,-51,-1,0
1,974,-50,1,0
1,975,-49,-1,0
1,976,-48,1,0
1,977,-47,1,0
1,978,-46,1,0
1,979,-45,-1,0
1,980,-44,1,0
1,981,-43,1,0
1,982,-42,-1,0
1,983,-41,1,0
1,984,-40,-1,0
1,985,-39,-1,0
1,986,-38,-1,0
1,987,-37,1,0
1,988,-36,1,0
1,989,-35,1,0
1,990,-34,-1,0
1,991,-33,1,0
1,992,-32,-1,0
1,993,-31,-1,0
1,994,-30,-1,0
1,995,-29,1,0
1,996,-28,-1,0
1,997,-27,-1,0
1,998,-26,1,0
1,999,-25,-1,0
1,1000,-24,-1,0
1,1001,-23,-1,0
1,1002,-22,-1,0
1,1003,-21,1,0
1,1004,-20,1,0
1,1005,-19,1,0
1,1006,-18,-1,0
1,1007,-17,1,0
1,1008,-16,1,0
1,1009,-15,1,0
1,1010,-14,1,0
1,1011,-13,-1,0
1,1012,-12,1,0
1,1013,-11,1,0
1,1014,-10,-1,0
1,1015,-9,1,0
1,1016,-8,-1,0
1,1017,-7,-1,0
1,1018,-6,-1,0
1,1019,-5,1,0
1,1020,-4,1,0
1,1021,-3,1,0
1,1022,-2,-1,0
1,1023,-1,1,0
2,0,0,1,0
2,1,1,1,0
2,2,2,1,0
2,3,3,-1,0
2,4,4,1,0
2,5,5,1,0
2,6,6,-1,0
2,7,7,1,0
2,8,8,1,0
2,9,9,1,0
2,10,10,1,0
2,11,11,-1,0
2,12,12,-1,0
2,13,13,-1,0
2,14,14,1,0
2,15,15,-1,0
2,16,16,1,0
2,17,17,1,0
2,18,18,1,0
2,19,19,-1,0
2,20,20,1,0
2,21,21,1,0
2,22,22,-1,0
2,23,23,1,0
2,24,24,-1,0
2,25,25,-1,0
2,26,26,-1,0
2,27,27,1,0
2,28,28,1,0
2,29,29,1,0
2,30,30,-1,0
2,31,31,1,0
2,32,32,1,0
2,33,33,1,0
2,34,34,1,0
2,35,35,-1,0
2,36,36,1,0
2,37,37,1,0
2,38,38,-1,0
2,39,39,1,0
2,40,40,1,0
2,41,41,1,0
2,42,42,1,0
2,43,43,-1,0
2,44,44,-1,0
2,45,45,-1,0
2,46,46,1,0
2,47,47,-1,0
2,48,48,-1,0
2,49,49,-1,0
2,50,50,-1,0
2,51,51,1,0
2,52,52,-1,0
2,53,53,-1,0
2,54,54,1,0
2,55,55,-1,0
2,56,56,1,0
2,57,57,1,0
2,58,58,1,0
2,59,59,-1,0
2,60,60,-1,0
2,61,61,-1,0
2,62,62,1,0
2,63,63,-1,0
2,64,64,1,0
2,65,65,1,0
2,66,66,1,0
2,67,67,-1,0
2,68,68,1,0
2,69,69,1,0
2,70,70,-1,0
2,71,71,1,0
2,72,72,1,0
2,73,73,1,0
2,74,74,1,0
2,75,75,-1,0
2,76,76,-1,0
2,77,77,-1,0
2,78,78,1,0
2,79,79,-1,0
2,80,80,1,0
2,81,81,1,0
2,82,82,1,0
2,83,83,-1,0
2,84,84,1,0
2,85,85,1,0
2,86,86,-1,0
2,87,87,1,0
2,88,88,-1,0
2,89,89,-1,0
2,90,90,-1,0
2,91,91,1,0
2,92,92,1,0
2,93,93,1,0
2,94,94,-1,0
2,95,95,1,0
2,96,96,-1,0
2,97,97,-1,0
2,98,98,-1,0
2,99,99,1,0
2,100,100,-1,0
2,101,101,-1,0
2,102,102,1,0
2,103,103,-1,0
2,104,104,-1,0
2,105,105,-1,0
2,106,106,-1,0
2,107,107,1,0
2,108,108,1,0
2,109,109,1,0
2,110,110,-1,0
2,111,111,1,0
2,112,112,1,0
2,113,113,1,0
2,114,114,1,0
2,115,115,-1,0
2,116,116,1,0
2,117,117,1,0
2,118,118,-1,0
2,119,119,1,0
2,120,120,-1,0
2,121,121,-1,0
2,122,122,-1,0
2,123,123,1,0
2,124,124,1,0
2,125,125,1,0
2,126,126,-1,0
2,127,127,1,0
2,128,128,1,0
2,129,129,1,0
2,130,130,1,0
2,131,131,-1,0
2,132,132,1,0
2,133,133,1,0
2,134,134,-1,0
2,135,135,1,0
2,136,136,1,0
2,137,137,1,0
2,138,138,1,0
2,139,139,-1,0
2,140,140,-1,0
2,141,141,-1,0
2,142,142,1,0
2,143,143,-1,0
2,144,144,1,0
2,145,145,1,0
2,146,146,1,0
2,147,147,-1,0
2,148,148,1,0
2,149,149,1,0
2,150,150,-1,0
2,151,151,1,0
2,152,152,-1,0
2,153,153,-1,0
2,154,154,-1,0
2,155,155,1,0
2,156,156,1,0
2,157,157,1,0
2,158,158,-1,0
2,159,159,1,0
2,160,160,1,0
2,161,161,1,0
2,162,162,1,0
2,163,163,-1,0
2,164,164,1,0
2,165,165,1,0
2,166,166,-1,0
2,167,167,1,0
2,168,168,1,0
2,169,169,1,0
2,170,170,1,0
2,171,171,-1,0
2,172,172,-1,0
2,173,173,-1,0
2,174,174,1,0
2,175,175,-1,0
2,176,176,-1,0
2,177,177,-1,0
2,178,178,-1,0
2,179,179,1,0
2,180,180,-1,0
2,181,181,-1,0
2,182,182,1,0
2,183,183,-1,0
2,184,184,1,0
2,185,185,1,0
2,186,186,1,0
2,187,187,-1,0
2,188,188,-1,0
2,189,189,-1,0
2,190,190,1,0
2,191,191,-1,0
2,192,192,-1,0
2,193,193,-1,0
2,194,194,-1,0
2,195,195,1,0
2,196,196,-1,0
2,197,197,-1,0
2,198,198,1,0
2,199,199,-1,0
2,200,200,-1,0
2,201,201,-1,0
2,202,202,-1,0
2,203,203,1,0
2,204,204,1,0
2,205,205,1,0
2,206,206,-1,0
2,207,207,1,0
2,208,208,-1,0
2,209,209,-1,0
2,210,210,-1,0
2,211,211,1,0
2,212,212,-1,0
2,213,213,-1,0
2,214,214,1,0
2,215,215,-1,0
2,216,216,1,0
2,217,217,1,0
2,218,218,1,0
2,219,219,-1,0
2,220,220,-1,0
2,221,221,-1,0
2,222,222,1,0
2,223,223,-1,0
2,224,224,1,0
2,225,225,1,0
2,226,226,1,0
2,227,227,-1,0
2,228,228,1,0
2,229,229,1,0
2,230,230,-1,0
2,231,231,1,0
2,232,232,1,0
2,233,233,1,0
2,234,234,1,0
2,235,235,-1,0
2,236,236,-1,0
2,237,237,-1,0
2,238,238,1,0
2,239,239,-1,0
2,240,240,-1,0
2,241,241,-1,0
2,242,242,-1,0
2,243,243,1,0
2,244,244,-1,0
2,245,245,-1,0
2,246,246,1,0
2,247,247,-1,0
2,248,248,1,0
2,249,249,1,0
2,250,250,1,0
2,251,251,-1,0
2,252,252,-1,0
2,253,253,-1,0
2,254,254,1,0
2,255,255,-1,0
2,256,256,1,0
2,257,257,1,0
2,258,258,1,0
2,259,259,-1,0
2,260,260,1,0
2,261,261,1,0
2,262,262,-1,0
2,263,263,1,0
2,264,264,1,0
2,265,265,1,0
2,266,266,1,0
2,267,267,-1,0
2,268,268,-1,0
2,269,269,-1,0
2,270,270,1,0
2,271,271,-1,0
2,272,272,1,0
2,273,273,1,0
2,274,274,1,0
2,275,275,-1,0
2,276,276,1,0
2,277,277,1,0
2,278,278,-1,0
2,279,279,1,0
2,280,280,-1,0
2,281,281,-1,0
2,282,282,-1,0
2,283,283,1,0
2,284,284,1,0
2,285,285,1,0
2,286,286,-1,0
2,287,287,1,0
2,288,288,1,0
2,289,289,1,0
2,290,290,1,0
2,291,291,-1,0
2,292,292,1,0
2,293,293,1,0
2,294,294,-1,0
2,295,295,1,0
2,296,296,1,0
2,297,297,1,0
2,298,298,1,0
2,299,299,-1,0
2,300,300,-1,0
2,301,301,-1,0
2,302,302,1,0
2,303,303,-1,0
2,304,304,-1,0
2,305,305,-1,0
2,306,306,-1,0
2,307,307,1,0
2,308,308,-1,0
2,309,309,-1,0
2,310,310,1,0
2,311,311,-1,0
2,312,312,1,0
2,313,313,1,0
2,314,314,1,0
2,315,315,-1,0
2,316,316,-1,0
2,317,317,-1,0
2,318,318,1,0
2,319,319,-1,0
2,320,320,1,0
2,321,321,1,0
2,322,322,1,0
2,323,323,-1,0
2,324,324,1,0
2,325,325,1,0
2,326,326,-1,0
2,327,327,1,0
2,328,328,1,0
2,329,329,1,0
2,330,330,1,0
2,331,331,-1,0
2,332,332,-1,0
2,333,333,-1,0
2,334,334,1,0
2,335,335,-1,0
2,336,336,1,0
2,337,337,1,0
2,338,338,1,0
2,339,339,-1,0
2,340,340,1,0
2,341,341,1,0
2,342,342,-1,0
2,343,343,1,0
2,344,344,-1,0
2,345,345,-1,0
2,346,346,-1,0
2,347,347,1,0
2,348,348,1,0
2,349,349,1,0
2,350,350,-1,0
2,351,351,1,0
2,352,352,-1,0
2,353,353,-1,0
2,354,354,-1,0
2,355,355,1,0
2,356,356,-1,0
2,357,357,-1,0
2,358,358,1,0
2,359,359,-1,0
2,360,360,-1,0
2,361,361,-1,0
2,362,362,-1,0
2,363,363,1,0
2,364,364,1,0
2,365,365,1,0
2,366,366,-1,0
2,367,367,1,0
2,368,368,1,0
2,369,369,1,0
2,370,370,1,0
2,371,371,-1,0
2,372,372,1,0
2,373,373,1,0
2,374,374,-1,0
2,375,375,1,0
2,376,376,-1,0
2,377,377,-1,0
2,378,378,-1,0
2,379,379,1,0
2,380,380,1,0
2,381,381,1,0
2,382,382,-1,0
2,383,383,1,0
2,384,384,-1,0
2,385,385,-1,0
2,386,386,-1,0
2,387,387,1,0
2,388,388,-1,0
2,389,389,-1,0
2,390,390,1,0
2,391,391,-1,0
2,392,392,-1,0
2,393,393,-1,0
2,394,394,-1,0
2,395,395,1,0
2,396,396,1,0
2,397,397,1,0
2,398,398,-1,0
2,399,399,1,0
2,400,400,-1,0
2,401,401,-1,0
2,402,402,-1,0
2,403,403,1,0
2,404,404,-1,0
2,405,405,-1,0
2,406,406,1,0
2,407,407,-1,0
2,408,408,1,0
2,409,409,1,0
2,410,410,1,0
2,411,411,-1,0
2,412,412,-1,0
2,413,413,-1,0
2,414,414,1,0
2,415,415,-1,0
2,416,416,-1,0
2,417,417,-1,0
2,418,418,-1,0
2,419,419,1,0
2,420,420,-1,0
2,421,421,-1,0
2,422,422,1,0
2,423,423,-1,0
2,424,424,-1,0
2,425,425,-1,0
2,426,426,-1,0
2,427,427,1,0
2,428,428,1,0
2,429,429,1,0
2,430,430,-1,0
2,431,431,1,0
2,432,432,1,0
2,433,433,1,0
2,434,434,1,0
2,435,435,-1,0
2,436,436,1,0
2,437,437,1,0
2,438,438,-1,0
2,439,439,1,0
2,440,440,-1,0
2,441,441,-1,0
2,442,442,-1,0
2,443,443,1,0
2,444,444,1,0
2,445,445,1,0
2,446,446,-1,0
2,447,447,1,0
2,448,448,1,0
2,449,449,1,0
2,450,450,1,0
2,451,451,-1,0
2,452,452,1,0
2,453,453,1,0
2,454,454,-1,0
2,455,455,1,0
2,456,456,1,0
2,457,457,1,0
2,458,458,1,0
2,459,459,-1,0
2,460,460,-1,0
2,461,461,-1,0
2,462,462,1,0
2,463,463,-1,0
2,464,464,1,0
2,465,465,1,0
2,466,466,1,0
2,467,467,-1,0
2,468,468,1,0
2,469,469,1,0
2,470,470,-1,0
2,471,471,1,0
2,472,472,-1,0
2,473,473,-1,0
2,474,474,-1,0
2,475,475,1,0
2,476,476,1,0
2,477,477,1,0
2,478,478,-1,0
2,479,479,1,0
2,480,480,-1,0
2,481,481,-1,0
2,482,482,-1,0
2,483,483,1,0
2,484,484,-1,0
2,485,485,-1,0
2,486,486,1,0
2,487,487,-1,0
2,488,488,-1,0
2,489,489,-1,0
2,490,490,-1,0
2,491,491,1,0
2,492,492,1,0
2,493,493,1,0
2,494,494,-1,0
2,495,495,1,0
2,496,496,1,0
2,497,497,1,0
2,498,498,1,0
2,499,499,-1,0
2,500,500,1,0
2,501,501,1,0
2,502,502,-1,0
2,503,503,1,0
2,504,504,-1,0
2,505,505,-1,0
2,506,506,-1,0
2,507,507,1,0
2,508,508,1,0
2,509,509,1,0
2,510,510,-1,0
2,511,511,1,0
2,512,-512,1,0
2,513,-511,1,0
2,514,-510,1,0
2,515,-509,-1,0
2,516,-508,1,0
2,517,-507,1,0
2,518,-506,-1,0
2,519,-505,1,0
2,520,-504,1,0
2,521,-503,1,0
2,522,-502,1,0
2,523,-501,-1,0
2,524,-500,-1,0
2,525,-499,-1,0
2,526,-498,1,0
2,527,-497,-1,0
2,528,-496,1,0
2,529,-495,1,0
2,530,-494,1,0
2,531,-493,-1,0
2,532,-492,1,0
2,533,-491,1,0
2,534,-490,-1,0
2,535,-489,1,0
2,536,-488,-1,0
2,537,-487,-1,0
2,538,-486,-1,0
2,539,-485,1,0
2,540,-484,1,0
2,541,-483,1,0
2,542,-482,-1,0
2,543,-481,1,0
2,544,-480,1,0
2,545,-479,1,0
2,546,-478,1,0
2,547,-477,-1,0
2,548,-476,1,0
2,549,-475,1,0
2,550,-474,-1,0
2,551,-473,1,0
2,552,-472,1,0
2,553,-471,1,0
2,554,-470,1,0
2,555,-469,-1,0
2,556,-468,-1,0
2,557,-467,-1,0
2,558,-466,1,0
2,559,-465,-1,0
2,560,-464,-1,0
2,561,-463,-1,0
2,562,-462,-1,0
2,563,-461,1,0
2,564,-460,-1,0
2,565,-459,-1,0
2,566,-458,1,0
2,567,-457,-1,0
2,568,-456,1,0
2,569,-455,1,0
2,570,-454,1,0
2,571,-453,-1,0
2,572,-452,-1,0
2,573,-451,-1,0
2,574,-450,1,0
2,575,-449,-1,0
2,576,-448,1,0
2,577,-447,1,0
2,578,-446,1,0
2,579,-445,-1,0
2,580,-444,1,0
2,581,-443,1,0
2,582,-442,-1,0
2,583,-441,1,0
2,584,-440,1,0
2,585,-439,1,0
2,586,-438,1,0
2,587,-437,-1,0
2,588,-436,-1,0
2,589,-435,-1,0
2,590,-434,1,0
2,591,-433,-1,0
2,592,-432,1,0
2,593,-431,1,0
2,594,-430,1,0
2,595,-429,-1,0
2,596,-428,1,0
2,597,-427,1,0
2,598,-426,-1,0
2,599,-425,1,0
2,600,-424,-1,0
2,601,-423,-1,0
2,602,-422,-1,0
2,603,-421,1,0
2,604,-420,1,0
2,605,-419,1,0
2,606,-418,-1,0
2,607,-417,1,0
2,608,-416,-1,0
2,609,-415,-1,0
2,610,-414,-1,0
2,611,-413,1,0
2,612,-412,-1,0
2,613,-411,-1,0
2,614,-410,1,0
2,615,-409,-1,0
2,616,-408,-1,0
2,617,-407,-1,0
2,618,-406,-1,0
2,619,-405,1,0
2,620,-404,1,0
2,621,-403,1,0
2,622,-402,-1,0
2,623,-401,1,0
2,624,-400,1,0
2,625,-399,1,0
2,626,-398,1,0
2,627,-397,-1,0
2,628,-396,1,0
2,629,-395,1,0
2,630,-394,-1,0
2,631,-393,1,0
2,632,-392,-1,0
2,633,-391,-1,0
2,634,-390,-1,0
2,635,-389,1,0
2,636,-388,1,0
2,637,-387,1,0
2,638,-386,-1,0
2,639,-385,1,0
2,640,-384,1,0
2,641,-383,1,0
2,642,-382,1,0
2,643,-381,-1,0
2,644,-380,1,0
2,645,-379,1,0
2,646,-378,-1,0
2,647,-377,1,0
2,648,-376,1,0
2,649,-375,1,0
2,650,-374,1,0
2,651,-373,-1,0
2,652,-372,-1,0
2,653,-371,-1,0
2,654,-370,1,0
2,655,-369,-1,0
2,656,-368,1,0
2,657,-367,1,0
2,658,-366,1,0
2,659,-365,-1,0
2,660,-364,1,0
2,661,-363,1,0
2,662,-362,-1,0
2,663,-361,1,0
2,664,-360,-1,0
2,665,-359,-1,0
2,666,-358,-1,0
2,667,-357,1,0
2,668,-356,1,0
2,669,-355,1,0
2,670,-354,-1,0
2,671,-353,1,0
2,672,-352,1,0
2,673,-351,1,0
2,674,-350,1,0
2,675,-349,-1,0
2,676,-348,1,0
2,677,-347,1,0
2,678,-346,-1,0
2,679,-345,1,0
2,680,-344,1,0
2,681,-343,1,0
2,682,-342,1,0
2,683,-341,-1,0
2,684,-340,-1,0
2,685,-339,-1,0
2,686,-338,1,0
2,687,-337,-1,0
2,688,-336,-1,0
2,689,-335,-1,0
2,690,-334,-1,0
2,691,-333,1,0
2,692,-332,-1,0
2,693,-331,-1,0
2,694,-330,1,0
2,695,-329,-1,0
2,696,-328,1,0
2,697,-327,1,0
2,698,-326,1,0
2,699,-325,-1,0
2,700,-324,-1,0
2,701,-323,-1,0
2,702,-322,1,0
2,703,-321,-1,0
2,704,-320,-1,0
2,705,-319,-1,0
2,706,-318,-1,0
2,707,-317,1,0
2,708,-316,-1,0
2,709,-315,-1,0
2,710,-314,1,0
2,711,-313,-1,0
2,712,-312,-1,0
2,713,-311,-1,0
2,714,-310,-1,0
2,715,-309,1,0
2,716,-308,1,0
2,717,-307,1,0
2,718,-306,-1,0
2,719,-305,1,0
2,720,-304,-1,0
2,721,-303,-1,0
2,722,-302,-1,0
2,723,-301,1,0
2,724,-300,-1,0
2,725,-299,-1,0
2,726,-298,1,0
2,727,-297,-1,0
2,728,-296,1,0
2,729,-295,1,0
2,730,-294,1,0
2,731,-293,-1,0
2,732,-292,-1,0
2,733,-291,-1,0
2,734,-290,1,0
2,735,-289,-1,0
2,736,-288,1,0
2,737,-287,1,0
2,738,-286,1,0
2,739,-285,-1,0
2,740,-284,1,0
2,741,-283,1,0
2,742,-282,-1,0
2,743,-281,1,0
2,744,-280,1,0
2,745,-279,1,0
2,746,-278,1,0
2,747,-277,-1,0
2,748,-276,-1,0
2,749,-275,-1,0
2,750,-274,1,0
2,751,-273,-1,0
2,752,-272,-1,0
2,753,-271,-1,0
2,754,-270,-1,0
2,755,-269,1,0
2,756,-268,-1,0
2,757,-267,-1,0
2,758,-266,1,0
2,759,-265,-1,0
2,760,-264,1,0
2,761,-263,1,0
2,762,-262,1,0
2,763,-261,-1,0
2,764,-260,-1,0
2,765,-259,-1,0
2,766,-258,1,0
2,767,-257,-1,0
2,768,-256,-1,0
2,769,-255,-1,0
2,770,-254,-1,0
2,771,-253,1,0
2,772,-252,-1,0
2,773,-251,-1,0
2,774,-250,1,0
2,775,-249,-1,0
2,776,-248,-1,0
2,777,-247,-1,0
2,778,-246,-1,0
2,779,-245,1,0
2,780,-244,1,0
2,781,-243,1,0
2,782,-242,-1,0
2,783,-241,1,0
2,784,-240,-1,0
2,785,-239,-1,0
2,786,-238,-1,0
2,787,-237,1,0
2,788,-236,-1,0
2,789,-235,-1,0
2,790,-234,1,0
2,791,-233,-1,0
2,792,-232,1,0
2,793,-231,1,0
2,794,-230,1,0
2,795,-229,-1,0
2,796,-228,-1,0
2,797,-227,-1,0
2,798,-226,1,0
2,799,-225,-1,0
2,800,-224,-1,0
2,801,-223,-1,0
2,802,-222,-1,0
2,803,-221,1,0
2,804,-220,-1,0
2,805,-219,-1,0
2,806,-218,1,0
2,807,-217,-1,0
2,808,-216,-1,0
2,809,-215,-1,0
2,810,-214,-1,0
2,811,-213,1,0
2,812,-212,1,0
2,813,-211,1,0
2,814,-210,-1,0
2,815,-209,1,0
2,816,-208,1,0
2,817,-207,1,0
2,818,-206,1,0
2,819,-205,-1,0
2,820,-204,1,0
2,821,-203,1,0
2,822,-202,-1,0
2,823,-201,1,0
2,824,-200,-1,0
2,825,-199,-1,0
2,826,-198,-1,0
2,827,-197,1,0
2,828,-196,1,0
2,829,-195,1,0
2,830,-194,-1,0
2,831,-193,1,0
2,832,-192,-1,0
2,833,-191,-1,0
2,834,-190,-1,0
2,835,-189,1,0
2,836,-188,-1,0
2,837,-187,-1,0
2,838,-186,1,0
2,839,-185,-1,0
2,840,-184,-1,0
2,841,-183,-1,0
2,842,-182,-1,0
2,843,-181,1,0
2,844,-180,1,0
2,845,-179,1,0
2,846,-178,-1,0
2,847,-177,1,0
2,848,-176,-1,0
2,849,-175,-1,0
2,850,-174,-1,0
2,851,-173,1,0
2,852,-172,-1,0
2,853,-171,-1,0
2,854,-170,1,0
2,855,-169,-1,0
2,856,-168,1,0
2,857,-167,1,0
2,858,-166,1,0
2,859,-165,-1,0
2,860,-164,-1,0
2,861,-163,-1,0
2,862,-162,1,0
2,863,-161,-1,0
2,864,-160,1,0
2,865,-159,1,0
2,866,-158,1,0
2,867,-157,-1,0
2,868,-156,1,0
2,869,-155,1,0
2,870,-154,-1,0
2,871,-153,1,0
2,872,-152,1,0
2,873,-151,1,0
2,874,-150,1,0
2,875,-149,-1,0
2,876,-148,-1,0
2,877,-147,-1,0
2,878,-146,1,0
2,879,-145,-1,0
2,880,-144,-1,0
2,881,-143,-1,0
2,882,-142,-1,0
2,883,-141,1,0
2,884,-140,-1,0
2,885,-139,-1,0
2,886,-138,1,0
2,887,-137,-1,0
2,888,-136,1,0
2,889,-135,1,0
2,890,-134,1,0
2,891,-133,-1,0
2,892,-132,-1,0
2,893,-131,-1,0
2,894,-130,1,0
2,895,-129,-1,0
2,896,-128,1,0
2,897,-127,1,0
2,898,-126,1,0
2,899,-125,-1,0
2,900,-124,1,0
2,901,-123,1,0
2,902,-122,-1,0
2,903,-121,1,0
2,904,-120,1,0
2,905,-119,1,0
2,906,-118,1,0
2,907,-117,-1,0
2,908,-116,-1,0
2,909,-115,-1,0
2,910,-114,1,0
2,911,-113,-1,0
2,912,-112,1,0
2,913,-111,1,0
2,914,-110,1,0
2,915,-109,-1,0
2,916,-108,1,0
2,917,-107,1,0
2,918,-106,-1,0
2,919,-105,1,0
2,920,-104,-1,0
2,921,-103,-1,0
2,922,-102,-1,0
2,923,-101,1,0
2,924,-100,1,0
2,925,-99,1,0
2,926,-98,-1,0
2,927,-97,1,0
2,928,-96,1,0
2,929,-95,1,0
2,930,-94,1,0
2,931,-93,-1,0
2,932,-92,1,0
2,933,-91,1,0
2,934,-90,-1,0
2,935,-89,1,0
2,936,-88,1,0
2,937,-87,1,0
2,938,-86,1,0
2,939,-85,-1,0
2,940,-84,-1,0
2,941,-83,-1,0
2,942,-82,1,0
2,943,-81,-1,0
2,944,-80,-1,0
2,945,-79,-1,0
2,946,-78,-1,0
2,947,-77,1,0
2,948,-76,-1,0
2,949,-75,-1,0
2,950,-74,1,0
2,951,-73,-1,0
2,952,-72,1,0
2,953,-71,1,0
2,954,-70,1,0
2,955,-69,-1,0
2,956,-68,-1,0
2,957,-67,-1,0
2,958,-66,1,0
2,959,-65,-1,0
2,960,-64,-1,0
2,961,-63,-1,0
2,962,-62,-1,0
2,963,-61,1,0
2,964,-60,-1,0
2,965,-59,-1,0
2,966,-58,1,0
2,967,-57,-1,0
2,968,-56,-1,0
2,969,-55,-1,0
2,970,-54,-1,0
2,971,-53,1,0
2,972,-52,1,0
2,973,-51,1,0
2,974,-50,-1,0
2,975,-49,1,0
2,976,-48,-1,0
2,977,-47,-1,0
2,978,-46,-1,0
2,979,-45,1,0
2,980,-44,-1,0
2,981,-43,-1,0
2,982,-42,1,0
2,983,-41,-1,0
2,984,-40,1,0
2,985,-39,1,0
2,986,-38,1,0
2,987,-37,-1,0
2,988,-36,-1,0
2,989,-35,-1,0
2,990,-34,1,0
2,991,-33,-1,0
2,992,-32,1,0
2,993,-31,1,0
2,994,-30,1,0
2,995,-29,-1,0
2,996,-28,1,0
2,997,-27,1,0
2,998,-26,-1,0
2,999,-25,1,0
2,1000,-24,1,0
2,1001,-23,1,0
2,1002,-22,1,0
2,1003,-21,-1,0
2,1004,-20,-1,0
2,1005,-19,-1,0
2,1006,-18,1,0
2,1007,-17,-1,0
2,1008,-16,-1,0
2,1009,-15,-1,0
2,1010,-14,-1,0
2,1011,-13,1,0
2,1012,-12,-1,0
2,1013,-11,-1,0
2,1014,-10,1,0
2,1015,-9,-1,0
2,1016,-8,1,0
2,1017,-7,1,0
2,1018,-6,1,0
2,1019,-5,-1,0
2,1020,-4,-1,0
2,1021,-3,-1,0
2,1022,-2,1,0
2,1023,-1,-1,0
3,0,0,1,0
3,1,1,1,0
3,2,2,1,0
3,3,3,-1,0
3,4,4,1,0
3,5,5,1,0
3,6,6,-1,0
3,7,7,1,0
3,8,8,1,0
3,9,9,1,0
3,10,10,1,0
3,11,11,-1,0
3,12,12,-1,0
3,13,13,-1,0
3,14,14,1,0
3,15,15,-1,0
3,16,16,1,0
3,17,17,1,0
3,18,18,1,0
3,19,19,-1,0
3,20,20,1,0
3,21,21,1,0
3,22,22,-1,0
3,23,23,1,0
3,24,24,-1,0
3,25,25,-1,0
3,26,26,-1,0
3,27,27,1,0
3,28,28,1,0
3,29,29,1,0
3,30,30,-1,0
3,31,31,1,0
3,32,32,1,0
3,33,33,1,0
3,34,34,1,0
3,35,35,-1,0
3,36,36,1,0
3,37,37,1,0
3,38,38,-1,0
3,39,39,1,0
3,40,40,1,0
3,41,41,1,0
3,42,42,1,0
3,43,43,-1,0
3,44,44,-1,0
3,45,45,-1,0
3,46,46,1,0
3,47,47,-1,0
3,48,48,-1,0
3,49,49,-1,0
3,50,50,-1,0
3,51,51,1,0
3,52,52,-1,0
3,53,53,-1,0
3,54,54,1,0
3,55,55,-1,0
3,56,56,1,0
3,57,57,1,0
3,58,58,1,0
3,59,59,-1,0
3,60,60,-1,0
3,61,61,-1,0
3,62,62,1,0
3,63,63,-1,0
3,64,64,1,0
3,65,65,1,0
3,66,66,1,0
3,67,67,-1,0
3,68,68,1,0
3,69,69,1,0
3,70,70,-1,0
3,71,71,1,0
3,72,72,1,0
3,73,73,1,0
3,74,74,1,0
3,75,75,-1,0
3,76,76,-1,0
3,77,77,-1,0
3,78,78,1,0
3,79,79,-1,0
3,80,80,1,0
3,81,81,1,0
3,82,82,1,0
3,83,83,-1,0
3,84,84,1,0
3,85,85,1,0
3,86,86,-1,0
3,87,87,1,0
3,88,88,-1,0
3,89,89,-1,0
3,90,90,-1,0
3,91,91,1,0
3,92,92,1,0
3,93,93,1,0
3,94,94,-1,0
3,95,95,1,0
3,96,96,-1,0
3,97,97,-1,0
3,98,98,-1,0
3,99,99,1,0
3,100,100,-1,0
3,101,101,-1,0
3,102,102,1,0
3,103,103,-1,0
3,104,104,-1,0
3,105,105,-1,0
3,106,106,-1,0
3,107,107,1,0
3,108,108,1,0
3,109,109,1,0
3,110,110,-1,0
3,111,111,1,0
3,112,112,1,0
3,113,113,1,0
3,114,114,1,0
3,115,115,-1,0
3,116,116,1,0
3,117,117,1,0
3,118,118,-1,0
3,119,119,1,0
3,120,120,-1,0
3,121,121,-1,0
3,122,122,-1,0
3,123,123,1,0
3,124,124,1,0
3,125,125,1,0
3,126,126,-1,0
3,127,127,1,0
3,128,128,1,0
3,129,129,1,0
3,130,130,1,0
3,131,131,-1,0
3,132,132,1,0
3,133,133,1,0
3,134,134,-1,0
3,135,135,1,0
3,136,136,1,0
3,137,137,1,0
3,138,138,1,0
3,139,139,-1,0
3,140,140,-1,0
3,141,141,-1,0
3,142,142,1,0
3,143,143,-1,0
3,144,144,1,0
3,145,145,1,0
3,146,146,1,0
3,147,147,-1,0
3,148,148,1,0
3,149,149,1,0
3,150,150,-1,0
3,151,151,1,0
3,152,152,-1,0
3,153,153,-1,0
3,154,154,-1,0
3,155,155,1,0
3,156,156,1,0
3,157,157,1,0
3,158,158,-1,0
3,159,159,1,0
3,160,160,1,0
3,161,161,1,0
3,162,162,1,0
3,163,163,-1,0
3,164,164,1,0
3,165,165,1,0
3,166,166,-1,0
3,167,167,1,0
3,168,168,1,0
3,169,169,1,0
3,170,170,1,0
3,171,171,-1,0
3,172,172,-1,0
3,173,173,-1,0
3,174,174,1,0
3,175,175,-1,0
3,176,176,-1,0
3,177,177,-1,0
3,178,178,-1,0
3,179,179,1,0
3,180,180,-1,0
3,181,181,-1,0
3,182,182,1,0
3,183,183,-1,0
3,184,184,1,0
3,185,185,1,0
3,186,186,1,0
3,187,187,-1,0
3,188,188,-1,0
3,189,189,-1,0
3,190,190,1,0
3,191,191,-1,0
3,192,192,-1,0
3,193,193,-1,0
3,194,194,-1,0
3,195,195,1,0
3,196,196,-1,0
3,197,197,-1,0
3,198,198,1,0
3,199,199,-1,0
3,200,200,-1,0
3,201,201,-1,0
3,202,202,-1,0
3,203,203,1,0
3,204,204,1,0
3,205,205,1,0
3,206,206,-1,0
3,207,207,1,0
3,208,208,-1,0
3,209,209,-1,0
3,210,210,-1,0
3,211,211,1,0
3,212,212,-1,0
3,213,213,-1,0
3,214,214,1,0
3,215,215,-1,0
3,216,216,1,0
3,217,217,1,0
3,218,218,1,0
3,219,219,-1,0
3,220,220,-1,0
3,221,221,-1,0
3,222,222,1,0
3,223,223,-1,0
3,224,224,1,0
3,225,225,1,0
3,226,226,1,0
3,227,227,-1,0
3,228,228,1,0
3,229,229,1,0
3,230,230,-1,0
3,231,231,1,0
3,232,232,1,0
3,233,233,1,0
3,234,234,1,0
3,235,235,-1,0
3,236,236,-1,0
3,237,237,-1,0
3,238,238,1,0
3,239,239,-1,0
3,240,240,-1,0
3,241,241,-1,0
3,242,242,-1,0
3,243,243,1,0
3,244,244,-1,0
3,245,245,-1,0
3,246,246,1,0
3,247,247,-1,0
3,248,248,1,0
3,249,249,1,0
3,250,250,1,0
3,251,251,-1,0
3,252,252,-1,0
3,253,253,-1,0
3,254,254,1,0
3,255,255,-1,0
3,256,256,1,0
3,257,257,1,0
3,258,258,1,0
3,259,259,-1,0
3,260,260,1,0
3,261,261,1,0
3,262,262,-1,0
3,263,263,1,0
3,264,264,1,0
3,265,265,1,0
3,266,266,1,0
3,267,267,-1,0
3,268,268,-1,0
3,269,269,-1,0
3,270,270,1,0
3,271,271,-1,0
3,272,272,1,0
3,273,273,1,0
3,274,274,1,0
3,275,275,-1,0
3,276,276,1,0
3,277,277,1,0
3,278,278,-1,0
3,279,279,1,0
3,280,280,-1,0
3,281,281,-1,0
3,282,282,-1,0
3,283,283,1,0
3,284,284,1,0
3,285,285,1,0
3,286,286,-1,0
3,287,287,1,0
3,288,288,1,0
3,289,289,1,0
3,290,290,1,0
3,291,291,-1,0
3,292,292,1,0
3,293,293,1,0
3,294,294,-1,0
3,295,295,1,0
3,296,296,1,0
3,297,297,1,0
3,298,298,1,0
3,299,299,-1,0
3,300,300,-1,0
3,301,301,-1,0
3,302,302,1,0
3,303,303,-1,0
3,304,304,-1,0
3,305,305,-1,0
3,306,306,-1,0
3,307,307,1,0
3,308,308,-1,0
3,309,309,-1,0
3,310,310,1,0
3,311,311,-1,0
3,312,312,1,0
3,313,313,1,0
3,314,314,1,0
3,315,315,-1,0
3,316,316,-1,0
3,317,317,-1,0
3,318,318,1,0
3,319,319,-1,0
3,320,320,1,0
3,321,321,1,0
3,322,322,1,0
3,323,323,-1,0
3,324,324,1,0
3,325,325,1,0
3,326,326,-1,0
3,327,327,1,0
3,328,328,1,0
3,329,329,1,0
3,330,330,1,0
3,331,331,-1,0
3,332,332,-1,0
3,333,333,-1,0
3,334,334,1,0
3,335,335,-1,0
3,336,336,1,0
3,337,337,1,0
3,338,338,1,0
3,339,339,-1,0
3,340,340,1,0
3,341,341,1,0
3,342,342,-1,0
3,343,343,1,0
3,344,344,-1,0
3,345,345,-1,0
3,346,346,-1,0
3,347,347,1,0
3,348,348,1,0
3,349,349,1,0
3,350,350,-1,0
3,351,351,1,0
3,352,352,-1,0
3,353,353,-1,0
3,354,354,-1,0
3,355,355,1,0
3,356,356,-1,0
3,357,357,-1,0
3,358,358,1,0
3,359,359,-1,0
3,360,360,-1,0
3,361,361,-1,0
3,362,362,-1,0
3,363,363,1,0
3,364,364,1,0
3,365,365,1,0
3,366,366,-1,0
3,367,367,1,0
3,368,368,1,0
3,369,369,1,0
3,370,370,1,0
3,371,371,-1,0
3,372,372,1,0
3,373,373,1,0
3,374,374,-1,0
3,375,375,1,0
3,376,376,-1,0
3,377,377,-1,0
3,378,378,-1,0
3,379,379,1,0
3,380,380,1,0
3,381,381,1,0
3,382,382,-1,0
3,383,383,1,0
3,384,384,-1,0
3,385,385,-1,0
3,386,386,-1,0
3,387,387,1,0
3,388,388,-1,0
3,389,389,-1,0
3,390,390,1,0
3,391,391,-1,0
3,392,392,-1,0
3,393,393,-1,0
3,394,394,-1,0
3,395,395,1,0
3,396,396,1,0
3,397,397,1,0
3,398,398,-1,0
3,399,399,1,0
3,400,400,-1,0
3,401,401,-1,0
3,402,402,-1,0
3,403,403,1,0
3,404,404,-1,0
3,405,405,-1,0
3,406,406,1,0
3,407,407,-1,0
3,408,408,1,0
3,409,409,1,0
3,410,410,1,0
3,411,411,-1,0
3,412,412,-1,0
3,413,413,-1,0
3,414,414,1,0
3,415,415,-1,0
3,416,416,-1,0
3,417,417,-1,0
3,418,418,-1,0
3,419,419,1,0
3,420,420,-1,0
3,421,421,-1,0
3,422,422,1,0
3,423,423,-1,0
3,424,424,-1,0
3,425,425,-1,0
3,426,426,-1,0
3,427,427,1,0
3,428,428,1,0
3,429,429,1,0
3,430,430,-1,0
3,431,431,1,0
3,432,432,1,0
3,433,433,1,0
3,434,434,1,0
3,435,435,-1,0
3,436,436,1,0
3,437,437,1,0
3,438,438,-1,0
3,439,439,1,0
3,440,440,-1,0
3,441,441,-1,0
3,442,442,-1,0
3,443,443,1,0
3,444,444,1,0
3,445,445,1,0
3,446,446,-1,0
3,447,447,1,0
3,448,448,1,0
3,449,449,1,0
3,450,450,1,0
3,451,451,-1,0
3,452,452,1,0
3,453,453,1,0
3,454,454,-1,0
3,455,455,1,0
3,456,456,1,0
3,457,457,1,0
3,458,458,1,0
3,459,459,-1,0
3,460,460,-1,0
3,461,461,-1,0
3,462,462,1,0
3,463,463,-1,0
3,464,464,1,0
3,465,465,1,0
3,466,466,1,0
3,467,467,-1,0
3,468,468,1,0
3,469,469,1,0
3,470,470,-1,0
3,471,471,1,0
3,472,472,-1,0
3,473,473,-1,0
3,474,474,-1,0
3,475,475,1,0
3,476,476,1,0
3,477,477,1,0
3,478,478,-1,0
3,479,479,1,0
3,480,480,-1,0
3,481,481,-1,0
3,482,482,-1,0
3,483,483,1,0
3,484,484,-1,0
3,485,485,-1,0
3,486,486,1,0
3,487,487,-1,0
3,488,488,-1,0
3,489,489,-1,0
3,490,490,-1,0
3,491,491,1,0
3,492,492,1,0
3,493,493,1,0
3,494,494,-1,0
3,495,495,1,0
3,496,496,1,0
3,497,497,1,0
3,498,498,1,0
3,499,499,-1,0
3,500,500,1,0
3,501,501,1,0
3,502,502,-1,0
3,503,503,1,0
3,504,504,-1,0
3,505,505,-1,0
3,506,506,-1,0
3,507,507,1,0
3,508,508,1,0
3,509,509,1,0
3,510,510,-1,0
3,511,511,1,0
3,512,-512,-1,0
3,513,-511,-1,0
3,514,-510,-1,0
3,515,-509,1,0
3,516,-508,-1,0
3,517,-507,-1,0
3,518,-506,1,0
3,519,-505,-1,0
3,520,-504,-1,0
3,521,-503,-1,0
3,522,-502,-1,0
3,523,-501,1,0
3,524,-500,1,0
3,525,-499,1,0
3,526,-498,-1,0
3,527,-497,1,0
3,528,-496,-1,0
3,529,-495,-1,0
3,530,-494,-1,0
3,531,-493,1,0
3,532,-492,-1,0
3,533,-491,-1,0
3,534,-490,1,0
3,535,-489,-1,0
3,536,-488,1,0
3,537,-487,1,0
3,538,-486,1,0
3,539,-485,-1,0
3,540,-484,-1,0
3,541,-483,-1,0
3,542,-482,1,0
3,543,-481,-1,0
3,544,-480,-1,0
3,545,-479,-1,0
3,546,-478,-1,0
3,547,-477,1,0
3,548,-476,-1,0
3,549,-475,-1,0
3,550,-474,1,0
3,551,-473,-1,0
3,552,-472,-1,0
3,553,-471,-1,0
3,554,-470,-1,0
3,555,-469,1,0
3,556,-468,1,0
3,557,-467,1,0
3,558,-466,-1,0
3,559,-465,1,0
3,560,-464,1,0
3,561,-463,1,0
3,562,-462,1,0
3,563,-461,-1,0
3,564,-460,1,0
3,565,-459,1,0
3,566,-458,-1,0
3,567,-457,1,0
3,568,-456,-1,0
3,569,-455,-1,0
3,570,-454,-1,0
3,571,-453,1,0
3,572,-452,1,0
3,573,-451,1,0
3,574,-450,-1,0
3,575,-449,1,0
3,576,-448,-1,0
3,577,-447,-1,0
3,578,-446,-1,0
3,579,-445,1,0
3,580,-444,-1,0
3,581,-443,-1,0
3,582,-442,1,0
3,583,-441,-1,0
3,584,-440,-1,0
3,585,-439,-1,0
3,586,-438,-1,0
3,587,-437,1,0
3,588,-436,1,0
3,589,-435,1,0
3,590,-434,-1,0
3,591,-433,1,0
3,592,-432,-1,0
3,593,-431,-1,0
3,594,-430,-1,0
3,595,-429,1,0
3,596,-428,-1,0
3,597,-427,-1,0
3,598,-426,1,0
3,599,-425,-1,0
3,600,-424,1,0
3,601,-423,1,0
3,602,-422,1,0
3,603,-421,-1,0
3,604,-420,-1,0
3,605,-419,-1,0
3,606,-418,1,0
3,607,-417,-1,0
3,608,-416,1,0
3,609,-415,1,0
3,610,-414,1,0
3,611,-413,-1,0
3,612,-412,1,0
3,613,-411,1,0
3,614,-410,-1,0
3,615,-409,1,0
3,616,-408,1,0
3,617,-407,1,0
3,618,-406,1,0
3,619,-405,-1,0
3,620,-404,-1,0
3,621,-403,-1,0
3,622,-402,1,0
3,623,-401,-1,0
3,624,-400,-1,0
3,625,-399,-1,0
3,626,-398,-1,0
3,627,-397,1,0
3,628,-396,-1,0
3,629,-395,-1,0
3,630,-394,1,0
3,631,-393,-1,0
3,632,-392,1,0
3,633,-391,1,0
3,634,-390,1,0
3,635,-389,-1,0
3,636,-388,-1,0
3,637,-387,-1,0
3,638,-386,1,0
3,639,-385,-1,0
3,640,-384,-1,0
3,641,-383,-1,0
3,642,-382,-1,0
3,643,-381,1,0
3,644,-380,-1,0
3,645,-379,-1,0
3,646,-378,1,0
3,647,-377,-1,0
3,648,-376,-1,0
3,649,-375,-1,0
3,650,-374,-1,0
3,651,-373,1,0
3,652,-372,1,0
3,653,-371,1,0
3,654,-370,-1,0
3,655,-369,1,0
3,656,-368,-1,0
3,657,-367,-1,0
3,658,-366,-1,0
3,659,-365,1,0
3,660,-364,-1,0
3,661,-363,-1,0
3,662,-362,1,0
3,663,-361,-1,0
3,664,-360,1,0
3,665,-359,1,0
3,666,-358,1,0
3,667,-357,-1,0
3,668,-356,-1,0
3,669,-355,-1,0
3,670,-354,1,0
3,671,-353,-1,0
3,672,-352,-1,0
3,673,-351,-1,0
3,674,-350,-1,0
3,675,-349,1,0
3,676,-348,-1,0
3,677,-347,-1,0
3,678,-346,1,0
3,679,-345,-1,0
3,680,-344,-1,0
3,681,-343,-1,0
3,682,-342,-1,0
3,683,-341,1,0
3,684,-340,1,0
3,685,-339,1,0
3,686,-338,-1,0
3,687,-337,1,0
3,688,-336,1,0
3,689,-335,1,0
3,690,-334,1,0
3,691,-333,-1,0
3,692,-332,1,0
3,693,-331,1,0
3,694,-330,-1,0
3,695,-329,1,0
3,696,-328,-1,0
3,697,-327,-1,0
3,698,-326,-1,0
3,699,-325,1,0
3,700,-324,1,0
3,701,-323,1,0
3,702,-322,-1,0
3,703,-321,1,0
3,704,-320,1,0
3,705,-319,1,0
3,706,-318,1,0
3,707,-317,-1,0
3,708,-316,1,0
3,709,-315,1,0
3,710,-314,-1,0
3,711,-313,1,0
3,712,-312,1,0
3,713,-311,1,0
3,714,-310,1,0
3,715,-309,-1,0
3,716,-308,-1,0
3,717,-307,-1,0
3,718,-306,1,0
3,719,-305,-1,0
3,720,-304,1,0
3,721,-303,1,0
3,722,-302,1,0
3,723,-301,-1,0
3,724,-300,1,0
3,725,-299,1,0
3,726,-298,-1,0
3,727,-297,1,0
3,728,-296,-1,0
3,729,-295,-1,0
3,730,-294,-1,0
3,731,-293,1,0
3,732,-292,1,0
3,733,-291,1,0
3,734,-290,-1,0
3,735,-289,1,0
3,736,-288,-1,0
3,737,-287,-1,0
3,738,-286,-1,0
3,739,-285,1,0
3,740,-284,-1,0
3,741,-283,-1,0
3,742,-282,1,0
3,743,-281,-1,0
3,744,-280,-1,0
3,745,-279,-1,0
3,746,-278,-1,0
3,747,-277,1,0
3,748,-276,1,0
3,749,-275,1,0
3,750,-274,-1,0
3,751,-273,1,0
3,752,-272,1,0
3,753,-271,1,0
3,754,-270,1,0
3,755,-269,-1,0
3,756,-268,1,0
3,757,-267,1,0
3,758,-266,-1,0
3,759,-265,1,0
3,760,-264,-1,0
3,761,-263,-1,0
3,762,-262,-1,0
3,763,-261,1,0
3,764,-260,1,0
3,765,-259,1,0
3,766,-258,-1,0
3,767,-257,1,0
3,768,-256,1,0
3,769,-255,1,0
3,770,-254,1,0
3,771,-253,-1,0
3,772,-252,1,0
3,773,-251,1,0
3,774,-250,-1,0
3,775,-249,1,0
3,776,-248,1,0
3,777,-247,1,0
3,778,-246,1,0
3,779,-245,-1,0
3,780,-244,-1,0
3,781,-243,-1,0
3,782,-242,1,0
3,783,-241,-1,0
3,784,-240,1,0
3,785,-239,1,0
3,786,-238,1,0
3,787,-237,-1,0
3,788,-236,1,0
3,789,-235,1,0
3,790,-234,-1,0
3,791,-233,1,0
3,792,-232,-1,0
3,793,-231,-1,0
3,794,-230,-1,0
3,795,-229,1,0
3,796,-228,1,0
3,797,-227,1,0
3,798,-226,-1,0
3,799,-225,1,0
3,800,-224,1,0
3,801,-223,1,0
3,802,-222,1,0
3,803,-221,-1,0
3,804,-220,1,0
3,805,-219,1,0
3,806,-218,-1,0
3,807,-217,1,0
3,808,-216,1,0
3,809,-215,1,0
3,810,-214,1,0
3,811,-213,-1,0
3,812,-212,-1,0
3,813,-211,-1,0
3,814,-210,1,0
3,815,-209,-1,0
3,816,-208,-1,0
3,817,-207,-1,0
3,818,-206,-1,0
3,819,-205,1,0
3,820,-204,-1,0
3,821,-203,-1,0
3,822,-202,1,0
3,823,-201,-1,0
3,824,-200,1,0
3,825,-199,1,0
3,826,-198,1,0
3,827,-197,-1,0
3,828,-196,-1,0
3,829,-195,-1,0
3,830,-194,1,0
3,831,-193,-1,0
3,832,-192,1,0
3,833,-191,1,0
3,834,-190,1,0
3,835,-189,-1,0
3,836,-188,1,0
3,837,-187,1,0
3,838,-186,-1,0
3,839,-185,1,0
3,840,-184,1,0
3,841,-183,1,0
3,842,-182,1,0
3,843,-181,-1,0
3,844,-180,-1,0
3,845,-179,-1,0
3,846,-178,1,0
3,847,-177,-1,0
3,848,-176,1,0
3,849,-175,1,0
3,850,-174,1,0
3,851,-173,-1,0
3,852,-172,1,0
3,853,-171,1,0
3,854,-170,-1,0
3,855,-169,1,0
3,856,-168,-1,0
3,857,-167,-1,0
3,858,-166,-1,0
3,859,-165,1,0
3,860,-164,1,0
3,861,-163,1,0
3,862,-162,-1,0
3,863,-161,1,0
3,864,-160,-1,0
3,865,-159,-1,0
3,866,-158,-1,0
3,867,-157,1,0
3,868,-156,-1,0
3,869,-155,-1,0
3,870,-154,1,0
3,871,-153,-1,0
3,872,-152,-1,0
3,873,-151,-1,0
3,874,-150,-1,0
3,875,-149,1,0
3,876,-148,1,0
3,877,-147,1,0
3,878,-146,-1,0
3,879,-145,1,0
3,880,-144,1,0
3,881,-143,1,0
3,882,-142,1,0
3,883,-141,-1,0
3,884,-140,1,0
3,885,-139,1,0
3,886,-138,-1,0
3,887,-137,1,0
3,888,-136,-1,0
3,889,-135,-1,0
3,890,-134,-1,0
3,891,-133,1,0
3,892,-132,1,0
3,893,-131,1,0
3,894,-130,-1,0
3,895,-129,1,0
3,896,-128,-1,0
3,897,-127,-1,0
3,898,-126,-1,0
3,899,-125,1,0
3,900,-124,-1,0
3,901,-123,-1,0
3,902,-122,1,0
3,903,-121,-1,0
3,904,-120,-1,0
3,905,-119,-1,0
3,906,-118,-1,0
3,907,-117,1,0
3,908,-116,1,0
3,909,-115,1,0
3,910,-114,-1,0
3,911,-113,1,0
3,912,-112,-1,0
3,913,-111,-1,0
3,914,-110,-1,0
3,915,-109,1,0
3,916,-108,-1,0
3,917,-107,-1,0
3,918,-106,1,0
3,919,-105,-1,0
3,920,-104,1,0
3,921,-103,1,0
3,922,-102,1,0
3,923,-101,-1,0
3,924,-100,-1,0
3,925,-99,-1,0
3,926,-98,1,0
3,927,-97,-1,0
3,928,-96,-1,0
3,929,-95,-1,0
3,930,-94,-1,0
3,931,-93,1,0
3,932,-92,-1,0
3,933,-91,-1,0
3,934,-90,1,0
3,935,-89,-1,0
3,936,-88,-1,0
3,937,-87,-1,0
3,938,-86,-1,0
3,939,-85,1,0
3,940,-84,1,0
3,941,-83,1,0
3,942,-82,-1,0
3,943,-81,1,0
3,944,-80,1,0
3,945,-79,1,0
3,946,-78,1,0
3,947,-77,-1,0
3,948,-76,1,0
3,949,-75,1,0
3,950,-74,-1,0
3,951,-73,1,0
3,952,-72,-1,0
3,953,-71,-1,0
3,954,-70,-1,0
3,955,-69,1,0
3,956,-68,1,0
3,957,-67,1,0
3,958,-66,-1,0
3,959,-65,1,0
3,960,-64,1,0
3,961,-63,1,0
3,962,-62,1,0
3,963,-61,-1,0
3,964,-60,1,0
3,965,-59,1,0
3,966,-58,-1,0
3,967,-57,1,0
3,968,-56,1,0
3,969,-55,1,0
3,970,-54,1,0
3,971,-53,-1,0
3,972,-52,-1,0
3,973,-51,-1,0
3,974,-50,1,0
3,975,-49,-1,0
3,976,-48,1,0
3,977,-47,1,0
3,978,-46,1,0
3,979,-45,-1,0
3,980,-44,1,0
3,981,-43,1,0
3,982,-42,-1,0
3,983,-41,1,0
3,984,-40,-1,0
3,985,-39,-1,0
3,986,-38,-1,0
3,987,-37,1,0
3,988,-36,1,0
3,989,-35,1,0
3,990,-34,-1,0
3,991,-33,1,0
3,992,-32,-1,0
3,993,-31,-1,0
3,994,-30,-1,0
3,995,-29,1,0
3,996,-28,-1,0
3,997,-27,-1,0
3,998,-26,1,0
3,999,-25,-1,0
3,1000,-24,-1,0
3,1001,-23,-1,0
3,1002,-22,-1,0
3,1003,-21,1,0
3,1004,-20,1,0
3,1005,-19,1,0
3,1006,-18,-1,0
3,1007,-17,1,0
3,1008,-16,1,0
3,1009,-15,1,0
3,1010,-14,1,0
3,1011,-13,-1,0
3,1012,-12,1,0
3,1013,-11,1,0
3,1014,-10,-1,0
3,1015,-9,1,0
3,1016,-8,-1,0
3,1017,-7,-1,0
3,1018,-6,-1,0
3,1019,-5,1,0
3,1020,-4,1,0
3,1021,-3,1,0
3,1022,-2,-1,0
3,1023,-1,1,0
4,0,0,1,0
4,1,1,1,0
4,2,2,1,0
4,3,3,-1,0
4,4,4,1,0
4,5,5,1,0
4,6,6,-1,0
4,7,7,1,0
4,8,8,1,0
4,9,9,1,0
4,10,10,1,0
4,11,11,-1,0
4,12,12,-1,0
4,13,13,-1,0
4,14,14,1,0
4,15,15,-1,0
4,16,16,1,0
4,17,17,1,0
4,18,18,1,0
4,19,19,-1,0
4,20,20,1,0
4,21,21,1,0
4,22,22,-1,0
4,23,23,1,0
4,24,24,-1,0
4,25,25,-1,0
4,26,26,-1,0
4,27,27,1,0
4,28,28,1,0
4,29,29,1,0
4,30,30,-1,0
4,31,31,1,0
4,32,32,1,0
4,33,33,1,0
4,34,34,1,0
4,35,35,-1,0
4,36,36,1,0
4,37,37,1,0
4,38,38,-1,0
4,39,39,1,0
4,40,40,1,0
4,41,41,1,0
4,42,42,1,0
4,43,43,-1,0
4,44,44,-1,0
4,45,45,-1,0
4,46,46,1,0
4,47,47,-1,0
4,48,48,-1,0
4,49,49,-1,0
4,50,50,-1,0
4,51,51,1,0
4,52,52,-1,0
4,53,53,-1,0
4,54,54,1,0
4,55,55,-1,0
4,56,56,1,0
4,57,57,1,0
4,58,58,1,0
4,59,59,-1,0
4,60,60,-1,0
4,61,61,-1,0
4,62,62,1,0
4,63,63,-1,0
4,64,64,1,0
4,65,65,1,0
4,66,66,1,0
4,67,67,-1,0
4,68,68,1,0
4,69,69,1,0
4,70,70,-1,0
4,71,71,1,0
4,72,72,1,0
4,73,73,1,0
4,74,74,1,0
4,75,75,-1,0
4,76,76,-1,0
4,77,77,-1,0
4,78,78,1,0
4,79,79,-1,0
4,80,80,1,0
4,81,81,1,0
4,82,82,1,0
4,83,83,-1,0
4,84,84,1,0
4,85,85,1,0
4,86,86,-1,0
4,87,87,1,0
4,88,88,-1,0
4,89,89,-1,0
4,90,90,-1,0
4,91,91,1,0
4,92,92,1,0
4,93,93,1,0
4,94,94,-1,0
4,95,95,1,0
4,96,96,-1,0
4,97,97,-1,0
4,98,98,-1,0
4,99,99,1,0
4,100,100,-1,0
4,101,101,-1,0
4,102,102,1,0
4,103,103,-1,0
4,104,104,-1,0
4,105,105,-1,0
4,106,106,-1,0
4,107,107,1,0
4,108,108,1,0
4,109,109,1,0
4,110,110,-1,0
4,111,111,1,0
4,112,112,1,0
4,113,113,1,0
4,114,114,1,0
4,115,115,-1,0
4,116,116,1,0
4,117,117,1,0
4,118,118,-1,0
4,119,119,1,0
4,120,120,-1,0
4,121,121,-1,0
4,122,122,-1,0
4,123,123,1,0
4,124,124,1,0
4,125,125,1,0
4,126,126,-1,0
4,127,127,1,0
4,128,128,1,0
4,129,129,1,0
4,130,130,1,0
4,131,131,-1,0
4,132,132,1,0
4,133,133,1,0
4,134,134,-1,0
4,135,135,1,0
4,136,136,1,0
4,137,137,1,0
4,138,138,1,0
4,139,139,-1,0
4,140,140,-1,0
4,141,141,-1,0
4,142,142,1,0
4,143,143,-1,0
4,144,144,1,0
4,145,145,1,0
4,146,146,1,0
4,147,147,-1,0
4,148,148,1,0
4,149,149,1,0
4,150,150,-1,0
4,151,151,1,0
4,152,152,-1,0
4,153,153,-1,0
4,154,154,-1,0
4,155,155,1,0
4,156,156,1,0
4,157,157,1,0
4,158,158,-1,0
4,159,159,1,0
4,160,160,1,0
4,161,161,1,0
4,162,162,1,0
4,163,163,-1,0
4,164,164,1,0
4,165,165,1,0
4,166,166,-1,0
4,167,167,1,0
4,168,168,1,0
4,169,169,1,0
4,170,170,1,0
4,171,171,-1,0
4,172,172,-1,0
4,173,173,-1,0
4,174,174,1,0
4,175,175,-1,0
4,176,176,-1,0
4,177,177,-1,0
4,178,178,-1,0
4,179,179,1,0
4,180,180,-1,0
4,181,181,-1,0
4,182,182,1,0
4,183,183,-1,0
4,184,184,1,0
4,185,185,1,0
4,186,186,1,0
4,187,187,-1,0
4,188,188,-1,0
4,189,189,-1,0
4,190,190,1,0
4,191,191,-1,0
4,192,192,-1,0
4,193,193,-1,0
4,194,194,-1,0
4,195,195,1,0
4,196,196,-1,0
4,197,197,-1,0
4,198,198,1,0
4,199,199,-1,0
4,200,200,-1,0
4,201,201,-1,0
4,202,202,-1,0
4,203,203,1,0
4,204,204,1,0
4,205,205,1,0
4,206,206,-1,0
4,207,207,1,0
4,208,208,-1,0
4,209,209,-1,0
4,210,210,-1,0
4,211,211,1,0
4,212,212,-1,0
4,213,213,-1,0
4,214,214,1,0
4,215,215,-1,0
4,216,216,1,0
4,217,217,1,0
4,218,218,1,0
4,219,219,-1,0
4,220,220,-1,0
4,221,221,-1,0
4,222,222,1,0
4,223,223,-1,0
4,224,224,1,0
4,225,225,1,0
4,226,226,1,0
4,227,227,-1,0
4,228,228,1,0
4,229,229,1,0
4,230,230,-1,0
4,231,231,1,0
4,232,232,1,0
4,233,233,1,0
4,234,234,1,0
4,235,235,-1,0
4,236,236,-1,0
4,237,237,-1,0
4,238,238,1,0
4,239,239,-1,0
4,240,240,-1,0
4,241,241,-1,0
4,242,242,-1,0
4,243,243,1,0
4,244,244,-1,0
4,245,245,-1,0
4,246,246,1,0
4,247,247,-1,0
4,248,248,1,0
4,249,249,1,0
4,250,250,1,0
4,251,251,-1,0
4,252,252,-1,0
4,253,253,-1,0
4,254,254,1,0
4,255,255,-1,0
4,256,256,1,0
4,257,257,1,0
4,258,258,1,0
4,259,259,-1,0
4,260,260,1,0
4,261,261,1,0
4,262,262,-1,0
4,263,263,1,0
4,264,264,1,0
4,265,265,1,0
4,266,266,1,0
4,267,267,-1,0
4,268,268,-1,0
4,269,269,-1,0
4,270,270,1,0
4,271,271,-1,0
4,272,272,1,0
4,273,273,1,0
4,274,274,1,0
4,275,275,-1,0
4,276,276,1,0
4,277,277,1,0
4,278,278,-1,0
4,279,279,1,0
4,280,280,-1,0
4,281,281,-1,0
4,282,282,-1,0
4,283,283,1,0
4,284,284,1,0
4,285,285,1,0
4,286,286,-1,0
4,287,287,1,0
4,288,288,1,0
4,289,289,1,0
4,290,290,1,0
4,291,291,-1,0
4,292,292,1,0
4,293,293,1,0
4,294,294,-1,0
4,295,295,1,0
4,296,296,1,0
4,297,297,1,0
4,298,298,1,0
4,299,299,-1,0
4,300,300,-1,0
4,301,301,-1,0
4,302,302,1,0
4,303,303,-1,0
4,304,304,-1,0
4,305,305,-1,0
4,306,306,-1,0
4,307,307,1,0
4,308,308,-1,0
4,309,309,-1,0
4,310,310,1,0
4,311,311,-1,0
4,312,312,1,0
4,313,313,1,0
4,314,314,1,0
4,315,315,-1,0
4,316,316,-1,0
4,317,317,-1,0
4,318,318,1,0
4,319,319,-1,0
4,320,320,1,0
4,321,321,1,0
4,322,322,1,0
4,323,323,-1,0
4,324,324,1,0
4,325,325,1,0
4,326,326,-1,0
4,327,327,1,0
4,328,328,1,0
4,329,329,1,0
4,330,330,1,0
4,331,331,-1,0
4,332,332,-1,0
4,333,333,-1,0
4,334,334,1,0
4,335,335,-1,0
4,336,336,1,0
4,337,337,1,0
4,338,338,1,0
4,339,339,-1,0
4,340,340,1,0
4,341,341,1,0
4,342,342,-1,0
4,343,343,1,0
4,344,344,-1,0
4,345,345,-1,0
4,346,346,-1,0
4,347,347,1,0
4,348,348,1,0
4,349,349,1,0
4,350,350,-1,0
4,351,351,1,0
4,352,352,-1,0
4,353,353,-1,0
4,354,354,-1,0
4,355,355,1,0
4,356,356,-1,0
4,357,357,-1,0
4,358,358,1,0
4,359,359,-1,0
4,360,360,-1,0
4,361,361,-1,0
4,362,362,-1,0
4,363,363,1,0
4,364,364,1,0
4,365,365,1,0
4,366,366,-1,0
4,367,367,1,0
4,368,368,1,0
4,369,369,1,0
4,370,370,1,0
4,371,371,-1,0
4,372,372,1,0
4,373,373,1,0
4,374,374,-1,0
4,375,375,1,0
4,376,376,-1,0
4,377,377,-1,0
4,378,378,-1,0
4,379,379,1,0
4,380,380,1,0
4,381,381,1,0
4,382,382,-1,0
4,383,383,1,0
4,384,384,-1,0
4,385,385,-1,0
4,386,386,-1,0
4,387,387,1,0
4,388,388,-1,0
4,389,389,-1,0
4,390,390,1,0
4,391,391,-1,0
4,392,392,-1,0
4,393,393,-1,0
4,394,394,-1,0
4,395,395,1,0
4,396,396,1,0
4,397,397,1,0
4,398,398,-1,0
4,399,399,1,0
4,400,400,-1,0
4,401,401,-1,0
4,402,402,-1,0
4,403,403,1,0
4,404,404,-1,0
4,405,405,-1,0
4,406,406,1,0
4,407,407,-1,0
4,408,408,1,0
4,409,409,1,0
4,410,410,1,0
4,411,411,-1,0
4,412,412,-1,0
4,413,413,-1,0
4,414,414,1,0
4,415,415,-1,0
4,416,416,-1,0
4,417,417,-1,0
4,418,418,-1,0
4,419,419,1,0
4,420,420,-1,0
4,421,421,-1,0
4,422,422,1,0
4,423,423,-1,0
4,424,424,-1,0
4,425,425,-1,0
4,426,426,-1,0
4,427,427,1,0
4,428,428,1,0
4,429,429,1,0
4,430,430,-1,0
4,431,431,1,0
4,432,432,1,0
4,433,433,1,0
4,434,434,1,0
4,435,435,-1,0
4,436,436,1,0
4,437,437,1,0
4,438,438,-1,0
4,439,439,1,0
4,440,440,-1,0
4,441,441,-1,0
4,442,442,-1,0
4,443,443,1,0
4,444,444,1,0
4,445,445,1,0
4,446,446,-1,0
4,447,447,1,0
4,448,448,1,0
4,449,449,1,0
4,450,450,1,0
4,451,451,-1,0
4,452,452,1,0
4,453,453,1,0
4,454,454,-1,0
4,455,455,1,0
4,456,456,1,0
4,457,457,1,0
4,458,458,1,0
4,459,459,-1,0
4,460,460,-1,0
4,461,461,-1,0
4,462,462,1,0
4,463,463,-1,0
4,464,464,1,0
4,465,465,1,0
4,466,466,1,0
4,467,467,-1,0
4,468,468,1,0
4,469,469,1,0
4,470,470,-1,0
4,471,471,1,0
4,472,472,-1,0
4,473,473,-1,0
4,474,474,-1,0
4,475,475,1,0
4,476,476,1,0
4,477,477,1,0
4,478,478,-1,0
4,479,479,1,0
4,480,480,-1,0
4,481,481,-1,0
4,482,482,-1,0
4,483,483,1,0
4,484,484,-1,0
4,485,485,-1,0
4,486,486,1,0
4,487,487,-1,0
4,488,488,-1,0
4,489,489,-1,0
4,490,490,-1,0
4,491,491,1,0
4,492,492,1,0
4,493,493,1,0
4,494,494,-1,0
4,495,495,1,0
4,496,496,1,0
4,497,497,1,0
4,498,498,1,0
4,499,499,-1,0
4,500,500,1,0
4,501,501,1,0
4,502,502,-1,0
4,503,503,1,0
4,504,504,-1,0
4,505,505,-1,0
4,506,506,-1,0
4,507,507,1,0
4,508,508,1,0
4,509,509,1,0
4,510,510,-1,0
4,511,511,1,0
4,512,-512,1,0
4,513,-511,1,0
4,514,-510,1,0
4,515,-509,-1,0
4,516,-508,1,0
4,517,-507,1,0
4,518,-506,-1,0
4,519,-505,1,0
4,520,-504,1,0
4,521,-503,1,0
4,522,-502,1,0
4,523,-501,-1,0
4,524,-500,-1,0
4,525,-499,-1,0
4,526,-498,1,0
4,527,-497,-1,0
4,528,-496,1,0
4,529,-495,1,0
4,530,-494,1,0
4,531,-493,-1,0
4,532,-492,1,0
4,533,-491,1,0
4,534,-490,-1,0
4,535,-489,1,0
4,536,-488,-1,0
4,537,-487,-1,0
4,538,-486,-1,0
4,539,-485,1,0
4,540,-484,1,0
4,541,-483,1,0
4,542,-482,-1,0
4,543,-481,1,0
4,544,-480,1,0
4,545,-479,1,0
4,546,-478,1,0
4,547,-477,-1,0
4,548,-476,1,0
4,549,-475,1,0
4,550,-474,-1,0
4,551,-473,1,0
4,552,-472,1,0
4,553,-471,1,0
4,554,-470,1,0
4,555,-469,-1,0
4,556,-468,-1,0
4,557,-467,-1,0
4,558,-466,1,0
4,559,-465,-1,0
4,560,-464,-1,0
4,561,-463,-1,0
4,562,-462,-1,0
4,563,-461,1,0
4,564,-460,-1,0
4,565,-459,-1,0
4,566,-458,1,0
4,567,-457,-1,0
4,568,-456,1,0
4,569,-455,1,0
4,570,-454,1,0
4,571,-453,-1,0
4,572,-452,-1,0
4,573,-451,-1,0
4,574,-450,1,0
4,575,-449,-1,0
4,576,-448,1,0
4,577,-447,1,0
4,578,-446,1,0
4,579,-445,-1,0
4,580,-444,1,0
4,581,-443,1,0
4,582,-442,-1,0
4,583,-441,1,0
4,584,-440,1,0
4,585,-439,1,0
4,586,-438,1,0
4,587,-437,-1,0
4,588,-436,-1,0
4,589,-435,-1,0
4,590,-434,1,0
4,591,-433,-1,0
4,592,-432,1,0
4,593,-431,1,0
4,594,-430,1,0
4,595,-429,-1,0
4,596,-428,1,0
4,597,-427,1,0
4,598,-426,-1,0
4,599,-425,1,0
4,600,-424,-1,0
4,601,-423,-1,0
4,602,-422,-1,0
4,603,-421,1,0
4,604,-420,1,0
4,605,-419,1,0
4,606,-418,-1,0
4,607,-417,1,0
4,608,-416,-1,0
4,609,-415,-1,0
4,610,-414,-1,0
4,611,-413,1,0
4,612,-412,-1,0
4,613,-411,-1,0
4,614,-410,1,0
4,615,-409,-1,0
4,616,-408,-1,0
4,617,-407,-1,0
4,618,-406,-1,0
4,619,-405,1,0
4,620,-404,1,0
4,621,-403,1,0
4,622,-402,-1,0
4,623,-401,1,0
4,624,-400,1,0
4,625,-399,1,0
4,626,-398,1,0
4,627,-397,-1,0
4,628,-396,1,0
4,629,-395,1,0
4,630,-394,-1,0
4,631,-393,1,0
4,632,-392,-1,0
4,633,-391,-1,0
4,634,-390,-1,0
4,635,-389,1,0
4,636,-388,1,0
4,637,-387,1,0
4,638,-386,-1,0
4,639,-385,1,0
4,640,-384,1,0
4,641,-383,1,0
4,642,-382,1,0
4,643,-381,-1,0
4,644,-380,1,0
4,645,-379,1,0
4,646,-378,-1,0
4,647,-377,1,0
4,648,-376,1,0
4,649,-375,1,0
4,650,-374,1,0
4,651,-373,-1,0
4,652,-372,-1,0
4,653,-371,-1,0
4,654,-370,1,0
4,655,-369,-1,0
4,656,-368,1,0
4,657,-367,1,0
4,658,-366,1,0
4,659,-365,-1,0
4,660,-364,1,0
4,661,-363,1,0
4,662,-362,-1,0
4,663,-361,1,0
4,664,-360,-1,0
4,665,-359,-1,0
4,666,-358,-1,0
4,667,-357,1,0
4,668,-356,1,0
4,669,-355,1,0
4,670,-354,-1,0
4,671,-353,1,0
4,672,-352,1,0
4,673,-351,1,0
4,674,-350,1,0
4,675,-349,-1,0
4,676,-348,1,0
4,677,-347,1,0
4,678,-346,-1,0
4,679,-345,1,0
4,680,-344,1,0
4,681,-343,1,0
4,682,-342,1,0
4,683,-341,-1,0
4,684,-340,-1,0
4,685,-339,-1,0
4,686,-338,1,0
4,687,-337,-1,0
4,688,-336,-1,0
4,689,-335,-1,0
4,690,-334,-1,0
4,691,-333,1,0
4,692,-332,-1,0
4,693,-331,-1,0
4,694,-330,1,0
4,695,-329,-1,0
4,696,-328,1,0
4,697,-327,1,0
4,698,-326,1,0
4,699,-325,-1,0
4,700,-324,-1,0
4,701,-323,-1,0
4,702,-322,1,0
4,703,-321,-1,0
4,704,-320,-1,0
4,705,-319,-1,0
4,706,-318,-1,0
4,707,-317,1,0
4,708,-316,-1,0
4,709,-315,-1,0
4,710,-314,1,0
4,711,-313,-1,0
4,712,-312,-1,0
4,713,-311,-1,0
4,714,-310,-1,0
4,715,-309,1,0
4,716,-308,1,0
4,717,-307,1,0
4,718,-306,-1,0
4,719,-305,1,0
4,720,-304,-1,0
4,721,-303,-1,0
4,722,-302,-1,0
4,723,-301,1,0
4,724,-300,-1,0
4,725,-299,-1,0
4,726,-298,1,0
4,727,-297,-1,0
4,728,-296,1,0
4,729,-295,1,0
4,730,-294,1,0
4,731,-293,-1,0
4,732,-292,-1,0
4,733,-291,-1,0
4,734,-290,1,0
4,735,-289,-1,0
4,736,-288,1,0
4,737,-287,1,0
4,738,-286,1,0
4,739,-285,-1,0
4,740,-284,1,0
4,741,-283,1,0
4,742,-282,-1,0
4,743,-281,1,0
4,744,-280,1,0
4,745,-279,1,0
4,746,-278,1,0
4,747,-277,-1,0
4,748,-276,-1,0
4,749,-275,-1,0
4,750,-274,1,0
4,751,-273,-1,0
4,752,-272,-1,0
4,753,-271,-1,0
4,754,-270,-1,0
4,755,-269,1,0
4,756,-268,-1,0
4,757,-267,-1,0
4,758,-266,1,0
4,759,-265,-1,0
4,760,-264,1,0
4,761,-263,1,0
4,762,-262,1,0
4,763,-261,-1,0
4,764,-260,-1,0
4,765,-259,-1,0
4,766,-258,1,0
4,767,-257,-1,0
4,768,-256,-1,0
4,769,-255,-1,0
4,770,-254,-1,0
4,771,-253,1,0
4,772,-252,-1,0
4,773,-251,-1,0
4,774,-250,1,0
4,775,-249,-1,0
4,776,-248,-1,0
4,777,-247,-1,0
4,778,-246,-1,0
4,779,-245,1,0
4,780,-244,1,0
4,781,-243,1,0
4,782,-242,-1,0
4,783,-241,1,0
4,784,-240,-1,0
4,785,-239,-1,0
4,786,-238,-1,0
4,787,-237,1,0
4,788,-236,-1,0
4,789,-235,-1,0
4,790,-234,1,0
4,791,-233,-1,0
4,792,-232,1,0
4,793,-231,1,0
4,794,-230,1,0
4,795,-229,-1,0
4,796,-228,-1,0
4,797,-227,-1,0
4,798,-226,1,0
4,799,-225,-1,0
4,800,-224,-1,0
4,801,-223,-1,0
4,802,-222,-1,0
4,803,-221,1,0
4,804,-220,-1,0
4,805,-219,-1,0
4,806,-218,1,0
4,807,-217,-1,0
4,808,-216,-1,0
4,809,-215,-1,0
4,810,-214,-1,0
4,811,-213,1,0
4,812,-212,1,0
4,813,-211,1,0
4,814,-210,-1,0
4,815,-209,1,0
4,816,-208,1,0
4,817,-207,1,0
4,818,-206,1,0
4,819,-205,-1,0
4,820,-204,1,0
4,821,-203,1,0
4,822,-202,-1,0
4,823,-201,1,0
4,824,-200,-1,0
4,825,-199,-1,0
4,826,-198,-1,0
4,827,-197,1,0
4,828,-196,1,0
4,829,-195,1,0
4,830,-194,-1,0
4,831,-193,1,0
4,832,-192,-1,0
4,833,-191,-1,0
4,834,-190,-1,0
4,835,-189,1,0
4,836,-188,-1,0
4,837,-187,-1,0
4,838,-186,1,0
4,839,-185,-1,0
4,840,-184,-1,0
4,841,-183,-1,0
4,842,-182,-1,0
4,843,-181,1,0
4,844,-180,1,0
4,845,-179,1,0
4,846,-178,-1,0
4,847,-177,1,0
4,848,-176,-1,0
4,849,-175,-1,0
4,850,-174,-1,0
4,851,-173,1,0
4,852,-172,-1,0
4,853,-171,-1,0
4,854,-170,1,0
4,855,-169,-1,0
4,856,-168,1,0
4,857,-167,1,0
4,858,-166,1,0
4,859,-165,-1,0
4,860,-164,-1,0
4,861,-163,-1,0
4,862,-162,1,0
4,863,-161,-1,0
4,864,-160,1,0
4,865,-159,1,0
4,866,-158,1,0
4,867,-157,-1,0
4,868,-156,1,0
4,869,-155,1,0
4,870,-154,-1,0
4,871,-153,1,0
4,872,-152,1,0
4,873,-151,1,0
4,874,-150,1,0
4,875,-149,-1,0
4,876,-148,-1,0
4,877,-147,-1,0
4,878,-146,1,0
4,879,-145,-1,0
4,880,-144,-1,0
4,881,-143,-1,0
4,882,-142,-1,0
4,883,-141,1,0
4,884,-140,-1,0
4,885,-139,-1,0
4,886,-138,1,0
4,887,-137,-1,0
4,888,-136,1,0
4,889,-135,1,0
4,890,-134,1,0
4,891,-133,-1,0
4,892,-132,-1,0
4,893,-131,-1,0
4,894,-130,1,0
4,895,-129,-1,0
4,896,-128,1,0
4,897,-127,1,0
4,898,-126,1,0
4,899,-125,-1,0
4,900,-124,1,0
4,901,-123,1,0
4,902,-122,-1,0
4,903,-121,1,0
4,904,-120,1,0
4,905,-119,1,0
4,906,-118,1,0
4,907,-117,-1,0
4,908,-116,-1,0
4,909,-115,-1,0
4,910,-114,1,0
4,911,-113,-1,0
4,912,-112,1,0
4,913,-111,1,0
4,914,-110,1,0
4,915,-109,-1,0
4,916,-108,1,0
4,917,-107,1,0
4,918,-106,-1,0
4,919,-105,1,0
4,920,-104,-1,0
4,921,-103,-1,0
4,922,-102,-1,0
4,923,-101,1,0
4,924,-100,1,0
4,925,-99,1,0
4,926,-98,-1,0
4,927,-97,1,0
4,928,-96,1,0
4,929,-95,1,0
4,930,-94,1,0
4,931,-93,-1,0
4,932,-92,1,0
4,933,-91,1,0
4,934,-90,-1,0
4,935,-89,1,0
4,936,-88,1,0
4,937,-87,1,0
4,938,-86,1,0
4,939,-85,-1,0
4,940,-84,-1,0
4,941,-83,-1,0
4,942,-82,1,0
4,943,-81,-1,0
4,944,-80,-1,0
4,945,-79,-1,0
4,946,-78,-1,0
4,947,-77,1,0
4,948,-76,-1,0
4,949,-75,-1,0
4,950,-74,1,0
4,951,-73,-1,0
4,952,-72,1,0
4,953,-71,1,0
4,954,-70,1,0
4,955,-69,-1,0
4,956,-68,-1,0
4,957,-67,-1,0
4,958,-66,1,0
4,959,-65,-1,0
4,960,-64,-1,0
4,961,-63,-1,0
4,962,-62,-1,0
4,963,-61,1,0
4,964,-60,-1,0
4,965,-59,-1,0
4,966,-58,1,0
4,967,-57,-1,0
4,968,-56,-1,0
4,969,-55,-1,0
4,970,-54,-1,0
4,971,-53,1,0
4,972,-52,1,0
4,973,-51,1,0
4,974,-50,-1,0
4,975,-49,1,0
4,976,-48,-1,0
4,977,-47,-1,0
4,978,-46,-1,0
4,979,-45,1,0
4,980,-44,-1,0
4,981,-43,-1,0
4,982,-42,1,0
4,983,-41,-1,0
4,984,-40,1,0
4,985,-39,1,0
4,986,-38,1,0
4,987,-37,-1,0
4,988,-36,-1,0
4,989,-35,-1,0
4,990,-34,1,0
4,991,-33,-1,0
4,992,-32,1,0
4,993,-31,1,0
4,994,-30,1,0
4,995,-29,-1,0
4,996,-28,1,0
4,997,-27,1,0
4,998,-26,-1,0
4,999,-25,1,0
4,1000,-24,1,0
4,1001,-23,1,0
4,1002,-22,1,0
4,1003,-21,-1,0
4,1004,-20,-1,0
4,1005,-19,-1,0
4,1006,-18,1,0
4,1007,-17,-1,0
4,1008,-16,-1,0
4,1009,-15,-1,0
4,1010,-14,-1,0
4,1011,-13,1,0
4,1012,-12,-1,0
4,1013,-11,-1,0
4,1014,-10,1,0
4,1015,-9,-1,0
4,1016,-8,1,0
4,1017,-7,1,0
4,1018,-6,1,0
4,1019,-5,-1,0
4,1020,-4,-1,0
4,1021,-3,-1,0
4,1022,-2,1,0
4,1023,-1,-1,0
5,0,0,1,0
5,1,1,1,0
5,2,2,1,0
5,3,3,-1,0
5,4,4,1,0
5,5,5,1,0
5,6,6,-1,0
5,7,7,1,0
5,8,8,1,0
5,9,9,1,0
5,10,10,1,0
5,11,11,-1,0
5,12,12,-1,0
5,13,13,-1,0
5,14,14,1,0
5,15,15,-1,0
5,16,16,1,0
5,17,17,1,0
5,18,18,1,0
5,19,19,-1,0
5,20,20,1,0
5,21,21,1,0
5,22,22,-1,0
5,23,23,1,0
5,24,24,-1,0
5,25,25,-1,0
5,26,26,-1,0
5,27,27,1,0
5,28,28,1,0
5,29,29,1,0
5,30,30,-1,0
5,31,31,1,0
5,32,32,1,0
5,33,33,1,0
5,34,34,1,0
5,35,35,-1,0
5,36,36,1,0
5,37,37,1,0
5,38,38,-1,0
5,39,39,1,0
5,40,40,1,0
5,41,41,1,0
5,42,42,1,0
5,43,43,-1,0
5,44,44,-1,0
5,45,45,-1,0
5,46,46,1,0
5,47,47,-1,0
5,48,48,-1,0
5,49,49,-1,0
5,50,50,-1,0
5,51,51,1,0
5,52,52,-1,0
5,53,53,-1,0
5,54,54,1,0
5,55,55,-1,0
5,56,56,1,0
5,57,57,1,0
5,58,58,1,0
5,59,59,-1,0
5,60,60,-1,0
5,61,61,-1,0
5,62,62,1,0
5,63,63,-1,0
5,64,64,1,0
5,65,65,1,0
5,66,66,1,0
5,67,67,-1,0
5,68,68,1,0
5,69,69,1,0
5,70,70,-1,0
5,71,71,1,0
5,72,72,1,0
5,73,73,1,0
5,74,74,1,0
5,75,75,-1,0
5,76,76,-1,0
5,77,77,-1,0
5,78,78,1,0
5,79,79,-1,0
5,80,80,1,0
5,81,81,1,0
5,82,82,1,0
5,83,83,-1,0
5,84,84,1,0
5,85,85,1,0
5,86,86,-1,0
5,87,87,1,0
5,88,88,-1,0
5,89,89,-1,0
5,90,90,-1,0
5,91,91,1,0
5,92,92,1,0
5,93,93,1,0
5,94,94,-1,0
5,95,95,1,0
5,96,96,-1,0
5,97,97,-1,0
5,98,98,-1,0
5,99,99,1,0
5,100,100,-1,0
5,101,101,-1,0
5,102,102,1,0
5,103,103,-1,0
5,104,104,-1,0
5,105,105,-1,0
5,106,106,-1,0
5,107,107,1,0
5,108,108,1,0
5,109,109,1,0
5,110,110,-1,0
5,111,111,1,0
5,112,112,1,0
5,113,113,1,0
5,114,114,1,0
5,115,115,-1,0
5,116,116,1,0
5,117,117,1,0
5,118,118,-1,0
5,119,119,1,0
5,120,120,-1,0
5,121,121,-1,0
5,122,122,-1,0
5,123,123,1,0
5,124,124,1,0
5,125,125,1,0
5,126,126,-1,0
5,127,127,1,0
5,128,128,1,0
5,129,129,1,0
5,130,130,1,0
5,131,131,-1,0
5,132,132,1,0
5,133,133,1,0
5,134,134,-1,0
5,135,135,1,0
5,136,136,1,0
5,137,137,1,0
5,138,138,1,0
5,139,139,-1,0
5,140,140,-1,0
5,141,141,-1,0
5,142,142,1,0
5,143,143,-1,0
5,144,144,1,0
5,145,145,1,0
5,146,146,1,0
5,147,147,-1,0
5,148,148,1,0
5,149,149,1,0
5,150,150,-1,0
5,151,151,1,0
5,152,152,-1,0
5,153,153,-1,0
5,154,154,-1,0
5,155,155,1,0
5,156,156,1,0
5,157,157,1,0
5,158,158,-1,0
5,159,159,1,0
5,160,160,1,0
5,161,161,1,0
5,162,162,1,0
5,163,163,-1,0
5,164,164,1,0
5,165,165,1,0
5,166,166,-1,0
5,167,167,1,0
5,168,168,1,0
5,169,169,1,0
5,170,170,1,0
5,171,171,-1,0
5,172,172,-1,0
5,173,173,-1,0
5,174,174,1,0
5,175,175,-1,0
5,176,176,-1,0
5,177,177,-1,0
5,178,178,-1,0
5,179,179,1,0
5,180,180,-1,0
5,181,181,-1,0
5,182,182,1,0
5,183,183,-1,0
5,184,184,1,0
5,185,185,1,0
5,186,186,1,0
5,187,187,-1,0
5,188,188,-1,0
5,189,189,-1,0
5,190,190,1,0
5,191,191,-1,0
5,192,192,-1,0
5,193,193,-1,0
5,194,194,-1,0
5,195,195,1,0
5,196,196,-1,0
5,197,197,-1,0
5,198,198,1,0
5,199,199,-1,0
5,200,200,-1,0
5,201,201,-1,0
5,202,202,-1,0
5,203,203,1,0
5,204,204,1,0
5,205,205,1,0
5,206,206,-1,0
5,207,207,1,0
5,208,208,-1,0
5,209,209,-1,0
5,210,210,-1,0
5,211,211,1,0
5,212,212,-1,0
5,213,213,-1,0
5,214,214,1,0
5,215,215,-1,0
5,216,216,1,0
5,217,217,1,0
5,218,218,1,0
5,219,219,-1,0
5,220,220,-1,0
5,221,221,-1,0
5,222,222,1,0
5,223,223,-1,0
5,224,224,1,0
5,225,225,1,0
5,226,226,1,0
5,227,227,-1,0
5,228,228,1,0
5,229,229,1,0
5,230,230,-1,0
5,231,231,1,0
5,232,232,1,0
5,233,233,1,0
5,234,234,1,0
5,235,235,-1,0
5,236,236,-1,0
5,237,237,-1,0
5,238,238,1,0
5,239,239,-1,0
5,240,240,-1,0
5,241,241,-1,0
5,242,242,-1,0
5,243,243,1,0
5,244,244,-1,0
5,245,245,-1,0
5,246,246,1,0
5,247,247,-1,0
5,248,248,1,0
5,249,249,1,0
5,250,250,1,0
5,251,251,-1,0
5,252,252,-1,0
5,253,253,-1,0
5,254,254,1,0
5,255,255,-1,0
5,256,256,1,0
5,257,257,1,0
5,258,258,1,0
5,259,259,-1,0
5,260,260,1,0
5,261,261,1,0
5,262,262,-1,0
5,263,263,1,0
5,264,264,1,0
5,265,265,1,0
5,266,266,1,0
5,267,267,-1,0
5,268,268,-1,0
5,269,269,-1,0
5,270,270,1,0
5,271,271,-1,0
5,272,272,1,0
5,273,273,1,0
5,274,274,1,0
5,275,275,-1,0
5,276,276,1,0
5,277,277,1,0
5,278,278,-1,0
5,279,279,1,0
5,280,280,-1,0
5,281,281,-1,0
5,282,282,-1,0
5,283,283,1,0
5,284,284,1,0
5,285,285,1,0
5,286,286,-1,0
5,287,287,1,0
5,288,288,1,0
5,289,289,1,0
5,290,290,1,0
5,291,291,-1,0
5,292,292,1,0
5,293,293,1,0
5,294,294,-1,0
5,295,295,1,0
5,296,296,1,0
5,297,297,1,0
5,298,298,1,0
5,299,299,-1,0
5,300,300,-1,0
5,301,301,-1,0
5,302,302,1,0
5,303,303,-1,0
5,304,304,-1,0
5,305,305,-1,0
5,306,306,-1,0
5,307,307,1,0
5,308,308,-1,0
5,309,309,-1,0
5,310,310,1,0
5,311,311,-1,0
5,312,312,1,0
5,313,313,1,0
5,314,314,1,0
5,315,315,-1,0
5,316,316,-1,0
5,317,317,-1,0
5,318,318,1,0
5,319,319,-1,0
5,320,320,1,0
5,321,321,1,0
5,322,322,1,0
5,323,323,-1,0
5,324,324,1,0
5,325,325,1,0
5,326,326,-1,0
5,327,327,1,0
5,328,328,1,0
5,329,329,1,0
5,330,330,1,0
5,331,331,-1,0
5,332,332,-1,0
5,333,333,-1,0
5,334,334,1,0
5,335,335,-1,0
5,336,336,1,0
5,337,337,1,0
5,338,338,1,0
5,339,339,-1,0
5,340,340,1,0
5,341,341,1,0
5,342,342,-1,0
5,343,343,1,0
5,344,344,-1,0
5,345,345,-1,0
5,346,346,-1,0
5,347,347,1,0
5,348,348,1,0
5,349,349,1,0
5,350,350,-1,0
5,351,351,1,0
5,352,352,-1,0
5,353,353,-1,0
5,354,354,-1,0
5,355,355,1,0
5,356,356,-1,0
5,357,357,-1,0
5,358,358,1,0
5,359,359,-1,0
5,360,360,-1,0
5,361,361,-1,0
5,362,362,-1,0
5,363,363,1,0
5,364,364,1,0
5,365,365,1,0
5,366,366,-1,0
5,367,367,1,0
5,368,368,1,0
5,369,369,1,0
5,370,370,1,0
5,371,371,-1,0
5,372,372,1,0
5,373,373,1,0
5,374,374,-1,0
5,375,375,1,0
5,376,376,-1,0
5,377,377,-1,0
5,378,378,-1,0
5,379,379,1,0
5,380,380,1,0
5,381,381,1,0
5,382,382,-1,0
5,383,383,1,0
5,384,384,-1,0
5,385,385,-1,0
5,386,386,-1,0
5,387,387,1,0
5,388,388,-1,0
5,389,389,-1,0
5,390,390,1,0
5,391,391,-1,0
5,392,392,-1,0
5,393,393,-1,0
5,394,394,-1,0
5,395,395,1,0
5,396,396,1,0
5,397,397,1,0
5,398,398,-1,0
5,399,399,1,0
5,400,400,-1,0
5,401,401,-1,0
5,402,402,-1,0
5,403,403,1,0
5,404,404,-1,0
5,405,405,-1,0
5,406,406,1,0
5,407,407,-1,0
5,408,408,1,0
5,409,409,1,0
5,410,410,1,0
5,411,411,-1,0
5,412,412,-1,0
5,413,413,-1,0
5,414,414,1,0
5,415,415,-1,0
5,416,416,-1,0
5,417,417,-1,0
5,418,418,-1,0
5,419,419,1,0
5,420,420,-1,0
5,421,421,-1,0
5,422,422,1,0
5,423,423,-1,0
5,424,424,-1,0
5,425,425,-1,0
5,426,426,-1,0
5,427,427,1,0
5,428,428,1,0
5,429,429,1,0
5,430,430,-1,0
5,431,431,1,0
5,432,432,1,0
5,433,433,1,0
5,434,434,1,0
5,435,435,-1,0
5,436,436,1,0
5,437,437,1,0
5,438,438,-1,0
5,439,439,1,0
5,440,440,-1,0
5,441,441,-1,0
5,442,442,-1,0
5,443,443,1,0
5,444,444,1,0
5,445,445,1,0
5,446,446,-1,0
5,447,447,1,0
5,448,448,1,0
5,449,449,1,0
5,450,450,1,0
5,451,451,-1,0
5,452,452,1,0
5,453,453,1,0
5,454,454,-1,0
5,455,455,1,0
5,456,456,1,0
5,457,457,1,0
5,458,458,1,0
5,459,459,-1,0
5,460,460,-1,0
5,461,461,-1,0
5,462,462,1,0
5,463,463,-1,0
5,464,464,1,0
5,465,465,1,0
5,466,466,1,0
5,467,467,-1,0
5,468,468,1,0
5,469,469,1,0
5,470,470,-1,0
5,471,471,1,0
5,472,472,-1,0
5,473,473,-1,0
5,474,474,-1,0
5,475,475,1,0
5,476,476,1,0
5,477,477,1,0
5,478,478,-1,0
5,479,479,1,0
5,480,480,-1,0
5,481,481,-1,0
5,482,482,-1,0
5,483,483,1,0
5,484,484,-1,0
5,485,485,-1,0
5,486,486,1,0
5,487,487,-1,0
5,488,488,-1,0
5,489,489,-1,0
5,490,490,-1,0
5,491,491,1,0
5,492,492,1,0
5,493,493,1,0
5,494,494,-1,0
5,495,495,1,0
5,496,496,1,0
5,497,497,1,0
5,498,498,1,0
5,499,499,-1,0
5,500,500,1,0
5,501,501,1,0
5,502,502,-1,0
5,503,503,1,0
5,504,504,-1,0
5,505,505,-1,0
5,506,506,-1,0
5,507,507,1,0
5,508,508,1,0
5,509,509,1,0
5,510,510,-1,0
5,511,511,1,0
5,512,-512,-1,0
5,513,-511,-1,0
5,514,-510,-1,0
5,515,-509,1,0
5,516,-508,-1,0
5,517,-507,-1,0
5,518,-506,1,0
5,519,-505,-1,0
5,520,-504,-1,0
5,521,-503,-1,0
5,522,-502,-1,0
5,523,-501,1,0
5,524,-500,1,0
5,525,-499,1,0
5,526,-498,-1,0
5,527,-497,1,0
5,528,-496,-1,0
5,529,-495,-1,0
5,530,-494,-1,0
5,531,-493,1,0
5,532,-492,-1,0
5,533,-491,-1,0
5,534,-490,1,0
5,535,-489,-1,0
5,536,-488,1,0
5,537,-487,1,0
5,538,-486,1,0
5,539,-485,-1,0
5,540,-484,-1,0
5,541,-483,-1,0
5,542,-482,1,0
5,543,-481,-1,0
5,544,-480,-1,0
5,545,-479,-1,0
5,546,-478,-1,0
5,547,-477,1,0
5,548,-476,-1,0
5,549,-475,-1,0
5,550,-474,1,0
5,551,-473,-1,0
5,552,-472,-1,0
5,553,-471,-1,0
5,554,-470,-1,0
5,555,-469,1,0
5,556,-468,1,0
5,557,-467,1,0
5,558,-466,-1,0
5,559,-465,1,0
5,560,-464,1,0
5,561,-463,1,0
5,562,-462,1,0
5,563,-461,-1,0
5,564,-460,1,0
5,565,-459,1,0
5,566,-458,-1,0
5,567,-457,1,0
5,568,-456,-1,0
5,569,-455,-1,0
5,570,-454,-1,0
5,571,-453,1,0
5,572,-452,1,0
5,573,-451,1,0
5,574,-450,-1,0
5,575,-449,1,0
5,576,-448,-1,0
5,577,-447,-1,0
5,578,-446,-1,0
5,579,-445,1,0
5,580,-444,-1,0
5,581,-443,-1,0
5,582,-442,1,0
5,583,-441,-1,0
5,584,-440,-1,0
5,585,-439,-1,0
5,586,-438,-1,0
5,587,-437,1,0
5,588,-436,1,0
5,589,-435,1,0
5,590,-434,-1,0
5,591,-433,1,0
5,592,-432,-1,0
5,593,-431,-1,0
5,594,-430,-1,0
5,595,-429,1,0
5,596,-428,-1,0
5,597,-427,-1,0
5,598,-426,1,0
5,599,-425,-1,0
5,600,-424,1,0
5,601,-423,1,0
5,602,-422,1,0
5,603,-421,-1,0
5,604,-420,-1,0
5,605,-419,-1,0
5,606,-418,1,0
5,607,-417,-1,0
5,608,-416,1,0
5,609,-415,1,0
5,610,-414,1,0
5,611,-413,-1,0
5,612,-412,1,0
5,613,-411,1,0
5,614,-410,-1,0
5,615,-409,1,0
5,616,-408,1,0
5,617,-407,1,0
5,618,-406,1,0
5,619,-405,-1,0
5,620,-404,-1,0
5,621,-403,-1,0
5,622,-402,1,0
5,623,-401,-1,0
5,624,-400,-1,0
5,625,-399,-1,0
5,626,-398,-1,0
5,627,-397,1,0
5,628,-396,-1,0
5,629,-395,-1,0
5,630,-394,1,0
5,631,-393,-1,0
5,632,-392,1,0
5,633,-391,1,0
5,634,-390,1,0
5,635,-389,-1,0
5,636,-388,-1,0
5,637,-387,-1,0
5,638,-386,1,0
5,639,-385,-1,0
5,640,-384,-1,0
5,641,-383,-1,0
5,642,-382,-1,0
5,643,-381,1,0
5,644,-380,-1,0
5,645,-379,-1,0
5,646,-378,1,0
5,647,-377,-1,0
5,648,-376,-1,0
5,649,-375,-1,0
5,650,-374,-1,0
5,651,-373,1,0
5,652,-372,1,0
5,653,-371,1,0
5,654,-370,-1,0
5,655,-369,1,0
5,656,-368,-1,0
5,657,-367,-1,0
5,658,-366,-1,0
5,659,-365,1,0
5,660,-364,-1,0
5,661,-363,-1,0
5,662,-362,1,0
5,663,-361,-1,0
5,664,-360,1,0
5,665,-359,1,0
5,666,-358,1,0
5,667,-357,-1,0
5,668,-356,-1,0
5,669,-355,-1,0
5,670,-354,1,0
5,671,-353,-1,0
5,672,-352,-1,0
5,673,-351,-1,0
5,674,-350,-1,0
5,675,-349,1,0
5,676,-348,-1,0
5,677,-347,-1,0
5,678,-346,1,0
5,679,-345,-1,0
5,680,-344,-1,0
5,681,-343,-1,0
5,682,-342,-1,0
5,683,-341,1,0
5,684,-340,1,0
5,685,-339,1,0
5,686,-338,-1,0
5,687,-337,1,0
5,688,-336,1,0
5,689,-335,1,0
5,690,-334,1,0
5,691,-333,-1,0
5,692,-332,1,0
5,693,-331,1,0
5,694,-330,-1,0
5,695,-329,1,0
5,696,-328,-1,0
5,697,-327,-1,0
5,698,-326,-1,0
5,699,-325,1,0
5,700,-324,1,0
5,701,-323,1,0
5,702,-322,-1,0
5,703,-321,1,0
5,704,-320,1,0
5,705,-319,1,0
5,706,-318,1,0
5,707,-317,-1,0
5,708,-316,1,0
5,709,-315,1,0
5,710,-314,-1,0
5,711,-313,1,0
5,712,-312,1,0
5,713,-311,1,0
5,714,-310,1,0
5,715,-309,-1,0
5,716,-308,-1,0
5,717,-307,-1,0
5,718,-306,1,0
5,719,-305,-1,0
5,720,-304,1,0
5,721,-303,1,0
5,722,-302,1,0
5,723,-301,-1,0
5,724,-300,1,0
5,725,-299,1,0
5,726,-298,-1,0
5,727,-297,1,0
5,728,-296,-1,0
5,729,-295,-1,0
5,730,-294,-1,0
5,731,-293,1,0
5,732,-292,1,0
5,733,-291,1,0
5,734,-290,-1,0
5,735,-289,1,0
5,736,-288,-1,0
5,737,-287,-1,0
5,738,-286,-1,0
5,739,-285,1,0
5,740,-284,-1,0
5,741,-283,-1,0
5,742,-282,1,0
5,743,-281,-1,0
5,744,-280,-1,0
5,745,-279,-1,0
5,746,-278,-1,0
5,747,-277,1,0
5,748,-276,1,0
5,749,-275,1,0
5,750,-274,-1,0
5,751,-273,1,0
5,752,-272,1,0
5,753,-271,1,0
5,754,-270,1,0
5,755,-269,-1,0
5,756,-268,1,0
5,757,-267,1,0
5,758,-266,-1,0
5,759,-265,1,0
5,760,-264,-1,0
5,761,-263,-1,0
5,762,-262,-1,0
5,763,-261,1,0
5,764,-260,1,0
5,765,-259,1,0
5,766,-258,-1,0
5,767,-257,1,0
5,768,-256,1,0
5,769,-255,1,0
5,770,-254,1,0
5,771,-253,-1,0
5,772,-252,1,0
5,773,-251,1,0
5,774,-250,-1,0
5,775,-249,1,0
5,776,-248,1,0
5,777,-247,1,0
5,778,-246,1,0
5,779,-245,-1,0
5,780,-244,-1,0
5,781,-243,-1,0
5,782,-242,1,0
5,783,-241,-1,0
5,784,-240,1,0
5,785,-239,1,0
5,786,-238,1,0
5,787,-237,-1,0
5,788,-236,1,0
5,789,-235,1,0
5,790,-234,-1,0
5,791,-233,1,0
5,792,-232,-1,0
5,793,-231,-1,0
5,794,-230,-1,0
5,795,-229,1,0
5,796,-228,1,0
5,797,-227,1,0
5,798,-226,-1,0
5,799,-225,1,0
5,800,-224,1,0
5,801,-223,1,0
5,802,-222,1,0
5,803,-221,-1,0
5,804,-220,1,0
5,805,-219,1,0
5,806,-218,-1,0
5,807,-217,1,0
5,808,-216,1,0
5,809,-215,1,0
5,810,-214,1,0
5,811,-213,-1,0
5,812,-212,-1,0
5,813,-211,-1,0
5,814,-210,1,0
5,815,-209,-1,0
5,816,-208,-1,0
5,817,-207,-1,0
5,818,-206,-1,0
5,819,-205,1,0
5,820,-204,-1,0
5,821,-203,-1,0
5,822,-202,1,0
5,823,-201,-1,0
5,824,-200,1,0
5,825,-199,1,0
5,826,-198,1,0
5,827,-197,-1,0
5,828,-196,-1,0
5,829,-195,-1,0
5,830,-194,1,0
5,831,-193,-1,0
5,832,-192,1,0
5,833,-191,1,0
5,834,-190,1,0
5,835,-189,-1,0
5,836,-188,1,0
5,837,-187,1,0
5,838,-186,-1,0
5,839,-185,1,0
5,840,-184,1,0
5,841,-183,1,0
5,842,-182,1,0
5,843,-181,-1,0
5,844,-180,-1,0
5,845,-179,-1,0
5,846,-178,1,0
5,847,-177,-1,0
5,848,-176,1,0
5,849,-175,1,0
5,850,-174,1,0
5,851,-173,-1,0
5,852,-172,1,0
5,853,-171,1,0
5,854,-170,-1,0
5,855,-169,1,0
5,856,-168,-1,0
5,857,-167,-1,0
5,858,-166,-1,0
5,859,-165,1,0
5,860,-164,1,0
5,861,-163,1,0
5,862,-162,-1,0
5,863,-161,1,0
5,864,-160,-1,0
5,865,-159,-1,0
5,866,-158,-1,0
5,867,-157,1,0
5,868,-156,-1,0
5,869,-155,-1,0
5,870,-154,1,0
5,871,-153,-1,0
5,872,-152,-1,0
5,873,-151,-1,0
5,874,-150,-1,0
5,875,-149,1,0
5,876,-148,1,0
5,877,-147,1,0
5,878,-146,-1,0
5,879,-145,1,0
5,880,-144,1,0
5,881,-143,1,0
5,882,-142,1,0
5,883,-141,-1,0
5,884,-140,1,0
5,885,-139,1,0
5,886,-138,-1,0
5,887,-137,1,0
5,888,-136,-1,0
5,889,-135,-1,0
5,890,-134,-1,0
5,891,-133,1,0
5,892,-132,1,0
5,893,-131,1,0
5,894,-130,-1,0
5,895,-129,1,0
5,896,-128,-1,0
5,897,-127,-1,0
5,898,-126,-1,0
5,899,-125,1,0
5,900,-124,-1,0
5,901,-123,-1,0
5,902,-122,1,0
5,903,-121,-1,0
5,904,-120,-1,0
5,905,-119,-1,0
5,906,-118,-1,0
5,907,-117,1,0
5,908,-116,1,0
5,909,-115,1,0
5,910,-114,-1,0
5,911,-113,1,0
5,912,-112,-1,0
5,913,-111,-1,0
5,914,-110,-1,0
5,915,-109,1,0
5,916,-108,-1,0
5,917,-107,-1,0
5,918,-106,1,0
5,919,-105,-1,0
5,920,-104,1,0
5,921,-103,1,0
5,922,-102,1,0
5,923,-101,-1,0
5,924,-100,-1,0
5,925,-99,-1,0
5,926,-98,1,0
5,927,-97,-1,0
5,928,-96,-1,0
5,929,-95,-1,0
5,930,-94,-1,0
5,931,-93,1,0
5,932,-92,-1,0
5,933,-91,-1,0
5,934,-90,1,0
5,935,-89,-1,0
5,936,-88,-1,0
5,937,-87,-1,0
5,938,-86,-1,0
5,939,-85,1,0
5,940,-84,1,0
5,941,-83,1,0
5,942,-82,-1,0
5,943,-81,1,0
5,944,-80,1,0
5,945,-79,1,0
5,946,-78,1,0
5,947,-77,-1,0
5,948,-76,1,0
5,949,-75,1,0
5,950,-74,-1,0
5,951,-73,1,0
5,952,-72,-1,0
5,953,-71,-1,0
5,954,-70,-1,0
5,955,-69,1,0
5,956,-68,1,0
5,957,-67,1,0
5,958,-66,-1,0
5,959,-65,1,0
5,960,-64,1,0
5,961,-63,1,0
5,962,-62,1,0
5,963,-61,-1,0
5,964,-60,1,0
5,965,-59,1,0
5,966,-58,-1,0
5,967,-57,1,0
5,968,-56,1,0
5,969,-55,1,0
5,970,-54,1,0
5,971,-53,-1,0
5,972,-52,-1,0
5,973,-51,-1,0
5,974,-50,1,0
5,975,-49,-1,0
5,976,-48,1,0
5,977,-47,1,0
5,978,-46,1,0
5,979,-45,-1,0
5,980,-44,1,0
5,981,-43,1,0
5,982,-42,-1,0
5,983,-41,1,0
5,984,-40,-1,0
5,985,-39,-1,0
5,986,-38,-1,0
5,987,-37,1,0
5,988,-36,1,0
5,989,-35,1,0
5,990,-34,-1,0
5,991,-33,1,0
5,992,-32,-1,0
5,993,-31,-1,0
5,994,-30,-1,0
5,995,-29,1,0
5,996,-28,-1,0
5,997,-27,-1,0
5,998,-26,1,0
5,999,-25,-1,0
5,1000,-24,-1,0
5,1001,-23,-1,0
5,1002,-22,-1,0
5,1003,-21,1,0
5,1004,-20,1,0
5,1005,-19,1,0
5,1006,-18,-1,0
5,1007,-17,1,0
5,1008,-16,1,0
5,1009,-15,1,0
5,1010,-14,1,0
5,1011,-13,-1,0
5,1012,-12,1,0
5,1013,-11,1,0
5,1014,-10,-1,0
5,1015,-9,1,0
5,1016,-8,-1,0
5,1017,-7,-1,0
5,1018,-6,-1,0
5,1019,-5,1,0
5,1020,-4,1,0
5,1021,-3,1,0
5,1022,-2,-1,0
5,1023,-1,1,0
6,0,0,1,0
6,1,1,1,0
6,2,2,1,0
6,3,3,-1,0
6,4,4,1,0
6,5,5,1,0
6,6,6,-1,0
6,7,7,1,0
6,8,8,1,0
6,9,9,1,0
6,10,10,1,0
6,11,11,-1,0
6,12,12,-1,0
6,13,13,-1,0
6,14,14,1,0
6,15,15,-1,0
6,16,16,1,0
6,17,17,1,0
6,18,18,1,0
6,19,19,-1,0
6,20,20,1,0
6,21,21,1,0
6,22,22,-1,0
6,23,23,1,0
6,24,24,-1,0
6,25,25,-1,0
6,26,26,-1,0
6,27,27,1,0
6,28,28,1,0
6,29,29,1,0
6,30,30,-1,0
6,31,31,1,0
6,32,32,1,0
6,33,33,1,0
6,34,34,1,0
6,35,35,-1,0
6,36,36,1,0
6,37,37,1,0
6,38,38,-1,0
6,39,39,1,0
6,40,40,1,0
6,41,41,1,0
6,42,42,1,0
6,43,43,-1,0
6,44,44,-1,0
6,45,45,-1,0
6,46,46,1,0
6,47,47,-1,0
6,48,48,-1,0
6,49,49,-1,0
6,50,50,-1,0
6,51,51,1,0
6,52,52,-1,0
6,53,53,-1,0
6,54,54,1,0
6,55,55,-1,0
6,56,56,1,0
6,57,57,1,0
6,58,58,1,0
6,59,59,-1,0
6,60,60,-1,0
6,61,61,-1,0
6,62,62,1,0
6,63,63,-1,0
6,64,64,1,0
6,65,65,1,0
6,66,66,1,0
6,67,67,-1,0
6,68,68,1,0
6,69,69,1,0
6,70,70,-1,0
6,71,71,1,0
6,72,72,1,0
6,73,73,1,0
6,74,74,1,0
6,75,75,-1,0
6,76,76,-1,0
6,77,77,-1,0
6,78,78,1,0
6,79,79,-1,0
6,80,80,1,0
6,81,81,1,0
6,82,82,1,0
6,83,83,-1,0
6,84,84,1,0
6,85,85,1,0
6,86,86,-1,0
6,87,87,1,0
6,88,88,-1,0
6,89,89,-1,0
6,90,90,-1,0
6,91,91,1,0
6,92,92,1,0
6,93,93,1,0
6,94,94,-1,0
6,95,95,1,0
6,96,96,-1,0
6,97,97,-1,0
6,98,98,-1,0
6,99,99,1,0
6,100,100,-1,0
6,101,101,-1,0
6,102,102,1,0
6,103,103,-1,0
6,104,104,-1,0
6,105,105,-1,0
6,106,106,-1,0
6,107,107,1,0
6,108,108,1,0
6,109,109,1,0
6,110,110,-1,0
6,111,111,1,0
6,112,112,1,0
6,113,113,1,0
6,114,114,1,0
6,115,115,-1,0
6,116,116,1,0
6,117,117,1,0
6,118,118,-1,0
6,119,119,1,0
6,120,120,-1,0
6,121,121,-1,0
6,122,122,-1,0
6,123,123,1,0
6,124,124,1,0
6,125,125,1,0
6,126,126,-1,0
6,127,127,1,0
6,128,128,1,0
6,129,129,1,0
6,130,130,1,0
6,131,131,-1,0
6,132,132,1,0
6,133,133,1,0
6,134,134,-1,0
6,135,135,1,0
6,136,136,1,0
6,137,137,1,0
6,138,138,1,0
6,139,139,-1,0
6,140,140,-1,0
6,141,141,-1,0
6,142,142,1,0
6,143,143,-1,0
6,144,144,1,0
6,145,145,1,0
6,146,146,1,0
6,147,147,-1,0
6,148,148,1,0
6,149,149,1,0
6,150,150,-1,0
6,151,151,1,0
6,152,152,-1,0
6,153,153,-1,0
6,154,154,-1,0
6,155,155,1,0
6,156,156,1,0
6,157,157,1,0
6,158,158,-1,0
6,159,159,1,0
6,160,160,1,0
6,161,161,1,0
6,162,162,1,0
6,163,163,-1,0
6,164,164,1,0
6,165,165,1,0
6,166,166,-1,0
6,167,167,1,0
6,168,168,1,0
6,169,169,1,0
6,170,170,1,0
6,171,171,-1,0
6,172,172,-1,0
6,173,173,-1,0
6,174,174,1,0
6,175,175,-1,0
6,176,176,-1,0
6,177,177,-1,0
6,178,178,-1,0
6,179,179,1,0
6,180,180,-1,0
6,181,181,-1,0
6,182,182,1,0
6,183,183,-1,0
6,184,184,1,0
6,185,185,1,0
6,186,186,1,0
6,187,187,-1,0
6,188,188,-1,0
6,189,189,-1,0
6,190,190,1,0
6,191,191,-1,0
6,192,192,-1,0
6,193,193,-1,0
6,194,194,-1,0
6,195,195,1,0
6,196,196,-1,0
6,197,197,-1,0
6,198,198,1,0
6,199,199,-1,0
6,200,200,-1,0
6,201,201,-1,0
6,202,202,-1,0
6,203,203,1,0
6,204,204,1,0
6,205,205,1,0
6,206,206,-1,0
6,207,207,1,0
6,208,208,-1,0
6,209,209,-1,0
6,210,210,-1,0
6,211,211,1,0
6,212,212,-1,0
6,213,213,-1,0
6,214,214,1,0
6,215,215,-1,0
6,216,216,1,0
6,217,217,1,0
6,218,218,1,0
6,219,219,-1,0
6,220,220,-1,0
6,221,221,-1,0
6,222,222,1,0
6,223,223,-1,0
6,224,224,1,0
6,225,225,1,0
6,226,226,1,0
6,227,227,-1,0
6,228,228,1,0
6,229,229,1,0
6,230,230,-1,0
6,231,231,1,0
6,232,232,1,0
6,233,233,1,0
6,234,234,1,0
6,235,235,-1,0
6,236,236,-1,0
6,237,237,-1,0
6,238,238,1,0
6,239,239,-1,0
6,240,240,-1,0
6,241,241,-1,0
6,242,242,-1,0
6,243,243,1,0
6,244,244,-1,0
6,245,245,-1,0
6,246,246,1,0
6,247,247,-1,0
6,248,248,1,0
6,249,249,1,0
6,250,250,1,0
6,251,251,-1,0
6,252,252,-1,0
6,253,253,-1,0
6,254,254,1,0
6,255,255,-1,0
6,256,256,1,0
6,257,257,1,0
6,258,258,1,0
6,259,259,-1,0
6,260,260,1,0
6,261,261,1,0
6,262,262,-1,0
6,263,263,1,0
6,264,264,1,0
6,265,265,1,0
6,266,266,1,0
6,267,267,-1,0
6,268,268,-1,0
6,269,269,-1,0
6,270,270,1,0
6,271,271,-1,0
6,272,272,1,0
6,273,273,1,0
6,274,274,1,0
6,275,275,-1,0
6,276,276,1,0
6,277,277,1,0
6,278,278,-1,0
6,279,279,1,0
6,280,280,-1,0
6,281,281,-1,0
6,282,282,-1,0
6,283,283,1,0
6,284,284,1,0
6,285,285,1,0
6,286,286,-1,0
6,287,287,1,0
6,288,288,1,0
6,289,289,1,0
6,290,290,1,0
6,291,291,-1,0
6,292,292,1,0
6,293,293,1,0
6,294,294,-1,0
6,295,295,1,0
6,296,296,1,0
6,297,297,1,0
6,298,298,1,0
6,299,299,-1,0
6,300,300,-1,0
6,301,301,-1,0
6,302,302,1,0
6,303,303,-1,0
6,304,304,-1,0
6,305,305,-1,0
6,306,306,-1,0
6,307,307,1,0
6,308,308,-1,0
6,309,309,-1,0
6,310,310,1,0
6,311,311,-1,0
6,312,312,1,0
6,313,313,1,0
6,314,314,1,0
6,315,315,-1,0
6,316,316,-1,0
6,317,317,-1,0
6,318,318,1,0
6,319,319,-1,0
6,320,320,1,0
6,321,321,1,0
6,322,322,1,0
6,323,323,-1,0
6,324,324,1,0
6,325,325,1,0
6,326,326,-1,0
6,327,327,1,0
6,328,328,1,0
6,329,329,1,0
6,330,330,1,0
6,331,331,-1,0
6,332,332,-1,0
6,333,333,-1,0
6,334,334,1,0
6,335,335,-1,0
6,336,336,1,0
6,337,337,1,0
6,338,338,1,0
6,339,339,-1,0
6,340,340,1,0
6,341,341,1,0
6,342,342,-1,0
6,343,343,1,0
6,344,344,-1,0
6,345,345,-1,0
6,346,346,-1,0
6,347,347,1,0
6,348,348,1,0
6,349,349,1,0
6,350,350,-1,0
6,351,351,1,0
6,352,352,-1,0
6,353,353,-1,0
6,354,354,-1,0
6,355,355,1,0
6,356,356,-1,0
6,357,357,-1,0
6,358,358,1,0
6,359,359,-1,0
6,360,360,-1,0
6,361,361,-1,0
6,362,362,-1,0
6,363,363,1,0
6,364,364,1,0
6,365,365,1,0
6,366,366,-1,0
6,367,367,1,0
6,368,368,1,0
6,369,369,1,0
6,370,370,1,0
6,371,371,-1,0
6,372,372,1,0
6,373,373,1,0
6,374,374,-1,0
6,375,375,1,0
6,376,376,-1,0
6,377,377,-1,0
6,378,378,-1,0
6,379,379,1,0
6,380,380,1,0
6,381,381,1,0
6,382,382,-1,0
6,383,383,1,0
6,384,384,-1,0
6,385,385,-1,0
6,386,386,-1,0
6,387,387,1,0
6,388,388,-1,0
6,389,389,-1,0
6,390,390,1,0
6,391,391,-1,0
6,392,392,-1,0
6,393,393,-1,0
6,394,394,-1,0
6,395,395,1,0
6,396,396,1,0
6,397,397,1,0
6,398,398,-1,0
6,399,399,1,0
6,400,400,-1,0
6,401,401,-1,0
6,402,402,-1,0
6,403,403,1,0
6,404,404,-1,0
6,405,405,-1,0
6,406,406,1,0
6,407,407,-1,0
6,408,408,1,0
6,409,409,1,0
6,410,410,1,0
6,411,411,-1,0
6,412,412,-1,0
6,413,413,-1,0
6,414,414,1,0
6,415,415,-1,0
6,416,416,-1,0
6,417,417,-1,0
6,418,418,-1,0
6,419,419,1,0
6,420,420,-1,0
6,421,421,-1,0
6,422,422,1,0
6,423,423,-1,0
6,424,424,-1,0
6,425,425,-1,0
6,426,426,-1,0
6,427,427,1,0
6,428,428,1,0
6,429,429,1,0
6,430,430,-1,0
6,431,431,1,0
6,432,432,1,0
6,433,433,1,0
6,434,434,1,0
6,435,435,-1,0
6,436,436,1,0
6,437,437,1,0
6,438,438,-1,0
6,439,439,1,0
6,440,440,-1,0
6,441,441,-1,0
6,442,442,-1,0
6,443,443,1,0
6,444,444,1,0
6,445,445,1,0
6,446,446,-1,0
6,447,447,1,0
6,448,448,1,0
6,449,449,1,0
6,450,450,1,0
6,451,451,-1,0
6,452,452,1,0
6,453,453,1,0
6,454,454,-1,0
6,455,455,1,0
6,456,456,1,0
6,457,457,1,0
6,458,458,1,0
6,459,459,-1,0
6,460,460,-1,0
6,461,461,-1,0
6,462,462,1,0
6,463,463,-1,0
6,464,464,1,0
6,465,465,1,0
6,466,466,1,0
6,467,467,-1,0
6,468,468,1,0
6,469,469,1,0
6,470,470,-1,0
6,471,471,1,0
6,472,472,-1,0
6,473,473,-1,0
6,474,474,-1,0
6,475,475,1,0
6,476,476,1,0
6,477,477,1,0
6,478,478,-1,0
6,479,479,1,0
6,480,480,-1,0
6,481,481,-1,0
6,482,482,-1,0
6,483,483,1,0
6,484,484,-1,0
6,485,485,-1,0
6,486,486,1,0
6,487,487,-1,0
6,488,488,-1,0
6,489,489,-1,0
6,490,490,-1,0
6,491,491,1,0
6,492,492,1,0
6,493,493,1,0
6,494,494,-1,0
6,495,495,1,0
6,496,496,1,0
6,497,497,1,0
6,498,498,1,0
6,499,499,-1,0
6,500,500,1,0
6,501,501,1,0
6,502,502,-1,0
6,503,503,1,0
6,504,504,-1,0
6,505,505,-1,0
6,506,506,-1,0
6,507,507,1,0
6,508,508,1,0
6,509,509,1,0
6,510,510,-1,0
6,511,511,1,0
6,512,-512,1,0
6,513,-511,1,0
6,514,-510,1,0
6,515,-509,-1,0
6,516,-508,1,0
6,517,-507,1,0
6,518,-506,-1,0
6,519,-505,1,0
6,520,-504,1,0
6,521,-503,1,0
6,522,-502,1,0
6,523,-501,-1,0
6,524,-500,-1,0
6,525,-499,-1,0
6,526,-498,1,0
6,527,-497,-1,0
6,528,-496,1,0
6,529,-495,1,0
6,530,-494,1,0
6,531,-493,-1,0
6,532,-492,1,0
6,533,-491,1,0
6,534,-490,-1,0
6,535,-489,1,0
6,536,-488,-1,0
6,537,-487,-1,0
6,538,-486,-1,0
6,539,-485,1,0
6,540,-484,1,0
6,541,-483,1,0
6,542,-482,-1,0
6,543,-481,1,0
6,544,-480,1,0
6,545,-479,1,0
6,546,-478,1,0
6,547,-477,-1,0
6,548,-476,1,0
6,549,-475,1,0
6,550,-474,-1,0
6,551,-473,1,0
6,552,-472,1,0
6,553,-471,1,0
6,554,-470,1,0
6,555,-469,-1,0
6,556,-468,-1,0
6,557,-467,-1,0
6,558,-466,1,0
6,559,-465,-1,0
6,560,-464,-1,0
6,561,-463,-1,0
6,562,-462,-1,0
6,563,-461,1,0
6,564,-460,-1,0
6,565,-459,-1,0
6,566,-458,1,0
6,567,-457,-1,0
6,568,-456,1,0
6,569,-455,1,0
6,570,-454,1,0
6,571,-453,-1,0
6,572,-452,-1,0
6,573,-451,-1,0
6,574,-450,1,0
6,575,-449,-1,0
6,576,-448,1,0
6,577,-447,1,0
6,578,-446,1,0
6,579,-445,-1,0
6,580,-444,1,0
6,581,-443,1,0
6,582,-442,-1,0
6,583,-441,1,0
6,584,-440,1,0
6,585,-439,1,0
6,586,-438,1,0
6,587,-437,-1,0
6,588,-436,-1,0
6,589,-435,-1,0
6,590,-434,1,0
6,591,-433,-1,0
6,592,-432,1,0
6,593,-431,1,0
6,594,-430,1,0
6,595,-429,-1,0
6,596,-428,1,0
6,597,-427,1,0
6,598,-426,-1,0
6,599,-425,1,0
6,600,-424,-1,0
6,601,-423,-1,0
6,602,-422,-1,0
6,603,-421,1,0
6,604,-420,1,0
6,605,-419,1,0
6,606,-418,-1,0
6,607,-417,1,0
6,608,-416,-1,0
6,609,-415,-1,0
6,610,-414,-1,0
6,611,-413,1,0
6,612,-412,-1,0
6,613,-411,-1,0
6,614,-410,1,0
6,615,-409,-1,0
6,616,-408,-1,0
6,617,-407,-1,0
6,618,-406,-1,0
6,619,-405,1,0
6,620,-404,1,0
6,621,-403,1,0
6,622,-402,-1,0
6,623,-401,1,0
6,624,-400,1,0
6,625,-399,1,0
6,626,-398,1,0
6,627,-397,-1,0
6,628,-396,1,0
6,629,-395,1,0
6,630,-394,-1,0
6,631,-393,1,0
6,632,-392,-1,0
6,633,-391,-1,0
6,634,-390,-1,0
6,635,-389,1,0
6,636,-388,1,0
6,637,-387,1,0
6,638,-386,-1,0
6,639,-385,1,0
6,640,-384,1,0
6,641,-383,1,0
6,642,-382,1,0
6,643,-381,-1,0
6,644,-380,1,0
6,645,-379,1,0
6,646,-378,-1,0
6,647,-377,1,0
6,648,-376,1,0
6,649,-375,1,0
6,650,-374,1,0
6,651,-373,-1,0
6,652,-372,-1,0
6,653,-371,-1,0
6,654,-370,1,0
6,655,-369,-1,0
6,656,-368,1,0
6,657,-367,1,0
6,658,-366,1,0
6,659,-365,-1,0
6,660,-364,1,0
6,661,-363,1,0
6,662,-362,-1,0
6,663,-361,1,0
6,664,-360,-1,0
6,665,-359,-1,0
6,666,-358,-1,0
6,667,-357,1,0
6,668,-356,1,0
6,669,-355,1,0
6,670,-354,-1,0
6,671,-353,1,0
6,672,-352,1,0
6,673,-351,1,0
6,674,-350,1,0
6,675,-349,-1,0
6,676,-348,1,0
6,677,-347,1,0
6,678,-346,-1,0
6,679,-345,1,0
6,680,-344,1,0
6,681,-343,1,0
6,682,-342,1,0
6,683,-341,-1,0
6,684,-340,-1,0
6,685,-339,-1,0
6,686,-338,1,0
6,687,-337,-1,0
6,688,-336,-1,0
6,689,-335,-1,0
6,690,-334,-1,0
6,691,-333,1,0
6,692,-332,-1,0
6,693,-331,-1,0
6,694,-330,1,0
6,695,-329,-1,0
6,696,-328,1,0
6,697,-327,1,0
6,698,-326,1,0
6,699,-325,-1,0
6,700,-324,-1,0
6,701,-323,-1,0
6,702,-322,1,0
6,703,-321,-1,0
6,704,-320,-1,0
6,705,-319,-1,0
6,706,-318,-1,0
6,707,-317,1,0
6,708,-316,-1,0
6,709,-315,-1,0
6,710,-314,1,0
6,711,-313,-1,0
6,712,-312,-1,0
6,713,-311,-1,0
6,714,-310,-1,0
6,715,-309,1,0
6,716,-308,1,0
6,717,-307,1,0
6,718,-306,-1,0
6,719,-305,1,0
6,720,-304,-1,0
6,721,-303,-1,0
6,722,-302,-1,0
6,723,-301,1,0
6,724,-300,-1,0
6,725,-299,-1,0
6,726,-298,1,0
6,727,-297,-1,0
6,728,-296,1,0
6,729,-295,1,0
6,730,-294,1,0
6,731,-293,-1,0
6,732,-292,-1,0
6,733,-291,-1,0
6,734,-290,1,0
6,735,-289,-1,0
6,736,-288,1,0
6,737,-287,1,0
6,738,-286,1,0
6,739,-285,-1,0
6,740,-284,1,0
6,741,-283,1,0
6,742,-282,-1,0
6,743,-281,1,0
6,744,-280,1,0
6,745,-279,1,0
6,746,-278,1,0
6,747,-277,-1,0
6,748,-276,-1,0
6,749,-275,-1,0
6,750,-274,1,0
6,751,-273,-1,0
6,752,-272,-1,0
6,753,-271,-1,0
6,754,-270,-1,0
6,755,-269,1,0
6,756,-268,-1,0
6,757,-267,-1,0
6,758,-266,1,0
6,759,-265,-1,0
6,760,-264,1,0
6,761,-263,1,0
6,762,-262,1,0
6,763,-261,-1,0
6,764,-260,-1,0
6,765,-259,-1,0
6,766,-258,1,0
6,767,-257,-1,0
6,768,-256,-1,0
6,769,-255,-1,0
6,770,-254,-1,0
6,771,-253,1,0
6,772,-252,-1,0
6,773,-251,-1,0
6,774,-250,1,0
6,775,-249,-1,0
6,776,-248,-1,0
6,777,-247,-1,0
6,778,-246,-1,0
6,779,-245,1,0
6,780,-244,1,0
6,781,-243,1,0
6,782,-242,-1,0
6,783,-241,1,0
6,784,-240,-1,0
6,785,-239,-1,0
6,786,-238,-1,0
6,787,-237,1,0
6,788,-236,-1,0
6,789,-235,-1,0
6,790,-234,1,0
6,791,-233,-1,0
6,792,-232,1,0
6,793,-231,1,0
6,794,-230,1,0
6,795,-229,-1,0
6,796,-228,-1,0
6,797,-227,-1,0
6,798,-226,1,0
6,799,-225,-1,0
6,800,-224,-1,0
6,801,-223,-1,0
6,802,-222,-1,0
6,803,-221,1,0
6,804,-220,-1,0
6,805,-219,-1,0
6,806,-218,1,0
6,807,-217,-1,0
6,808,-216,-1,0
6,809,-215,-1,0
6,810,-214,-1,0
6,811,-213,1,0
6,812,-212,1,0
6,813,-211,1,0
6,814,-210,-1,0
6,815,-209,1,0
6,816,-208,1,0
6,817,-207,1,0
6,818,-206,1,0
6,819,-205,-1,0
6,820,-204,1,0
6,821,-203,1,0
6,822,-202,-1,0
6,823,-201,1,0
6,824,-200,-1,0
6,825,-199,-1,0
6,826,-198,-1,0
6,827,-197,1,0
6,828,-196,1,0
6,829,-195,1,0
6,830,-194,-1,0
6,831,-193,1,0
6,832,-192,-1,0
6,833,-191,-1,0
6,834,-190,-1,0
6,835,-189,1,0
6,836,-188,-1,0
6,837,-187,-1,0
6,838,-186,1,0
6,839,-185,-1,0
6,840,-184,-1,0
6,841,-183,-1,0
6,842,-182,-1,0
6,843,-181,1,0
6,844,-180,1,0
6,845,-179,1,0
6,846,-178,-1,0
6,847,-177,1,0
6,848,-176,-1,0
6,849,-175,-1,0
6,850,-174,-1,0
6,851,-173,1,0
6,852,-172,-1,0
6,853,-171,-1,0
6,854,-170,1,0
6,855,-169,-1,0
6,856,-168,1,0
6,857,-167,1,0
6,858,-166,1,0
6,859,-165,-1,0
6,860,-164,-1,0
6,861,-163,-1,0
6,862,-162,1,0
6,863,-161,-1,0
6,864,-160,1,0
6,865,-159,1,0
6,866,-158,1,0
6,867,-157,-1,0
6,868,-156,1,0
6,869,-155,1,0
6,870,-154,-1,0
6,871,-153,1,0
6,872,-152,1,0
6,873,-151,1,0
6,874,-150,1,0
6,875,-149,-1,0
6,876,-148,-1,0
6,877,-147,-1,0
6,878,-146,1,0
6,879,-145,-1,0
6,880,-144,-1,0
6,881,-143,-1,0
6,882,-142,-1,0
6,883,-141,1,0
6,884,-140,-1,0
6,885,-139,-1,0
6,886,-138,1,0
6,887,-137,-1,0
6,888,-136,1,0
6,889,-135,1,0
6,890,-134,1,0
6,891,-133,-1,0
6,892,-132,-1,0
6,893,-131,-1,0
6,894,-130,1,0
6,895,-129,-1,0
6,896,-128,1,0
6,897,-127,1,0
6,898,-126,1,0
6,899,-125,-1,0
6,900,-124,1,0
6,901,-123,1,0
6,902,-122,-1,0
6,903,-121,1,0
6,904,-120,1,0
6,905,-119,1,0
6,906,-118,1,0
6,907,-117,-1,0
6,908,-116,-1,0
6,909,-115,-1,0
6,910,-114,1,0
6,911,-113,-1,0
6,912,-112,1,0
6,913,-111,1,0
6,914,-110,1,0
6,915,-109,-1,0
6,916,-108,1,0
6,917,-107,1,0
6,918,-106,-1,0
6,919,-105,1,0
6,920,-104,-1,0
6,921,-103,-1,0
6,922,-102,-1,0
6,923,-101,1,0
6,924,-100,1,0
6,925,-99,1,0
6,926,-98,-1,0
6,927,-97,1,0
6,928,-96,1,0
6,929,-95,1,0
6,930,-94,1,0
6,931,-93,-1,0
6,932,-92,1,0
6,933,-91,1,0
6,934,-90,-1,0
6,935,-89,1,0
6,936,-88,1,0
6,937,-87,1,0
6,938,-86,1,0
6,939,-85,-1,0
6,940,-84,-1,0
6,941,-83,-1,0
6,942,-82,1,0
6,943,-81,-1,0
6,944,-80,-1,0
6,945,-79,-1,0
6,946,-78,-1,0
6,947,-77,1,0
6,948,-76,-1,0
6,949,-75,-1,0
6,950,-74,1,0
6,951,-73,-1,0
6,952,-72,1,0
6,953,-71,1,0
6,954,-70,1,0
6,955,-69,-1,0
6,956,-68,-1,0
6,957,-67,-1,0
6,958,-66,1,0
6,959,-65,-1,0
6,960,-64,-1,0
6,961,-63,-1,0
6,962,-62,-1,0
6,963,-61,1,0
6,964,-60,-1,0
6,965,-59,-1,0
6,966,-58,1,0
6,967,-57,-1,0
6,968,-56,-1,0
6,969,-55,-1,0
6,970,-54,-1,0
6,971,-53,1,0
6,972,-52,1,0
6,973,-51,1,0
6,974,-50,-1,0
6,975,-49,1,0
6,976,-48,-1,0
6,977,-47,-1,0
6,978,-46,-1,0
6,979,-45,1,0
6,980,-44,-1,0
6,981,-43,-1,0
6,982,-42,1,0
6,983,-41,-1,0
6,984,-40,1,0
6,985,-39,1,0
6,986,-38,1,0
6,987,-37,-1,0
6,988,-36,-1,0
6,989,-35,-1,0
6,990,-34,1,0
6,991,-33,-1,0
6,992,-32,1,0
6,993,-31,1,0
6,994,-30,1,0
6,995,-29,-1,0
6,996,-28,1,0
6,997,-27,1,0
6,998,-26,-1,0
6,999,-25,1,0
6,1000,-24,1,0
6,1001,-23,1,0
6,1002,-22,1,0
6,1003,-21,-1,0
6,1004,-20,-1,0
6,1005,-19,-1,0
6,1006,-18,1,0
6,1007,-17,-1,0
6,1008,-16,-1,0
6,1009,-15,-1,0
6,1010,-14,-1,0
6,1011,-13,1,0
6,1012,-12,-1,0
6,1013,-11,-1,0
6,1014,-10,1,0
6,1015,-9,-1,0
6,1016,-8,1,0
6,1017,-7,1,0
6,1018,-6,1,0
6,1019,-5,-1,0
6,1020,-4,-1,0
6,1021,-3,-1,0
6,1022,-2,1,0
6,1023,-1,-1,0
7,0,0,1,0
7,1,1,1,0
7,2,2,1,0
7,3,3,-1,0
7,4,4,1,0
7,5,5,1,0
7,6,6,-1,0
7,7,7,1,0
7,8,8,1,0
7,9,9,1,0
7,10,10,1,0
7,11,11,-1,0
7,12,12,-1,0
7,13,13,-1,0
7,14,14,1,0
7,15,15,-1,0
7,16,16,1,0
7,17,17,1,0
7,18,18,1,0
7,19,19,-1,0
7,20,20,1,0
7,21,21,1,0
7,22,22,-1,0
7,23,23,1,0
7,24,24,-1,0
7,25,25,-1,0
7,26,26,-1,0
7,27,27,1,0
7,28,28,1,0
7,29,29,1,0
7,30,30,-1,0
7,31,31,1,0
7,32,32,1,0
7,33,33,1,0
7,34,34,1,0
7,35,35,-1,0
7,36,36,1,0
7,37,37,1,0
7,38,38,-1,0
7,39,39,1,0
7,40,40,1,0
7,41,41,1,0
7,42,42,1,0
7,43,43,-1,0
7,44,44,-1,0
7,45,45,-1,0
7,46,46,1,0
7,47,47,-1,0
7,48,48,-1,0
7,49,49,-1,0
7,50,50,-1,0
7,51,51,1,0
7,52,52,-1,0
7,53,53,-1,0
7,54,54,1,0
7,55,55,-1,0
7,56,56,1,0
7,57,57,1,0
7,58,58,1,0
7,59,59,-1,0
7,60,60,-1,0
7,61,61,-1,0
7,62,62,1,0
7,63,63,-1,0
7,64,64,1,0
7,65,65,1,0
7,66,66,1,0
7,67,67,-1,0
7,68,68,1,0
7,69,69,1,0
7,70,70,-1,0
7,71,71,1,0
7,72,72,1,0
7,73,73,1,0
7,74,74,1,0
7,75,75,-1,0
7,76,76,-1,0
7,77,77,-1,0
7,78,78,1,0
7,79,79,-1,0
7,80,80,1,0
7,81,81,1,0
7,82,82,1,0
7,83,83,-1,0
7,84,84,1,0
7,85,85,1,0
7,86,86,-1,0
7,87,87,1,0
7,88,88,-1,0
7,89,89,-1,0
7,90,90,-1,0
7,91,91,1,0
7,92,92,1,0
7,93,93,1,0
7,94,94,-1,0
7,95,95,1,0
7,96,96,-1,0
7,97,97,-1,0
7,98,98,-1,0
7,99,99,1,0
7,100,100,-1,0
7,101,101,-1,0
7,102,102,1,0
7,103,103,-1,0
7,104,104,-1,0
7,105,105,-1,0
7,106,106,-1,0
7,107,107,1,0
7,108,108,1,0
7,109,109,1,0
7,110,110,-1,0
7,111,111,1,0
7,112,112,1,0
7,113,113,1,0
7,114,114,1,0
7,115,115,-1,0
7,116,116,1,0
7,117,117,1,0
7,118,118,-1,0
7,119,119,1,0
7,120,120,-1,0
7,121,121,-1,0
7,122,122,-1,0
7,123,123,1,0
7,124,124,1,0
7,125,125,1,0
7,126,126,-1,0
7,127,127,1,0
7,128,128,1,0
7,129,129,1,0
7,130,130,1,0
7,131,131,-1,0
7,132,132,1,0
7,133,133,1,0
7,134,134,-1,0
7,135,135,1,0
7,136,136,1,0
7,137,137,1,0
7,138,138,1,0
7,139,139,-1,0
7,140,140,-1,0
7,141,141,-1,0
7,142,142,1,0
7,143,143,-1,0
7,144,144,1,0
7,145,145,1,0
7,146,146,1,0
7,147,147,-1,0
7,148,148,1,0
7,149,149,1,0
7,150,150,-1,0
7,151,151,1,0
7,152,152,-1,0
7,153,153,-1,0
7,154,154,-1,0
7,155,155,1,0
7,156,156,1,0
7,157,157,1,0
7,158,158,-1,0
7,159,159,1,0
7,160,160,1,0
7,161,161,1,0
7,162,162,1,0
7,163,163,-1,0
7,164,164,1,0
7,165,165,1,0
7,166,166,-1,0
7,167,167,1,0
7,168,168,1,0
7,169,169,1,0
7,170,170,1,0
7,171,171,-1,0
7,172,172,-1,0
7,173,173,-1,0
7,174,174,1,0
7,175,175,-1,0
7,176,176,-1,0
7,177,177,-1,0
7,178,178,-1,0
7,179,179,1,0
7,180,180,-1,0
7,181,181,-1,0
7,182,182,1,0
7,183,183,-1,0
7,184,184,1,0
7,185,185,1,0
7,186,186,1,0
7,187,187,-1,0
7,188,188,-1,0
7,189,189,-1,0
7,190,190,1,0
7,191,191,-1,0
7,192,192,-1,0
7,193,193,-1,0
7,194,194,-1,0
7,195,195,1,0
7,196,196,-1,0
7,197,197,-1,0
7,198,198,1,0
7,199,199,-1,0
7,200,200,-1,0
7,201,201,-1,0
7,202,202,-1,0
7,203,203,1,0
7,204,204,1,0
7,205,205,1,0
7,206,206,-1,0
7,207,207,1,0
7,208,208,-1,0
7,209,209,-1,0
7,210,210,-1,0
7,211,211,1,0
7,212,212,-1,0
7,213,213,-1,0
7,214,214,1,0
7,215,215,-1,0
7,216,216,1,0
7,217,217,1,0
7,218,218,1,0
7,219,219,-1,0
7,220,220,-1,0
7,221,221,-1,0
7,222,222,1,0
7,223,223,-1,0
7,224,224,1,0
7,225,225,1,0
7,226,226,1,0
7,227,227,-1,0
7,228,228,1,0
7,229,229,1,0
7,230,230,-1,0
7,231,231,1,0
7,232,232,1,0
7,233,233,1,0
7,234,234,1,0
7,235,235,-1,0
7,236,236,-1,0
7,237,237,-1,0
7,238,238,1,0
7,239,239,-1,0
7,240,240,-1,0
7,241,241,-1,0
7,242,242,-1,0
7,243,243,1,0
7,244,244,-1,0
7,245,245,-1,0
7,246,246,1,0
7,247,247,-1,0
7,248,248,1,0
7,249,249,1,0
7,250,250,1,0
7,251,251,-1,0
7,252,252,-1,0
7,253,253,-1,0
7,254,254,1,0
7,255,255,-1,0
7,256,256,1,0
7,257,257,1,0
7,258,258,1,0
7,259,259,-1,0
7,260,260,1,0
7,261,261,1,0
7,262,262,-1,0
7,263,263,1,0
7,264,264,1,0
7,265,265,1,0
7,266,266,1,0
7,267,267,-1,0
7,268,268,-1,0
7,269,269,-1,0
7,270,270,1,0
7,271,271,-1,0
7,272,272,1,0
7,273,273,1,0
7,274,274,1,0
7,275,275,-1,0
7,276,276,1,0
7,277,277,1,0
7,278,278,-1,0
7,279,279,1,0
7,280,280,-1,0
7,281,281,-1,0
7,282,282,-1,0
7,283,283,1,0
7,284,284,1,0
7,285,285,1,0
7,286,286,-1,0
7,287,287,1,0
7,288,288,1,0
7,289,289,1,0
7,290,290,1,0
7,291,291,-1,0
7,292,292,1,0
7,293,293,1,0
7,294,294,-1,0
7,295,295,1,0
7,296,296,1,0
7,297,297,1,0
7,298,298,1,0
7,299,299,-1,0
7,300,300,-1,0
7,301,301,-1,0
7,302,302,1,0
7,303,303,-1,0
7,304,304,-1,0
7,305,305,-1,0
7,306,306,-1,0
7,307,307,1,0
7,308,308,-1,0
7,309,309,-1,0
7,310,310,1,0
7,311,311,-1,0
7,312,312,1,0
7,313,313,1,0
7,314,314,1,0
7,315,315,-1,0
7,316,316,-1,0
7,317,317,-1,0
7,318,318,1,0
7,319,319,-1,0
7,320,320,1,0
7,321,321,1,0
7,322,322,1,0
7,323,323,-1,0
7,324,324,1,0
7,325,325,1,0
7,326,326,-1,0
7,327,327,1,0
7,328,328,1,0
7,329,329,1,0
7,330,330,1,0
7,331,331,-1,0
7,332,332,-1,0
7,333,333,-1,0
7,334,334,1,0
7,335,335,-1,0
7,336,336,1,0
7,337,337,1,0
7,338,338,1,0
7,339,339,-1,0
7,340,340,1,0
7,341,341,1,0
7,342,342,-1,0
7,343,343,1,0
7,344,344,-1,0
7,345,345,-1,0
7,346,346,-1,0
7,347,347,1,0
7,348,348,1,0
7,349,349,1,0
7,350,350,-1,0
7,351,351,1,0
7,352,352,-1,0
7,353,353,-1,0
7,354,354,-1,0
7,355,355,1,0
7,356,356,-1,0
7,357,357,-1,0
7,358,358,1,0
7,359,359,-1,0
7,360,360,-1,0
7,361,361,-1,0
7,362,362,-1,0
7,363,363,1,0
7,364,364,1,0
7,365,365,1,0
7,366,366,-1,0
7,367,367,1,0
7,368,368,1,0
7,369,369,1,0
7,370,370,1,0
7,371,371,-1,0
7,372,372,1,0
7,373,373,1,0
7,374,374,-1,0
7,375,375,1,0
7,376,376,-1,0
7,377,377,-1,0
7,378,378,-1,0
7,379,379,1,0
7,380,380,1,0
7,381,381,1,0
7,382,382,-1,0
7,383,383,1,0
7,384,384,-1,0
7,385,385,-1,0
7,386,386,-1,0
7,387,387,1,0
7,388,388,-1,0
7,389,389,-1,0
7,390,390,1,0
7,391,391,-1,0
7,392,392,-1,0
7,393,393,-1,0
7,394,394,-1,0
7,395,395,1,0
7,396,396,1,0
7,397,397,1,0
7,398,398,-1,0
7,399,399,1,0
7,400,400,-1,0
7,401,401,-1,0
7,402,402,-1,0
7,403,403,1,0
7,404,404,-1,0
7,405,405,-1,0
7,406,406,1,0
7,407,407,-1,0
7,408,408,1,0
7,409,409,1,0
7,410,410,1,0
7,411,411,-1,0
7,412,412,-1,0
7,413,413,-1,0
7,414,414,1,0
7,415,415,-1,0
7,416,416,-1,0
7,417,417,-1,0
7,418,418,-1,0
7,419,419,1,0
7,420,420,-1,0
7,421,421,-1,0
7,422,422,1,0
7,423,423,-1,0
7,424,424,-1,0
7,425,425,-1,0
7,426,426,-1,0
7,427,427,1,0
7,428,428,1,0
7,429,429,1,0
7,430,430,-1,0
7,431,431,1,0
7,432,432,1,0
7,433,433,1,0
7,434,434,1,0
7,435,435,-1,0
7,436,436,1,0
7,437,437,1,0
7,438,438,-1,0
7,439,439,1,0
7,440,440,-1,0
7,441,441,-1,0
7,442,442,-1,0
7,443,443,1,0
7,444,444,1,0
7,445,445,1,0
7,446,446,-1,0
7,447,447,1,0
7,448,448,1,0
7,449,449,1,0
7,450,450,1,0
7,451,451,-1,0
7,452,452,1,0
7,453,453,1,0
7,454,454,-1,0
7,455,455,1,0
7,456,456,1,0
7,457,457,1,0
7,458,458,1,0
7,459,459,-1,0
7,460,460,-1,0
7,461,461,-1,0
7,462,462,1,0
7,463,463,-1,0
7,464,464,1,0
7,465,465,1,0
7,466,466,1,0
7,467,467,-1,0
7,468,468,1,0
7,469,469,1,0
7,470,470,-1,0
7,471,471,1,0
7,472,472,-1,0
7,473,473,-1,0
7,474,474,-1,0
7,475,475,1,0
7,476,476,1,0
7,477,477,1,0
7,478,478,-1,0
7,479,479,1,0
7,480,480,-1,0
7,481,481,-1,0
7,482,482,-1,0
7,483,483,1,0
7,484,484,-1,0
7,485,485,-1,0
7,486,486,1,0
7,487,487,-1,0
7,488,488,-1,0
7,489,489,-1,0
7,490,490,-1,0
7,491,491,1,0
7,492,492,1,0
7,493,493,1,0
7,494,494,-1,0
7,495,495,1,0
7,496,496,1,0
7,497,497,1,0
7,498,498,1,0
7,499,499,-1,0
7,500,500,1,0
7,501,501,1,0
7,502,502,-1,0
7,503,503,1,0
7,504,504,-1,0
7,505,505,-1,0
7,506,506,-1,0
7,507,507,1,0
7,508,508,1,0
7,509,509,1,0
7,510,510,-1,0
7,511,511,1,0
7,512,-512,-1,0
7,513,-511,-1,0
7,514,-510,-1,0
7,515,-509,1,0
7,516,-508,-1,0
7,517,-507,-1,0
7,518,-506,1,0
7,519,-505,-1,0
7,520,-504,-1,0
7,521,-503,-1,0
7,522,-502,-1,0
7,523,-501,1,0
7,524,-500,1,0
7,525,-499,1,0
7,526,-498,-1,0
7,527,-497,1,0
7,528,-496,-1,0
7,529,-495,-1,0
7,530,-494,-1,0
7,531,-493,1,0
7,532,-492,-1,0
7,533,-491,-1,0
7,534,-490,1,0
7,535,-489,-1,0
7,536,-488,1,0
7,537,-487,1,0
7,538,-486,1,0
7,539,-485,-1,0
7,540,-484,-1,0
7,541,-483,-1,0
7,542,-482,1,0
7,543,-481,-1,0
7,544,-480,-1,0
7,545,-479,-1,0
7,546,-478,-1,0
7,547,-477,1,0
7,548,-476,-1,0
7,549,-475,-1,0
7,550,-474,1,0
7,551,-473,-1,0
7,552,-472,-1,0
7,553,-471,-1,0
7,554,-470,-1,0
7,555,-469,1,0
7,556,-468,1,0
7,557,-467,1,0
7,558,-466,-1,0
7,559,-465,1,0
7,560,-464,1,0
7,561,-463,1,0
7,562,-462,1,0
7,563,-461,-1,0
7,564,-460,1,0
7,565,-459,1,0
7,566,-458,-1,0
7,567,-457,1,0
7,568,-456,-1,0
7,569,-455,-1,0
7,570,-454,-1,0
7,571,-453,1,0
7,572,-452,1,0
7,573,-451,1,0
7,574,-450,-1,0
7,575,-449,1,0
7,576,-448,-1,0
7,577,-447,-1,0
7,578,-446,-1,0
7,579,-445,1,0
7,580,-444,-1,0
7,581,-443,-1,0
7,582,-442,1,0
7,583,-441,-1,0
7,584,-440,-1,0
7,585,-439,-1,0
7,586,-438,-1,0
7,587,-437,1,0
7,588,-436,1,0
7,589,-435,1,0
7,590,-434,-1,0
7,591,-433,1,0
7,592,-432,-1,0
7,593,-431,-1,0
7,594,-430,-1,0
7,595,-429,1,0
7,596,-428,-1,0
7,597,-427,-1,0
7,598,-426,1,0
7,599,-425,-1,0
7,600,-424,1,0
7,601,-423,1,0
7,602,-422,1,0
7,603,-421,-1,0
7,604,-420,-1,0
7,605,-419,-1,0
7,606,-418,1,0
7,607,-417,-1,0
7,608,-416,1,0
7,609,-415,1,0
7,610,-414,1,0
7,611,-413,-1,0
7,612,-412,1,0
7,613,-411,1,0
7,614,-410,-1,0
7,615,-409,1,0
7,616,-408,1,0
7,617,-407,1,0
7,618,-406,1,0
7,619,-405,-1,0
7,620,-404,-1,0
7,621,-403,-1,0
7,622,-402,1,0
7,623,-401,-1,0
7,624,-400,-1,0
7,625,-399,-1,0
7,626,-398,-1,0
7,627,-397,1,0
7,628,-396,-1,0
7,629,-395,-1,0
7,630,-394,1,0
7,631,-393,-1,0
7,632,-392,1,0
7,633,-391,1,0
7,634,-390,1,0
7,635,-389,-1,0
7,636,-388,-1,0
7,637,-387,-1,0
7,638,-386,1,0
7,639,-385,-1,0
7,640,-384,-1,0
7,641,-383,-1,0
7,642,-382,-1,0
7,643,-381,1,0
7,644,-380,-1,0
7,645,-379,-1,0
7,646,-378,1,0
7,647,-377,-1,0
7,648,-376,-1,0
7,649,-375,-1,0
7,650,-374,-1,0
7,651,-373,1,0
7,652,-372,1,0
7,653,-371,1,0
7,654,-370,-1,0
7,655,-369,1,0
7,656,-368,-1,0
7,657,-367,-1,0
7,658,-366,-1,0
7,659,-365,1,0
7,660,-364,-1,0
7,661,-363,-1,0
7,662,-362,1,0
7,663,-361,-1,0
7,664,-360,1,0
7,665,-359,1,0
7,666,-358,1,0
7,667,-357,-1,0
7,668,-356,-1,0
7,669,-355,-1,0
7,670,-354,1,0
7,671,-353,-1,0
7,672,-352,-1,0
7,673,-351,-1,0
7,674,-350,-1,0
7,675,-349,1,0
7,676,-348,-1,0
7,677,-347,-1,0
7,678,-346,1,0
7,679,-345,-1,0
7,680,-344,-1,0
7,681,-343,-1,0
7,682,-342,-1,0
7,683,-341,1,0
7,684,-340,1,0
7,685,-339,1,0
7,686,-338,-1,0
7,687,-337,1,0
7,688,-336,1,0
7,689,-335,1,0
7,690,-334,1,0
7,691,-333,-1,0
7,692,-332,1,0
7,693,-331,1,0
7,694,-330,-1,0
7,695,-329,1,0
7,696,-328,-1,0
7,697,-327,-1,0
7,698,-326,-1,0
7,699,-325,1,0
7,700,-324,1,0
7,701,-323,1,0
7,702,-322,-1,0
7,703,-321,1,0
7,704,-320,1,0
7,705,-319,1,0
7,706,-318,1,0
7,707,-317,-1,0
7,708,-316,1,0
7,709,-315,1,0
7,710,-314,-1,0
7,711,-313,1,0
7,712,-312,1,0
7,713,-311,1,0
7,714,-310,1,0
7,715,-309,-1,0
7,716,-308,-1,0
7,717,-307,-1,0
7,718,-306,1,0
7,719,-305,-1,0
7,720,-304,1,0
7,721,-303,1,0
7,722,-302,1,0
7,723,-301,-1,0
7,724,-300,1,0
7,725,-299,1,0
7,726,-298,-1,0
7,727,-297,1,0
7,728,-296,-1,0
7,729,-295,-1,0
7,730,-294,-1,0
7,731,-293,1,0
7,732,-292,1,0
7,733,-291,1,0
7,734,-290,-1,0
7,735,-289,1,0
7,736,-288,-1,0
7,737,-287,-1,0
7,738,-286,-1,0
7,739,-285,1,0
7,740,-284,-1,0
7,741,-283,-1,0
7,742,-282,1,0
7,743,-281,-1,0
7,744,-280,-1,0
7,745,-279,-1,0
7,746,-278,-1,0
7,747,-277,1,0
7,748,-276,1,0
7,749,-275,1,0
7,750,-274,-1,0
7,751,-273,1,0
7,752,-272,1,0
7,753,-271,1,0
7,754,-270,1,0
7,755,-269,-1,0
7,756,-268,1,0
7,757,-267,1,0
7,758,-266,-1,0
7,759,-265,1,0
7,760,-264,-1,0
7,761,-263,-1,0
7,762,-262,-1,0
7,763,-261,1,0
7,764,-260,1,0
7,765,-259,1,0
7,766,-258,-1,0
7,767,-257,1,0
7,768,-256,1,0
7,769,-255,1,0
7,770,-254,1,0
7,771,-253,-1,0
7,772,-252,1,0
7,773,-251,1,0
7,774,-250,-1,0
7,775,-249,1,0
7,776,-248,1,0
7,777,-247,1,0
7,778,-246,1,0
7,779,-245,-1,0
7,780,-244,-1,0
7,781,-243,-1,0
7,782,-242,1,0
7,783,-241,-1,0
7,784,-240,1,0
7,785,-239,1,0
7,786,-238,1,0
7,787,-237,-1,0
7,788,-236,1,0
7,789,-235,1,0
7,790,-234,-1,0
7,791,-233,1,0
7,792,-232,-1,0
7,793,-231,-1,0
7,794,-230,-1,0
7,795,-229,1,0
7,796,-228,1,0
7,797,-227,1,0
7,798,-226,-1,0
7,799,-225,1,0
7,800,-224,1,0
7,801,-223,1,0
7,802,-222,1,0
7,803,-221,-1,0
7,804,-220,1,0
7,805,-219,1,0
7,806,-218,-1,0
7,807,-217,1,0
7,808,-216,1,0
7,809,-215,1,0
7,810,-214,1,0
7,811,-213,-1,0
7,812,-212,-1,0
7,813,-211,-1,0
7,814,-210,1,0
7,815,-209,-1,0
7,816,-208,-1,0
7,817,-207,-1,0
7,818,-206,-1,0
7,819,-205,1,0
7,820,-204,-1,0
7,821,-203,-1,0
7,822,-202,1,0
7,823,-201,-1,0
7,824,-200,1,0
7,825,-199,1,0
7,826,-198,1,0
7,827,-197,-1,0
7,828,-196,-1,0
7,829,-195,-1,0
7,830,-194,1,0
7,831,-193,-1,0
7,832,-192,1,0
7,833,-191,1,0
7,834,-190,1,0
7,835,-189,-1,0
7,836,-188,1,0
7,837,-187,1,0
7,838,-186,-1,0
7,839,-185,1,0
7,840,-184,1,0
7,841,-183,1,0
7,842,-182,1,0
7,843,-181,-1,0
7,844,-180,-1,0
7,845,-179,-1,0
7,846,-178,1,0
7,847,-177,-1,0
7,848,-176,1,0
7,849,-175,1,0
7,850,-174,1,0
7,851,-173,-1,0
7,852,-172,1,0
7,853,-171,1,0
7,854,-170,-1,0
7,855,-169,1,0
7,856,-168,-1,0
7,857,-167,-1,0
7,858,-166,-1,0
7,859,-165,1,0
7,860,-164,1,0
7,861,-163,1,0
7,862,-162,-1,0
7,863,-161,1,0
7,864,-160,-1,0
7,865,-159,-1,0
7,866,-158,-1,0
7,867,-157,1,0
7,868,-156,-1,0
7,869,-155,-1,0
7,870,-154,1,0
7,871,-153,-1,0
7,872,-152,-1,0
7,873,-151,-1,0
7,874,-150,-1,0
7,875,-149,1,0
7,876,-148,1,0
7,877,-147,1,0
7,878,-146,-1,0
7,879,-145,1,0
7,880,-144,1,0
7,881,-143,1,0
7,882,-142,1,0
7,883,-141,-1,0
7,884,-140,1,0
7,885,-139,1,0
7,886,-138,-1,0
7,887,-137,1,0
7,888,-136,-1,0
7,889,-135,-1,0
7,890,-134,-1,0
7,891,-133,1,0
7,892,-132,1,0
7,893,-131,1,0
7,894,-130,-1,0
7,895,-129,1,0
7,896,-128,-1,0
7,897,-127,-1,0
7,898,-126,-1,0
7,899,-125,1,0
7,900,-124,-1,0
7,901,-123,-1,0
7,902,-122,1,0
7,903,-121,-1,0
7,904,-120,-1,0
7,905,-119,-1,0
7,906,-118,-1,0
7,907,-117,1,0
7,908,-116,1,0
7,909,-115,1,0
7,910,-114,-1,0
7,911,-113,1,0
7,912,-112,-1,0
7,913,-111,-1,0
7,914,-110,-1,0
7,915,-109,1,0
7,916,-108,-1,0
7,917,-107,-1,0
7,918,-106,1,0
7,919,-105,-1,0
7,920,-104,1,0
7,921,-103,1,0
7,922,-102,1,0
7,923,-101,-1,0
7,924,-100,-1,0
7,925,-99,-1,0
7,926,-98,1,0
7,927,-97,-1,0
7,928,-96,-1,0
7,929,-95,-1,0
7,930,-94,-1,0
7,931,-93,1,0
7,932,-92,-1,0
7,933,-91,-1,0
7,934,-90,1,0
7,935,-89,-1,0
7,936,-88,-1,0
7,937,-87,-1,0
7,938,-86,-1,0
7,939,-85,1,0
7,940,-84,1,0
7,941,-83,1,0
7,942,-82,-1,0
7,943,-81,1,0
7,944,-80,1,0
7,945,-79,1,0
7,946,-78,1,0
7,947,-77,-1,0
7,948,-76,1,0
7,949,-75,1,0
7,950,-74,-1,0
7,951,-73,1,0
7,952,-72,-1,0
7,953,-71,-1,0
7,954,-70,-1,0
7,955,-69,1,0
7,956,-68,1,0
7,957,-67,1,0
7,958,-66,-1,0
7,959,-65,1,0
7,960,-64,1,0
7,961,-63,1,0
7,962,-62,1,0
7,963,-61,-1,0
7,964,-60,1,0
7,965,-59,1,0
7,966,-58,-1,0
7,967,-57,1,0
7,968,-56,1,0
7,969,-55,1,0
7,970,-54,1,0
7,971,-53,-1,0
7,972,-52,-1,0
7,973,-51,-1,0
7,974,-50,1,0
7,975,-49,-1,0
7,976,-48,1,0
7,977,-47,1,0
7,978,-46,1,0
7,979,-45,-1,0
7,980,-44,1,0
7,981,-43,1,0
7,982,-42,-1,0
7,983,-41,1,0
7,984,-40,-1,0
7,985,-39,-1,0
7,986,-38,-1,0
7,987,-37,1,0
7,988,-36,1,0
7,989,-35,1,0
7,990,-34,-1,0
7,991,-33,1,0
7,992,-32,-1,0
7,993,-31,-1,0
7,994,-30,-1,0
7,995,-29,1,0
7,996,-28,-1,0
7,997,-27,-1,0
7,998,-26,1,0
7,999,-25,-1,0
7,1000,-24,-1,0
7,1001,-23,-1,0
7,1002,-22,-1,0
7,1003,-21,1,0
7,1004,-20,1,0
7,1005,-19,1,0
7,1006,-18,-1,0
7,1007,-17,1,0
7,1008,-16,1,0
7,1009,-15,1,0
7,1010,-14,1,0
7,1011,-13,-1,0
7,1012,-12,1,0
7,1013,-11,1,0
7,1014,-10,-1,0
7,1015,-9,1,0
7,1016,-8,-1,0
7,1017,-7,-1,0
7,1018,-6,-1,0
7,1019,-5,1,0
7,1020,-4,1,0
7,1021,-3,1,0
7,1022,-2,-1,0
7,1023,-1,1,0
8,0,0,1,0
8,1,1,1,0
8,2,2,1,0
8,3,3,-1,0
8,4,4,1,0
8,5,5,1,0
8,6,6,-1,0
8,7,7,1,0
8,8,8,1,0
8,9,9,1,0
8,10,10,1,0
8,11,11,-1,0
8,12,12,-1,0
8,13,13,-1,0
8,14,14,1,0
8,15,15,-1,0
8,16,16,1,0
8,17,17,1,0
8,18,18,1,0
8,19,19,-1,0
8,20,20,1,0
8,21,21,1,0
8,22,22,-1,0
8,23,23,1,0
8,24,24,-1,0
8,25,25,-1,0
8,26,26,-1,0
8,27,27,1,0
8,28,28,1,0
8,29,29,1,0
8,30,30,-1,0
8,31,31,1,0
8,32,32,1,0
8,33,33,1,0
8,34,34,1,0
8,35,35,-1,0
8,36,36,1,0
8,37,37,1,0
8,38,38,-1,0
8,39,39,1,0
8,40,40,1,0
8,41,41,1,0
8,42,42,1,0
8,43,43,-1,0
8,44,44,-1,0
8,45,45,-1,0
8,46,46,1,0
8,47,47,-1,0
8,48,48,-1,0
8,49,49,-1,0
8,50,50,-1,0
8,51,51,1,0
8,52,52,-1,0
8,53,53,-1,0
8,54,54,1,0
8,55,55,-1,0
8,56,56,1,0
8,57,57,1,0
8,58,58,1,0
8,59,59,-1,0
8,60,60,-1,0
8,61,61,-1,0
8,62,62,1,0
8,63,63,-1,0
8,64,64,1,0
8,65,65,1,0
8,66,66,1,0
8,67,67,-1,0
8,68,68,1,0
8,69,69,1,0
8,70,70,-1,0
8,71,71,1,0
8,72,72,1,0
8,73,73,1,0
8,74,74,1,0
8,75,75,-1,0
8,76,76,-1,0
8,77,77,-1,0
8,78,78,1,0
8,79,79,-1,0
8,80,80,1,0
8,81,81,1,0
8,82,82,1,0
8,83,83,-1,0
8,84,84,1,0
8,85,85,1,0
8,86,86,-1,0
8,87,87,1,0
8,88,88,-1,0
8,89,89,-1,0
8,90,90,-1,0
8,91,91,1,0
8,92,92,1,0
8,93,93,1,0
8,94,94,-1,0
8,95,95,1,0
8,96,96,-1,0
8,97,97,-1,0
8,98,98,-1,0
8,99,99,1,0
8,100,100,-1,0
8,101,101,-1,0
8,102,102,1,0
8,103,103,-1,0
8,104,104,-1,0
8,105,105,-1,0
8,106,106,-1,0
8,107,107,1,0
8,108,108,1,0
8,109,109,1,0
8,110,110,-1,0
8,111,111,1,0
8,112,112,1,0
8,113,113,1,0
8,114,114,1,0
8,115,115,-1,0
8,116,116,1,0
8,117,117,1,0
8,118,118,-1,0
8,119,119,1,0
8,120,120,-1,0
8,121,121,-1,0
8,122,122,-1,0
8,123,123,1,0
8,124,124,1,0
8,125,125,1,0
8,126,126,-1,0
8,127,127,1,0
8,128,128,1,0
8,129,129,1,0
8,130,130,1,0
8,131,131,-1,0
8,132,132,1,0
8,133,133,1,0
8,134,134,-1,0
8,135,135,1,0
8,136,136,1,0
8,137,137,1,0
8,138,138,1,0
8,139,139,-1,0
8,140,140,-1,0
8,141,141,-1,0
8,142,142,1,0
8,143,143,-1,0
8,144,144,1,0
8,145,145,1,0
8,146,146,1,0
8,147,147,-1,0
8,148,148,1,0
8,149,149,1,0
8,150,150,-1,0
8,151,151,1,0
8,152,152,-1,0
8,153,153,-1,0
8,154,154,-1,0
8,155,155,1,0
8,156,156,1,0
8,157,157,1,0
8,158,158,-1,0
8,159,159,1,0
8,160,160,1,0
8,161,161,1,0
8,162,162,1,0
8,163,163,-1,0
8,164,164,1,0
8,165,165,1,0
8,166,166,-1,0
8,167,167,1,0
8,168,168,1,0
8,169,169,1,0
8,170,170,1,0
8,171,171,-1,0
8,172,172,-1,0
8,173,173,-1,0
8,174,174,1,0
8,175,175,-1,0
8,176,176,-1,0
8,177,177,-1,0
8,178,178,-1,0
8,179,179,1,0
8,180,180,-1,0
8,181,181,-1,0
8,182,182,1,0
8,183,183,-1,0
8,184,184,1,0
8,185,185,1,0
8,186,186,1,0
8,187,187,-1,0
8,188,188,-1,0
8,189,189,-1,0
8,190,190,1,0
8,191,191,-1,0
8,192,192,-1,0
8,193,193,-1,0
8,194,194,-1,0
8,195,195,1,0
8,196,196,-1,0
8,197,197,-1,0
8,198,198,1,0
8,199,199,-1,0
8,200,200,-1,0
8,201,201,-1,0
8,202,202,-1,0
8,203,203,1,0
8,204,204,1,0
8,205,205,1,0
8,206,206,-1,0
8,207,207,1,0
8,208,208,-1,0
8,209,209,-1,0
8,210,210,-1,0
8,211,211,1,0
8,212,212,-1,0
8,213,213,-1,0
8,214,214,1,0
8,215,215,-1,0
8,216,216,1,0
8,217,217,1,0
8,218,218,1,0
8,219,219,-1,0
8,220,220,-1,0
8,221,221,-1,0
8,222,222,1,0
8,223,223,-1,0
8,224,224,1,0
8,225,225,1,0
8,226,226,1,0
8,227,227,-1,0
8,228,228,1,0
8,229,229,1,0
8,230,230,-1,0
8,231,231,1,0
8,232,232,1,0
8,233,233,1,0
8,234,234,1,0
8,235,235,-1,0
8,236,236,-1,0
8,237,237,-1,0
8,238,238,1,0
8,239,239,-1,0
8,240,240,-1,0
8,241,241,-1,0
8,242,242,-1,0
8,243,243,1,0
8,244,244,-1,0
8,245,245,-1,0
8,246,246,1,0
8,247,247,-1,0
8,248,248,1,0
8,249,249,1,0
8,250,250,1,0
8,251,251,-1,0
8,252,252,-1,0
8,253,253,-1,0
8,254,254,1,0
8,255,255,-1,0
8,256,256,1,0
8,257,257,1,0
8,258,258,1,0
8,259,259,-1,0
8,260,260,1,0
8,261,261,1,0
8,262,262,-1,0
8,263,263,1,0
8,264,264,1,0
8,265,265,1,0
8,266,266,1,0
8,267,267,-1,0
8,268,268,-1,0
8,269,269,-1,0
8,270,270,1,0
8,271,271,-1,0
8,272,272,1,0
8,273,273,1,0
8,274,274,1,0
8,275,275,-1,0
8,276,276,1,0
8,277,277,1,0
8,278,278,-1,0
8,279,279,1,0
8,280,280,-1,0
8,281,281,-1,0
8,282,282,-1,0
8,283,283,1,0
8,284,284,1,0
8,285,285,1,0
8,286,286,-1,0
8,287,287,1,0
8,288,288,1,0
8,289,289,1,0
8,290,290,1,0
8,291,291,-1,0
8,292,292,1,0
8,293,293,1,0
8,294,294,-1,0
8,295,295,1,0
8,296,296,1,0
8,297,297,1,0
8,298,298,1,0
8,299,299,-1,0
8,300,300,-1,0
8,301,301,-1,0
8,302,302,1,0
8,303,303,-1,0
8,304,304,-1,0
8,305,305,-1,0
8,306,306,-1,0
8,307,307,1,0
8,308,308,-1,0
8,309,309,-1,0
8,310,310,1,0
8,311,311,-1,0
8,312,312,1,0
8,313,313,1,0
8,314,314,1,0
8,315,315,-1,0
8,316,316,-1,0
8,317,317,-1,0
8,318,318,1,0
8,319,319,-1,0
8,320,320,1,0
8,321,321,1,0
8,322,322,1,0
8,323,323,-1,0
8,324,324,1,0
8,325,325,1,0
8,326,326,-1,0
8,327,327,1,0
8,328,328,1,0
8,329,329,1,0
8,330,330,1,0
8,331,331,-1,0
8,332,332,-1,0
8,333,333,-1,0
8,334,334,1,0
8,335,335,-1,0
8,336,336,1,0
8,337,337,1,0
8,338,338,1,0
8,339,339,-1,0
8,340,340,1,0
8,341,341,1,0
8,342,342,-1,0
8,343,343,1,0
8,344,344,-1,0
8,345,345,-1,0
8,346,346,-1,0
8,347,347,1,0
8,348,348,1,0
8,349,349,1,0
8,350,350,-1,0
8,351,351,1,0
8,352,352,-1,0
8,353,353,-1,0
8,354,354,-1,0
8,355,355,1,0
8,356,356,-1,0
8,357,357,-1,0
8,358,358,1,0
8,359,359,-1,0
8,360,360,-1,0
8,361,361,-1,0
8,362,362,-1,0
8,363,363,1,0
8,364,364,1,0
8,365,365,1,0
8,366,366,-1,0
8,367,367,1,0
8,368,368,1,0
8,369,369,1,0
8,370,370,1,0
8,371,371,-1,0
8,372,372,1,0
8,373,373,1,0
8,374,374,-1,0
8,375,375,1,0
8,376,376,-1,0
8,377,377,-1,0
8,378,378,-1,0
8,379,379,1,0
8,380,380,1,0
8,381,381,1,0
8,382,382,-1,0
8,383,383,1,0
8,384,384,-1,0
8,385,385,-1,0
8,386,386,-1,0
8,387,387,1,0
8,388,388,-1,0
8,389,389,-1,0
8,390,390,1,0
8,391,391,-1,0
8,392,392,-1,0
8,393,393,-1,0
8,394,394,-1,0
8,395,395,1,0
8,396,396,1,0
8,397,397,1,0
8,398,398,-1,0
8,399,399,1,0
8,400,400,-1,0
8,401,401,-1,0
8,402,402,-1,0
8,403,403,1,0
8,404,404,-1,0
8,405,405,-1,0
8,406,406,1,0
8,407,407,-1,0
8,408,408,1,0
8,409,409,1,0
8,410,410,1,0
8,411,411,-1,0
8,412,412,-1,0
8,413,413,-1,0
8,414,414,1,0
8,415,415,-1,0
8,416,416,-1,0
8,417,417,-1,0
8,418,418,-1,0
8,419,419,1,0
8,420,420,-1,0
8,421,421,-1,0
8,422,422,1,0
8,423,423,-1,0
8,424,424,-1,0
8,425,425,-1,0
8,426,426,-1,0
8,427,427,1,0
8,428,428,1,0
8,429,429,1,0
8,430,430,-1,0
8,431,431,1,0
8,432,432,1,0
8,433,433,1,0
8,434,434,1,0
8,435,435,-1,0
8,436,436,1,0
8,437,437,1,0
8,438,438,-1,0
8,439,439,1,0
8,440,440,-1,0
8,441,441,-1,0
8,442,442,-1,0
8,443,443,1,0
8,444,444,1,0
8,445,445,1,0
8,446,446,-1,0
8,447,447,1,0
8,448,448,1,0
8,449,449,1,0
8,450,450,1,0
8,451,451,-1,0
8,452,452,1,0
8,453,453,1,0
8,454,454,-1,0
8,455,455,1,0
8,456,456,1,0
8,457,457,1,0
8,458,458,1,0
8,459,459,-1,0
8,460,460,-1,0
8,461,461,-1,0
8,462,462,1,0
8,463,463,-1,0
8,464,464,1,0
8,465,465,1,0
8,466,466,1,0
8,467,467,-1,0
8,468,468,1,0
8,469,469,1,0
8,470,470,-1,0
8,471,471,1,0
8,472,472,-1,0
8,473,473,-1,0
8,474,474,-1,0
8,475,475,1,0
8,476,476,1,0
8,477,477,1,0
8,478,478,-1,0
8,479,479,1,0
8,480,480,-1,0
8,481,481,-1,0
8,482,482,-1,0
8,483,483,1,0
8,484,484,-1,0
8,485,485,-1,0
8,486,486,1,0
8,487,487,-1,0
8,488,488,-1,0
8,489,489,-1,0
8,490,490,-1,0
8,491,491,1,0
8,492,492,1,0
8,493,493,1,0
8,494,494,-1,0
8,495,495,1,0
8,496,496,1,0
8,497,497,1,0
8,498,498,1,0
8,499,499,-1,0
8,500,500,1,0
8,501,501,1,0
8,502,502,-1,0
8,503,503,1,0
8,504,504,-1,0
8,505,505,-1,0
8,506,506,-1,0
8,507,507,1,0
8,508,508,1,0
8,509,509,1,0
8,510,510,-1,0
8,511,511,1,0
8,512,-512,1,0
8,513,-511,1,0
8,514,-510,1,0
8,515,-509,-1,0
8,516,-508,1,0
8,517,-507,1,0
8,518,-506,-1,0
8,519,-505,1,0
8,520,-504,1,0
8,521,-503,1,0
8,522,-502,1,0
8,523,-501,-1,0
8,524,-500,-1,0
8,525,-499,-1,0
8,526,-498,1,0
8,527,-497,-1,0
8,528,-496,1,0
8,529,-495,1,0
8,530,-494,1,0
8,531,-493,-1,0
8,532,-492,1,0
8,533,-491,1,0
8,534,-490,-1,0
8,535,-489,1,0
8,536,-488,-1,0
8,537,-487,-1,0
8,538,-486,-1,0
8,539,-485,1,0
8,540,-484,1,0
8,541,-483,1,0
8,542,-482,-1,0
8,543,-481,1,0
8,544,-480,1,0
8,545,-479,1,0
8,546,-478,1,0
8,547,-477,-1,0
8,548,-476,1,0
8,549,-475,1,0
8,550,-474,-1,0
8,551,-473,1,0
8,552,-472,1,0
8,553,-471,1,0
8,554,-470,1,0
8,555,-469,-1,0
8,556,-468,-1,0
8,557,-467,-1,0
8,558,-466,1,0
8,559,-465,-1,0
8,560,-464,-1,0
8,561,-463,-1,0
8,562,-462,-1,0
8,563,-461,1,0
8,564,-460,-1,0
8,565,-459,-1,0
8,566,-458,1,0
8,567,-457,-1,0
8,568,-456,1,0
8,569,-455,1,0
8,570,-454,1,0
8,571,-453,-1,0
8,572,-452,-1,0
8,573,-451,-1,0
8,574,-450,1,0
8,575,-449,-1,0
8,576,-448,1,0
8,577,-447,1,0
8,578,-446,1,0
8,579,-445,-1,0
8,580,-444,1,0
8,581,-443,1,0
8,582,-442,-1,0
8,583,-441,1,0
8,584,-440,1,0
8,585,-439,1,0
8,586,-438,1,0
8,587,-437,-1,0
8,588,-436,-1,0
8,589,-435,-1,0
8,590,-434,1,0
8,591,-433,-1,0
8,592,-432,1,0
8,593,-431,1,0
8,594,-430,1,0
8,595,-429,-1,0
8,596,-428,1,0
8,597,-427,1,0
8,598,-426,-1,0
8,599,-425,1,0
8,600,-424,-1,0
8,601,-423,-1,0
8,602,-422,-1,0
8,603,-421,1,0
8,604,-420,1,0
8,605,-419,1,0
8,606,-418,-1,0
8,607,-417,1,0
8,608,-416,-1,0
8,609,-415,-1,0
8,610,-414,-1,0
8,611,-413,1,0
8,612,-412,-1,0
8,613,-411,-1,0
8,614,-410,1,0
8,615,-409,-1,0
8,616,-408,-1,0
8,617,-407,-1,0
8,618,-406,-1,0
8,619,-405,1,0
8,620,-404,1,0
8,621,-403,1,0
8,622,-402,-1,0
8,623,-401,1,0
8,624,-400,1,0
8,625,-399,1,0
8,626,-398,1,0
8,627,-397,-1,0
8,628,-396,1,0
8,629,-395,1,0
8,630,-394,-1,0
8,631,-393,1,0
8,632,-392,-1,0
8,633,-391,-1,0
8,634,-390,-1,0
8,635,-389,1,0
8,636,-388,1,0
8,637,-387,1,0
8,638,-386,-1,0
8,639,-385,1,0
8,640,-384,1,0
8,641,-383,1,0
8,642,-382,1,0
8,643,-381,-1,0
8,644,-380,1,0
8,645,-379,1,0
8,646,-378,-1,0
8,647,-377,1,0
8,648,-376,1,0
8,649,-375,1,0
8,650,-374,1,0
8,651,-373,-1,0
8,652,-372,-1,0
8,653,-371,-1,0
8,654,-370,1,0
8,655,-369,-1,0
8,656,-368,1,0
8,657,-367,1,0
8,658,-366,1,0
8,659,-365,-1,0
8,660,-364,1,0
8,661,-363,1,0
8,662,-362,-1,0
8,663,-361,1,0
8,664,-360,-1,0
8,665,-359,-1,0
8,666,-358,-1,0
8,667,-357,1,0
8,668,-356,1,0
8,669,-355,1,0
8,670,-354,-1,0
8,671,-353,1,0
8,672,-352,1,0
8,673,-351,1,0
8,674,-350,1,0
8,675,-349,-1,0
8,676,-348,1,0
8,677,-347,1,0
8,678,-346,-1,0
8,679,-345,1,0
8,680,-344,1,0
8,681,-343,1,0
8,682,-342,1,0
8,683,-341,-1,0
8,684,-340,-1,0
8,685,-339,-1,0
8,686,-338,1,0
8,687,-337,-1,0
8,688,-336,-1,0
8,689,-335,-1,0
8,690,-334,-1,0
8,691,-333,1,0
8,692,-332,-1,0
8,693,-331,-1,0
8,694,-330,1,0
8,695,-329,-1,0
8,696,-328,1,0
8,697,-327,1,0
8,698,-326,1,0
8,699,-325,-1,0
8,700,-324,-1,0
8,701,-323,-1,0
8,702,-322,1,0
8,703,-321,-1,0
8,704,-320,-1,0
8,705,-319,-1,0
8,706,-318,-1,0
8,707,-317,1,0
8,708,-316,-1,0
8,709,-315,-1,0
8,710,-314,1,0
8,711,-313,-1,0
8,712,-312,-1,0
8,713,-311,-1,0
8,714,-310,-1,0
8,715,-309,1,0
8,716,-308,1,0
8,717,-307,1,0
8,718,-306,-1,0
8,719,-305,1,0
8,720,-304,-1,0
8,721,-303,-1,0
8,722,-302,-1,0
8,723,-301,1,0
8,724,-300,-1,0
8,725,-299,-1,0
8,726,-298,1,0
8,727,-297,-1,0
8,728,-296,1,0
8,729,-295,1,0
8,730,-294,1,0
8,731,-293,-1,0
8,732,-292,-1,0
8,733,-291,-1,0
8,734,-290,1,0
8,735,-289,-1,0
8,736,-288,1,0
8,737,-287,1,0
8,738,-286,1,0
8,739,-285,-1,0
8,740,-284,1,0
8,741,-283,1,0
8,742,-282,-1,0
8,743,-281,1,0
8,744,-280,1,0
8,745,-279,1,0
8,746,-278,1,0
8,747,-277,-1,0
8,748,-276,-1,0
8,749,-275,-1,0
8,750,-274,1,0
8,751,-273,-1,0
8,752,-272,-1,0
8,753,-271,-1,0
8,754,-270,-1,0
8,755,-269,1,0
8,756,-268,-1,0
8,757,-267,-1,0
8,758,-266,1,0
8,759,-265,-1,0
8,760,-264,1,0
8,761,-263,1,0
8,762,-262,1,0
8,763,-261,-1,0
8,764,-260,-1,0
8,765,-259,-1,0
8,766,-258,1,0
8,767,-257,-1,0
8,768,-256,-1,0
8,769,-255,-1,0
8,770,-254,-1,0
8,771,-253,1,0
8,772,-252,-1,0
8,773,-251,-1,0
8,774,-250,1,0
8,775,-249,-1,0
8,776,-248,-1,0
8,777,-247,-1,0
8,778,-246,-1,0
8,779,-245,1,0
8,780,-244,1,0
8,781,-243,1,0
8,782,-242,-1,0
8,783,-241,1,0
8,784,-240,-1,0
8,785,-239,-1,0
8,786,-238,-1,0
8,787,-237,1,0
8,788,-236,-1,0
8,789,-235,-1,0
8,790,-234,1,0
8,791,-233,-1,0
8,792,-232,1,0
8,793,-231,1,0
8,794,-230,1,0
8,795,-229,-1,0
8,796,-228,-1,0
8,797,-227,-1,0
8,798,-226,1,0
8,799,-225,-1,0
8,800,-224,-1,0
8,801,-223,-1,0
8,802,-222,-1,0
8,803,-221,1,0
8,804,-220,-1,0
8,805,-219,-1,0
8,806,-218,1,0
8,807,-217,-1,0
8,808,-216,-1,0
8,809,-215,-1,0
8,810,-214,-1,0
8,811,-213,1,0
8,812,-212,1,0
8,813,-211,1,0
8,814,-210,-1,0
8,815,-209,1,0
8,816,-208,1,0
8,817,-207,1,0
8,818,-206,1,0
8,819,-205,-1,0
8,820,-204,1,0
8,821,-203,1,0
8,822,-202,-1,0
8,823,-201,1,0
8,824,-200,-1,0
8,825,-199,-1,0
8,826,-198,-1,0
8,827,-197,1,0
8,828,-196,1,0
8,829,-195,1,0
8,830,-194,-1,0
8,831,-193,1,0
8,832,-192,-1,0
8,833,-191,-1,0
8,834,-190,-1,0
8,835,-189,1,0
8,836,-188,-1,0
8,837,-187,-1,0
8,838,-186,1,0
8,839,-185,-1,0
8,840,-184,-1,0
8,841,-183,-1,0
8,842,-182,-1,0
8,843,-181,1,0
8,844,-180,1,0
8,845,-179,1,0
8,846,-178,-1,0
8,847,-177,1,0
8,848,-176,-1,0
8,849,-175,-1,0
8,850,-174,-1,0
8,851,-173,1,0
8,852,-172,-1,0
8,853,-171,-1,0
8,854,-170,1,0
8,855,-169,-1,0
8,856,-168,1,0
8,857,-167,1,0
8,858,-166,1,0
8,859,-165,-1,0
8,860,-164,-1,0
8,861,-163,-1,0
8,862,-162,1,0
8,863,-161,-1,0
8,864,-160,1,0
8,865,-159,1,0
8,866,-158,1,0
8,867,-157,-1,0
8,868,-156,1,0
8,869,-155,1,0
8,870,-154,-1,0
8,871,-153,1,0
8,872,-152,1,0
8,873,-151,1,0
8,874,-150,1,0
8,875,-149,-1,0
8,876,-148,-1,0
8,877,-147,-1,0
8,878,-146,1,0
8,879,-145,-1,0
8,880,-144,-1,0
8,881,-143,-1,0
8,882,-142,-1,0
8,883,-141,1,0
8,884,-140,-1,0
8,885,-139,-1,0
8,886,-138,1,0
8,887,-137,-1,0
8,888,-136,1,0
8,889,-135,1,0
8,890,-134,1,0
8,891,-133,-1,0
8,892,-132,-1,0
8,893,-131,-1,0
8,894,-130,1,0
8,895,-129,-1,0
8,896,-128,1,0
8,897,-127,1,0
8,898,-126,1,0
8,899,-125,-1,0
8,900,-124,1,0
8,901,-123,1,0
8,902,-122,-1,0
8,903,-121,1,0
8,904,-120,1,0
8,905,-119,1,0
8,906,-118,1,0
8,907,-117,-1,0
8,908,-116,-1,0
8,909,-115,-1,0
8,910,-114,1,0
8,911,-113,-1,0
8,912,-112,1,0
8,913,-111,1,0
8,914,-110,1,0
8,915,-109,-1,0
8,916,-108,1,0
8,917,-107,1,0
8,918,-106,-1,0
8,919,-105,1,0
8,920,-104,-1,0
8,921,-103,-1,0
8,922,-102,-1,0
8,923,-101,1,0
8,924,-100,1,0
8,925,-99,1,0
8,926,-98,-1,0
8,927,-97,1,0
8,928,-96,1,0
8,929,-95,1,0
8,930,-94,1,0
8,931,-93,-1,0
8,932,-92,1,0
8,933,-91,1,0
8,934,-90,-1,0
8,935,-89,1,0
8,936,-88,1,0
8,937,-87,1,0
8,938,-86,1,0
8,939,-85,-1,0
8,940,-84,-1,0
8,941,-83,-1,0
8,942,-82,1,0
8,943,-81,-1,0
8,944,-80,-1,0
8,945,-79,-1,0
8,946,-78,-1,0
8,947,-77,1,0
8,948,-76,-1,0
8,949,-75,-1,0
8,950,-74,1,0
8,951,-73,-1,0
8,952,-72,1,0
8,953,-71,1,0
8,954,-70,1,0
8,955,-69,-1,0
8,956,-68,-1,0
8,957,-67,-1,0
8,958,-66,1,0
8,959,-65,-1,0
8,960,-64,-1,0
8,961,-63,-1,0
8,962,-62,-1,0
8,963,-61,1,0
8,964,-60,-1,0
8,965,-59,-1,0
8,966,-58,1,0
8,967,-57,-1,0
8,968,-56,-1,0
8,969,-55,-1,0
8,970,-54,-1,0
8,971,-53,1,0
8,972,-52,1,0
8,973,-51,1,0
8,974,-50,-1,0
8,975,-49,1,0
8,976,-48,-1,0
8,977,-47,-1,0
8,978,-46,-1,0
8,979,-45,1,0
8,980,-44,-1,0
8,981,-43,-1,0
8,982,-42,1,0
8,983,-41,-1,0
8,984,-40,1,0
8,985,-39,1,0
8,986,-38,1,0
8,987,-37,-1,0
8,988,-36,-1,0
8,989,-35,-1,0
8,990,-34,1,0
8,991,-33,-1,0
8,992,-32,1,0
8,993,-31,1,0
8,994,-30,1,0
8,995,-29,-1,0
8,996,-28,1,0
8,997,-27,1,0
8,998,-26,-1,0
8,999,-25,1,0
8,1000,-24,1,0
8,1001,-23,1,0
8,1002,-22,1,0
8,1003,-21,-1,0
8,1004,-20,-1,0
8,1005,-19,-1,0
8,1006,-18,1,0
8,1007,-17,-1,0
8,1008,-16,-1,0
8,1009,-15,-1,0
8,1010,-14,-1,0
8,1011,-13,1,0
8,1012,-12,-1,0
8,1013,-11,-1,0
8,1014,-10,1,0
8,1015,-9,-1,0
8,1016,-8,1,0
8,1017,-7,1,0
8,1018,-6,1,0
8,1019,-5,-1,0
8,1020,-4,-1,0
8,1021,-3,-1,0
8,1022,-2,1,0
8,1023,-1,-1,0
9,0,0,1,0
9,1,1,1,0
9,2,2,1,0
9,3,3,-1,0
9,4,4,1,0
9,5,5,1,0
9,6,6,-1,0
9,7,7,1,0
9,8,8,1,0
9,9,9,1,0
9,10,10,1,0
9,11,11,-1,0
9,12,12,-1,0
9,13,13,-1,0
9,14,14,1,0
9,15,15,-1,0
9,16,16,1,0
9,17,17,1,0
9,18,18,1,0
9,19,19,-1,0
9,20,20,1,0
9,21,21,1,0
9,22,22,-1,0
9,23,23,1,0
9,24,24,-1,0
9,25,25,-1,0
9,26,26,-1,0
9,27,27,1,0
9,28,28,1,0
9,29,29,1,0
9,30,30,-1,0
9,31,31,1,0
9,32,32,1,0
9,33,33,1,0
9,34,34,1,0
9,35,35,-1,0
9,36,36,1,0
9,37,37,1,0
9,38,38,-1,0
9,39,39,1,0
9,40,40,1,0
9,41,41,1,0
9,42,42,1,0
9,43,43,-1,0
9,44,44,-1,0
9,45,45,-1,0
9,46,46,1,0
9,47,47,-1,0
9,48,48,-1,0
9,49,49,-1,0
9,50,50,-1,0
9,51,51,1,0
9,52,52,-1,0
9,53,53,-1,0
9,54,54,1,0
9,55,55,-1,0
9,56,56,1,0
9,57,57,1,0
9,58,58,1,0
9,59,59,-1,0
9,60,60,-1,0
9,61,61,-1,0
9,62,62,1,0
9,63,63,-1,0
9,64,64,1,0
9,65,65,1,0
9,66,66,1,0
9,67,67,-1,0
9,68,68,1,0
9,69,69,1,0
9,70,70,-1,0
9,71,71,1,0
9,72,72,1,0
9,73,73,1,0
9,74,74,1,0
9,75,75,-1,0
9,76,76,-1,0
9,77,77,-1,0
9,78,78,1,0
9,79,79,-1,0
9,80,80,1,0
9,81,81,1,0
9,82,82,1,0
9,83,83,-1,0
9,84,84,1,0
9,85,85,1,0
9,86,86,-1,0
9,87,87,1,0
9,88,88,-1,0
9,89,89,-1,0
9,90,90,-1,0
9,91,91,1,0
9,92,92,1,0
9,93,93,1,0
9,94,94,-1,0
9,95,95,1,0
9,96,96,-1,0
9,97,97,-1,0
9,98,98,-1,0
9,99,99,1,0
9,100,100,-1,0
9,101,101,-1,0
9,102,102,1,0
9,103,103,-1,0
9,104,104,-1,0
9,105,105,-1,0
9,106,106,-1,0
9,107,107,1,0
9,108,108,1,0
9,109,109,1,0
9,110,110,-1,0
9,111,111,1,0
9,112,112,1,0
9,113,113,1,0
9,114,114,1,0
9,115,115,-1,0
9,116,116,1,0
9,117,117,1,0
9,118,118,-1,0
9,119,119,1,0
9,120,120,-1,0
9,121,121,-1,0
9,122,122,-1,0
9,123,123,1,0
9,124,124,1,0
9,125,125,1,0
9,126,126,-1,0
9,127,127,1,0
9,128,128,1,0
9,129,129,1,0
9,130,130,1,0
9,131,131,-1,0
9,132,132,1,0
9,133,133,1,0
9,134,134,-1,0
9,135,135,1,0
9,136,136,1,0
9,137,137,1,0
9,138,138,1,0
9,139,139,-1,0
9,140,140,-1,0
9,141,141,-1,0
9,142,142,1,0
9,143,143,-1,0
9,144,144,1,0
9,145,145,1,0
9,146,146,1,0
9,147,147,-1,0
9,148,148,1,0
9,149,149,1,0
9,150,150,-1,0
9,151,151,1,0
9,152,152,-1,0
9,153,153,-1,0
9,154,154,-1,0
9,155,155,1,0
9,156,156,1,0
9,157,157,1,0
9,158,158,-1,0
9,159,159,1,0
9,160,160,1,0
9,161,161,1,0
9,162,162,1,0
9,163,163,-1,0
9,164,164,1,0
9,165,165,1,0
9,166,166,-1,0
9,167,167,1,0
9,168,168,1,0
9,169,169,1,0
9,170,170,1,0
9,171,171,-1,0
9,172,172,-1,0
9,173,173,-1,0
9,174,174,1,0
9,175,175,-1,0
9,176,176,-1,0
9,177,177,-1,0
9,178,178,-1,0
9,179,179,1,0
9,180,180,-1,0
9,181,181,-1,0
9,182,182,1,0
9,183,183,-1,0
9,184,184,1,0
9,185,185,1,0
9,186,186,1,0
9,187,187,-1,0
9,188,188,-1,0
9,189,189,-1,0
9,190,190,1,0
9,191,191,-1,0
9,192,192,-1,0
9,193,193,-1,0
9,194,194,-1,0
9,195,195,1,0
9,196,196,-1,0
9,197,197,-1,0
9,198,198,1,0
9,199,199,-1,0
9,200,200,-1,0
9,201,201,-1,0
9,202,202,-1,0
9,203,203,1,0
9,204,204,1,0
9,205,205,1,0
9,206,206,-1,0
9,207,207,1,0
9,208,208,-1,0
9,209,209,-1,0
9,210,210,-1,0
9,211,211,1,0
9,212,212,-1,0
9,213,213,-1,0
9,214,214,1,0
9,215,215,-1,0
9,216,216,1,0
9,217,217,1,0
9,218,218,1,0
9,219,219,-1,0
9,220,220,-1,0
9,221,221,-1,0
9,222,222,1,0
9,223,223,-1,0
9,224,224,1,0
9,225,225,1,0
9,226,226,1,0
9,227,227,-1,0
9,228,228,1,0
9,229,229,1,0
9,230,230,-1,0
9,231,231,1,0
9,232,232,1,0
9,233,233,1,0
9,234,234,1,0
9,235,235,-1,0
9,236,236,-1,0
9,237,237,-1,0
9,238,238,1,0
9,239,239,-1,0
9,240,240,-1,0
9,241,241,-1,0
9,242,242,-1,0
9,243,243,1,0
9,244,244,-1,0
9,245,245,-1,0
9,246,246,1,0
9,247,247,-1,0
9,248,248,1,0
9,249,249,1,0
9,250,250,1,0
9,251,251,-1,0
9,252,252,-1,0
9,253,253,-1,0
9,254,254,1,0
9,255,255,-1,0
9,256,256,1,0
9,257,257,1,0
9,258,258,1,0
9,259,259,-1,0
9,260,260,1,0
9,261,261,1,0
9,262,262,-1,0
9,263,263,1,0
9,264,264,1,0
9,265,265,1,0
9,266,266,1,0
9,267,267,-1,0
9,268,268,-1,0
9,269,269,-1,0
9,270,270,1,0
9,271,271,-1,0
9,272,272,1,0
9,273,273,1,0
9,274,274,1,0
9,275,275,-1,0
9,276,276,1,0
9,277,277,1,0
9,278,278,-1,0
9,279,279,1,0
9,280,280,-1,0
9,281,281,-1,0
9,282,282,-1,0
9,283,283,1,0
9,284,284,1,0
9,285,285,1,0
9,286,286,-1,0
9,287,287,1,0
9,288,288,1,0
9,289,289,1,0
9,290,290,1,0
9,291,291,-1,0
9,292,292,1,0
9,293,293,1,0
9,294,294,-1,0
9,295,295,1,0
9,296,296,1,0
9,297,297,1,0
9,298,298,1,0
9,299,299,-1,0
9,300,300,-1,0
9,301,301,-1,0
9,302,302,1,0
9,303,303,-1,0
9,304,304,-1,0
9,305,305,-1,0
9,306,306,-1,0
9,307,307,1,0
9,308,308,-1,0
9,309,309,-1,0
9,310,310,1,0
9,311,311,-1,0
9,312,312,1,0
9,313,313,1,0
9,314,314,1,0
9,315,315,-1,0
9,316,316,-1,0
9,317,317,-1,0
9,318,318,1,0
9,319,319,-1,0
9,320,320,1,0
9,321,321,1,0
9,322,322,1,0
9,323,323,-1,0
9,324,324,1,0
9,325,325,1,0
9,326,326,-1,0
9,327,327,1,0
9,328,328,1,0
9,329,329,1,0
9,330,330,1,0
9,331,331,-1,0
9,332,332,-1,0
9,333,333,-1,0
9,334,334,1,0
9,335,335,-1,0
9,336,336,1,0
9,337,337,1,0
9,338,338,1,0
9,339,339,-1,0
9,340,340,1,0
9,341,341,1,0
9,342,342,-1,0
9,343,343,1,0
9,344,344,-1,0
9,345,345,-1,0
9,346,346,-1,0
9,347,347,1,0
9,348,348,1,0
9,349,349,1,0
9,350,350,-1,0
9,351,351,1,0
9,352,352,-1,0
9,353,353,-1,0
9,354,354,-1,0
9,355,355,1,0
9,356,356,-1,0
9,357,357,-1,0
9,358,358,1,0
9,359,359,-1,0
9,360,360,-1,0
9,361,361,-1,0
9,362,362,-1,0
9,363,363,1,0
9,364,364,1,0
9,365,365,1,0
9,366,366,-1,0
9,367,367,1,0
9,368,368,1,0
9,369,369,1,0
9,370,370,1,0
9,371,371,-1,0
9,372,372,1,0
9,373,373,1,0
9,374,374,-1,0
9,375,375,1,0
9,376,376,-1,0
9,377,377,-1,0
9,378,378,-1,0
9,379,379,1,0
9,380,380,1,0
9,381,381,1,0
9,382,382,-1,0
9,383,383,1,0
9,384,384,-1,0
9,385,385,-1,0
9,386,386,-1,0
9,387,387,1,0
9,388,388,-1,0
9,389,389,-1,0
9,390,390,1,0
9,391,391,-1,0
9,392,392,-1,0
9,393,393,-1,0
9,394,394,-1,0
9,395,395,1,0
9,396,396,1,0
9,397,397,1,0
9,398,398,-1,0
9,399,399,1,0
9,400,400,-1,0
9,401,401,-1,0
9,402,402,-1,0
9,403,403,1,0
9,404,404,-1,0
9,405,405,-1,0
9,406,406,1,0
9,407,407,-1,0
9,408,408,1,0
9,409,409,1,0
9,410,410,1,0
9,411,411,-1,0
9,412,412,-1,0
9,413,413,-1,0
9,414,414,1,0
9,415,415,-1,0
9,416,416,-1,0
9,417,417,-1,0
9,418,418,-1,0
9,419,419,1,0
9,420,420,-1,0
9,421,421,-1,0
9,422,422,1,0
9,423,423,-1,0
9,424,424,-1,0
9,425,425,-1,0
9,426,426,-1,0
9,427,427,1,0
9,428,428,1,0
9,429,429,1,0
9,430,430,-1,0
9,431,431,1,0
9,432,432,1,0
9,433,433,1,0
9,434,434,1,0
9,435,435,-1,0
9,436,436,1,0
9,437,437,1,0
9,438,438,-1,0
9,439,439,1,0
9,440,440,-1,0
9,441,441,-1,0
9,442,442,-1,0
9,443,443,1,0
9,444,444,1,0
9,445,445,1,0
9,446,446,-1,0
9,447,447,1,0
9,448,448,1,0
9,449,449,1,0
9,450,450,1,0
9,451,451,-1,0
9,452,452,1,0
9,453,453,1,0
9,454,454,-1,0
9,455,455,1,0
9,456,456,1,0
9,457,457,1,0
9,458,458,1,0
9,459,459,-1,0
9,460,460,-1,0
9,461,461,-1,0
9,462,462,1,0
9,463,463,-1,0
9,464,464,1,0
9,465,465,1,0
9,466,466,1,0
9,467,467,-1,0
9,468,468,1,0
9,469,469,1,0
9,470,470,-1,0
9,471,471,1,0
9,472,472,-1,0
9,473,473,-1,0
9,474,474,-1,0
9,475,475,1,0
9,476,476,1,0
9,477,477,1,0
9,478,478,-1,0
9,479,479,1,0
9,480,480,-1,0
9,481,481,-1,0
9,482,482,-1,0
9,483,483,1,0
9,484,484,-1,0
9,485,485,-1,0
9,486,486,1,0
9,487,487,-1,0
9,488,488,-1,0
9,489,489,-1,0
9,490,490,-1,0
9,491,491,1,0
9,492,492,1,0
9,493,493,1,0
9,494,494,-1,0
9,495,495,1,0
9,496,496,1,0
9,497,497,1,0
9,498,498,1,0
9,499,499,-1,0
9,500,500,1,0
9,501,501,1,0
9,502,502,-1,0
9,503,503,1,0
9,504,504,-1,0
9,505,505,-1,0
9,506,506,-1,0
9,507,507,1,0
9,508,508,1,0
9,509,509,1,0
9,510,510,-1,0
9,511,511,1,0
9,512,-512,-1,0
9,513,-511,-1,0
9,514,-510,-1,0
9,515,-509,1,0
9,516,-508,-1,0
9,517,-507,-1,0
9,518,-506,1,0
9,519,-505,-1,0
9,520,-504,-1,0
9,521,-503,-1,0
9,522,-502,-1,0
9,523,-501,1,0
9,524,-500,1,0
9,525,-499,1,0
9,526,-498,-1,0
9,527,-497,1,0
9,528,-496,-1,0
9,529,-495,-1,0
9,530,-494,-1,0
9,531,-493,1,0
9,532,-492,-1,0
9,533,-491,-1,0
9,534,-490,1,0
9,535,-489,-1,0
9,536,-488,1,0
9,537,-487,1,0
9,538,-486,1,0
9,539,-485,-1,0
9,540,-484,-1,0
9,541,-483,-1,0
9,542,-482,1,0
9,543,-481,-1,0
9,544,-480,-1,0
9,545,-479,-1,0
9,546,-478,-1,0
9,547,-477,1,0
9,548,-476,-1,0
9,549,-475,-1,0
9,550,-474,1,0
9,551,-473,-1,0
9,552,-472,-1,0
9,553,-471,-1,0
9,554,-470,-1,0
9,555,-469,1,0
9,556,-468,1,0
9,557,-467,1,0
9,558,-466,-1,0
9,559,-465,1,0
9,560,-464,1,0
9,561,-463,1,0
9,562,-462,1,0
9,563,-461,-1,0
9,564,-460,1,0
9,565,-459,1,0
9,566,-458,-1,0
9,567,-457,1,0
9,568,-456,-1,0
9,569,-455,-1,0
9,570,-454,-1,0
9,571,-453,1,0
9,572,-452,1,0
9,573,-451,1,0
9,574,-450,-1,0
9,575,-449,1,0
9,576,-448,-1,0
9,577,-447,-1,0
9,578,-446,-1,0
9,579,-445,1,0
9,580,-444,-1,0
9,581,-443,-1,0
9,582,-442,1,0
9,583,-441,-1,0
9,584,-440,-1,0
9,585,-439,-1,0
9,586,-438,-1,0
9,587,-437,1,0
9,588,-436,1,0
9,589,-435,1,0
9,590,-434,-1,0
9,591,-433,1,0
9,592,-432,-1,0
9,593,-431,-1,0
9,594,-430,-1,0
9,595,-429,1,0
9,596,-428,-1,0
9,597,-427,-1,0
9,598,-426,1,0
9,599,-425,-1,0
9,600,-424,1,0
9,601,-423,1,0
9,602,-422,1,0
9,603,-421,-1,0
9,604,-420,-1,0
9,605,-419,-1,0
9,606,-418,1,0
9,607,-417,-1,0
9,608,-416,1,0
9,609,-415,1,0
9,610,-414,1,0
9,611,-413,-1,0
9,612,-412,1,0
9,613,-411,1,0
9,614,-410,-1,0
9,615,-409,1,0
9,616,-408,1,0
9,617,-407,1,0
9,618,-406,1,0
9,619,-405,-1,0
9,620,-404,-1,0
9,621,-403,-1,0
9,622,-402,1,0
9,623,-401,-1,0
9,624,-400,-1,0
9,625,-399,-1,0
9,626,-398,-1,0
9,627,-397,1,0
9,628,-396,-1,0
9,629,-395,-1,0
9,630,-394,1,0
9,631,-393,-1,0
9,632,-392,1,0
9,633,-391,1,0
9,634,-390,1,0
9,635,-389,-1,0
9,636,-388,-1,0
9,637,-387,-1,0
9,638,-386,1,0
9,639,-385,-1,0
9,640,-384,-1,0
9,641,-383,-1,0
9,642,-382,-1,0
9,643,-381,1,0
9,644,-380,-1,0
9,645,-379,-1,0
9,646,-378,1,0
9,647,-377,-1,0
9,648,-376,-1,0
9,649,-375,-1,0
9,650,-374,-1,0
9,651,-373,1,0
9,652,-372,1,0
9,653,-371,1,0
9,654,-370,-1,0
9,655,-369,1,0
9,656,-368,-1,0
9,657,-367,-1,0
9,658,-366,-1,0
9,659,-365,1,0
9,660,-364,-1,0
9,661,-363,-1,0
9,662,-362,1,0
9,663,-361,-1,0
9,664,-360,1,0
9,665,-359,1,0
9,666,-358,1,0
9,667,-357,-1,0
9,668,-356,-1,0
9,669,-355,-1,0
9,670,-354,1,0
9,671,-353,-1,0
9,672,-352,-1,0
9,673,-351,-1,0
9,674,-350,-1,0
9,675,-349,1,0
9,676,-348,-1,0
9,677,-347,-1,0
9,678,-346,1,0
9,679,-345,-1,0
9,680,-344,-1,0
9,681,-343,-1,0
9,682,-342,-1,0
9,683,-341,1,0
9,684,-340,1,0
9,685,-339,1,0
9,686,-338,-1,0
9,687,-337,1,0
9,688,-336,1,0
9,689,-335,1,0
9,690,-334,1,0
9,691,-333,-1,0
9,692,-332,1,0
9,693,-331,1,0
9,694,-330,-1,0
9,695,-329,1,0
9,696,-328,-1,0
9,697,-327,-1,0
9,698,-326,-1,0
9,699,-325,1,0
9,700,-324,1,0
9,701,-323,1,0
9,702,-322,-1,0
9,703,-321,1,0
9,704,-320,1,0
9,705,-319,1,0
9,706,-318,1,0
9,707,-317,-1,0
9,708,-316,1,0
9,709,-315,1,0
9,710,-314,-1,0
9,711,-313,1,0
9,712,-312,1,0
9,713,-311,1,0
9,714,-310,1,0
9,715,-309,-1,0
9,716,-308,-1,0
9,717,-307,-1,0
9,718,-306,1,0
9,719,-305,-1,0
9,720,-304,1,0
9,721,-303,1,0
9,722,-302,1,0
9,723,-301,-1,0
9,724,-300,1,0
9,725,-299,1,0
9,726,-298,-1,0
9,727,-297,1,0
9,728,-296,-1,0
9,729,-295,-1,0
9,730,-294,-1,0
9,731,-293,1,0
9,732,-292,1,0
9,733,-291,1,0
9,734,-290,-1,0
9,735,-289,1,0
9,736,-288,-1,0
9,737,-287,-1,0
9,738,-286,-1,0
9,739,-285,1,0
9,740,-284,-1,0
9,741,-283,-1,0
9,742,-282,1,0
9,743,-281,-1,0
9,744,-280,-1,0
9,745,-279,-1,0
9,746,-278,-1,0
9,747,-277,1,0
9,748,-276,1,0
9,749,-275,1,0
9,750,-274,-1,0
9,751,-273,1,0
9,752,-272,1,0
9,753,-271,1,0
9,754,-270,1,0
9,755,-269,-1,0
9,756,-268,1,0
9,757,-267,1,0
9,758,-266,-1,0
9,759,-265,1,0
9,760,-264,-1,0
9,761,-263,-1,0
9,762,-262,-1,0
9,763,-261,1,0
9,764,-260,1,0
9,765,-259,1,0
9,766,-258,-1,0
9,767,-257,1,0
9,768,-256,1,0
9,769,-255,1,0
9,770,-254,1,0
9,771,-253,-1,0
9,772,-252,1,0
9,773,-251,1,0
9,774,-250,-1,0
9,775,-249,1,0
9,776,-248,1,0
9,777,-247,1,0
9,778,-246,1,0
9,779,-245,-1,0
9,780,-244,-1,0
9,781,-243,-1,0
9,782,-242,1,0
9,783,-241,-1,0
9,784,-240,1,0
9,785,-239,1,0
9,786,-238,1,0
9,787,-237,-1,0
9,788,-236,1,0
9,789,-235,1,0
9,790,-234,-1,0
9,791,-233,1,0
9,792,-232,-1,0
9,793,-231,-1,0
9,794,-230,-1,0
9,795,-229,1,0
9,796,-228,1,0
9,797,-227,1,0
9,798,-226,-1,0
9,799,-225,1,0
9,800,-224,1,0
9,801,-223,1,0
9,802,-222,1,0
9,803,-221,-1,0
9,804,-220,1,0
9,805,-219,1,0
9,806,-218,-1,0
9,807,-217,1,0
9,808,-216,1,0
9,809,-215,1,0
9,810,-214,1,0
9,811,-213,-1,0
9,812,-212,-1,0
9,813,-211,-1,0
9,814,-210,1,0
9,815,-209,-1,0
9,816,-208,-1,0
9,817,-207,-1,0
9,818,-206,-1,0
9,819,-205,1,0
9,820,-204,-1,0
9,821,-203,-1,0
9,822,-202,1,0
9,823,-201,-1,0
9,824,-200,1,0
9,825,-199,1,0
9,826,-198,1,0
9,827,-197,-1,0
9,828,-196,-1,0
9,829,-195,-1,0
9,830,-194,1,0
9,831,-193,-1,0
9,832,-192,1,0
9,833,-191,1,0
9,834,-190,1,0
9,835,-189,-1,0
9,836,-188,1,0
9,837,-187,1,0
9,838,-186,-1,0
9,839,-185,1,0
9,840,-184,1,0
9,841,-183,1,0
9,842,-182,1,0
9,843,-181,-1,0
9,844,-180,-1,0
9,845,-179,-1,0
9,846,-178,1,0
9,847,-177,-1,0
9,848,-176,1,0
9,849,-175,1,0
9,850,-174,1,0
9,851,-173,-1,0
9,852,-172,1,0
9,853,-171,1,0
9,854,-170,-1,0
9,855,-169,1,0
9,856,-168,-1,0
9,857,-167,-1,0
9,858,-166,-1,0
9,859,-165,1,0
9,860,-164,1,0
9,861,-163,1,0
9,862,-162,-1,0
9,863,-161,1,0
9,864,-160,-1,0
9,865,-159,-1,0
9,866,-158,-1,0
9,867,-157,1,0
9,868,-156,-1,0
9,869,-155,-1,0
9,870,-154,1,0
9,871,-153,-1,0
9,872,-152,-1,0
9,873,-151,-1,0
9,874,-150,-1,0
9,875,-149,1,0
9,876,-148,1,0
9,877,-147,1,0
9,878,-146,-1,0
9,879,-145,1,0
9,880,-144,1,0
9,881,-143,1,0
9,882,-142,1,0
9,883,-141,-1,0
9,884,-140,1,0
9,885,-139,1,0
9,886,-138,-1,0
9,887,-137,1,0
9,888,-136,-1,0
9,889,-135,-1,0
9,890,-134,-1,0
9,891,-133,1,0
9,892,-132,1,0
9,893,-131,1,0
9,894,-130,-1,0
9,895,-129,1,0
9,896,-128,-1,0
9,897,-127,-1,0
9,898,-126,-1,0
9,899,-125,1,0
9,900,-124,-1,0
9,901,-123,-1,0
9,902,-122,1,0
9,903,-121,-1,0
9,904,-120,-1,0
9,905,-119,-1,0
9,906,-118,-1,0
9,907,-117,1,0
9,908,-116,1,0
9,909,-115,1,0
9,910,-114,-1,0
9,911,-113,1,0
9,912,-112,-1,0
9,913,-111,-1,0
9,914,-110,-1,0
9,915,-109,1,0
9,916,-108,-1,0
9,917,-107,-1,0
9,918,-106,1,0
9,919,-105,-1,0
9,920,-104,1,0
9,921,-103,1,0
9,922,-102,1,0
9,923,-101,-1,0
9,924,-100,-1,0
9,925,-99,-1,0
9,926,-98,1,0
9,927,-97,-1,0
9,928,-96,-1,0
9,929,-95,-1,0
9,930,-94,-1,0
9,931,-93,1,0
9,932,-92,-1,0
9,933,-91,-1,0
9,934,-90,1,0
9,935,-89,-1,0
9,936,-88,-1,0
9,937,-87,-1,0
9,938,-86,-1,0
9,939,-85,1,0
9,940,-84,1,0
9,941,-83,1,0
9,942,-82,-1,0
9,943,-81,1,0
9,944,-80,1,0
9,945,-79,1,0
9,946,-78,1,0
9,947,-77,-1,0
9,948,-76,1,0
9,949,-75,1,0
9,950,-74,-1,0
9,951,-73,1,0
9,952,-72,-1,0
9,953,-71,-1,0
9,954,-70,-1,0
9,955,-69,1,0
9,956,-68,1,0
9,957,-67,1,0
9,958,-66,-1,0
9,959,-65,1,0
9,960,-64,1,0
9,961,-63,1,0
9,962,-62,1,0
9,963,-61,-1,0
9,964,-60,1,0
9,965,-59,1,0
9,966,-58,-1,0
9,967,-57,1,0
9,968,-56,1,0
9,969,-55,1,0
9,970,-54,1,0
9,971,-53,-1,0
9,972,-52,-1,0
9,973,-51,-1,0
9,974,-50,1,0
9,975,-49,-1,0
9,976,-48,1,0
9,977,-47,1,0
9,978,-46,1,0
9,979,-45,-1,0
9,980,-44,1,0
9,981,-43,1,0
9,982,-42,-1,0
9,983,-41,1,0
9,984,-40,-1,0
9,985,-39,-1,0
9,986,-38,-1,0
9,987,-37,1,0
9,988,-36,1,0
9,989,-35,1,0
9,990,-34,-1,0
9,991,-33,1,0
9,992,-32,-1,0
9,993,-31,-1,0
9,994,-30,-1,0
9,995,-29,1,0
9,996,-28,-1,0
9,997,-27,-1,0
9,998,-26,1,0
9,999,-25,-1,0
9,1000,-24,-1,0
9,1001,-23,-1,0
9,1002,-22,-1,0
9,1003,-21,1,0
9,1004,-20,1,0
9,1005,-19,1,0
9,1006,-18,-1,0
9,1007,-17,1,0
9,1008,-16,1,0
9,1009,-15,1,0
9,1010,-14,1,0
9,1011,-13,-1,0
9,1012,-12,1,0
9,1013,-11,1,0
9,1014,-10,-1,0
9,1015,-9,1,0
9,1016,-8,-1,0
9,1017,-7,-1,0
9,1018,-6,-1,0
9,1019,-5,1,0
9,1020,-4,1,0
9,1021,-3,1,0
9,1022,-2,-1,0
9,1023,-1,1,0
10,0,0,1,0
10,1,1,1,0
10,2,2,1,0
10,3,3,-1,0
10,4,4,1,0
10,5,5,1,0
10,6,6,-1,0
10,7,7,1,0
10,8,8,1,0
10,9,9,1,0
10,10,10,1,0
10,11,11,-1,0
10,12,12,-1,0
10,13,13,-1,0
10,14,14,1,0
10,15,15,-1,0
10,16,16,1,0
10,17,17,1,0
10,18,18,1,0
10,19,19,-1,0
10,20,20,1,0
10,21,21,1,0
10,22,22,-1,0
10,23,23,1,0
10,24,24,-1,0
10,25,25,-1,0
10,26,26,-1,0
10,27,27,1,0
10,28,28,1,0
10,29,29,1,0
10,30,30,-1,0
10,31,31,1,0
10,32,32,1,0
10,33,33,1,0
10,34,34,1,0
10,35,35,-1,0
10,36,36,1,0
10,37,37,1,0
10,38,38,-1,0
10,39,39,1,0
10,40,40,1,0
10,41,41,1,0
10,42,42,1,0
10,43,43,-1,0
10,44,44,-1,0
10,45,45,-1,0
10,46,46,1,0
10,47,47,-1,0
10,48,48,-1,0
10,49,49,-1,0
10,50,50,-1,0
10,51,51,1,0
10,52,52,-1,0
10,53,53,-1,0
10,54,54,1,0
10,55,55,-1,0
10,56,56,1,0
10,57,57,1,0
10,58,58,1,0
10,59,59,-1,0
10,60,60,-1,0
10,61,61,-1,0
10,62,62,1,0
10,63,63,-1,0
10,64,64,1,0
10,65,65,1,0
10,66,66,1,0
10,67,67,-1,0
10,68,68,1,0
10,69,69,1,0
10,70,70,-1,0
10,71,71,1,0
10,72,72,1,0
10,73,73,1,0
10,74,74,1,0
10,75,75,-1,0
10,76,76,-1,0
10,77,77,-1,0
10,78,78,1,0
10,79,79,-1,0
10,80,80,1,0
10,81,81,1,0
10,82,82,1,0
10,83,83,-1,0
10,84,84,1,0
10,85,85,1,0
10,86,86,-1,0
10,87,87,1,0
10,88,88,-1,0
10,89,89,-1,0
10,90,90,-1,0
10,91,91,1,0
10,92,92,1,0
10,93,93,1,0
10,94,94,-1,0
10,95,95,1,0
10,96,96,-1,0
10,97,97,-1,0
10,98,98,-1,0
10,99,99,1,0
10,100,100,-1,0
10,101,101,-1,0
10,102,102,1,0
10,103,103,-1,0
10,104,104,-1,0
10,105,105,-1,0
10,106,106,-1,0
10,107,107,1,0
10,108,108,1,0
10,109,109,1,0
10,110,110,-1,0
10,111,111,1,0
10,112,112,1,0
10,113,113,1,0
10,114,114,1,0
10,115,115,-1,0
10,116,116,1,0
10,117,117,1,0
10,118,118,-1,0
10,119,119,1,0
10,120,120,-1,0
10,121,121,-1,0
10,122,122,-1,0
10,123,123,1,0
10,124,124,1,0
10,125,125,1,0
10,126,126,-1,0
10,127,127,1,0
10,128,128,1,0
10,129,129,1,0
10,130,130,1,0
10,131,131,-1,0
10,132,132,1,0
10,133,133,1,0
10,134,134,-1,0
10,135,135,1,0
10,136,136,1,0
10,137,137,1,0
10,138,138,1,0
10,139,139,-1,0
10,140,140,-1,0
10,141,141,-1,0
10,142,142,1,0
10,143,143,-1,0
10,144,144,1,0
10,145,145,1,0
10,146,146,1,0
10,147,147,-1,0
10,148,148,1,0
10,149,149,1,0
10,150,150,-1,0
10,151,151,1,0
10,152,152,-1,0
10,153,153,-1,0
10,154,154,-1,0
10,155,155,1,0
10,156,156,1,0
10,157,157,1,0
10,158,158,-1,0
10,159,159,1,0
10,160,160,1,0
10,161,161,1,0
10,162,162,1,0
10,163,163,-1,0
10,164,164,1,0
10,165,165,1,0
10,166,166,-1,0
10,167,167,1,0
10,168,168,1,0
10,169,169,1,0
10,170,170,1,0
10,171,171,-1,0
10,172,172,-1,0
10,173,173,-1,0
10,174,174,1,0
10,175,175,-1,0
10,176,176,-1,0
10,177,177,-1,0
10,178,178,-1,0
10,179,179,1,0
10,180,180,-1,0
10,181,181,-1,0
10,182,182,1,0
10,183,183,-1,0
10,184,184,1,0
10,185,185,1,0
10,186,186,1,0
10,187,187,-1,0
10,188,188,-1,0
10,189,189,-1,0
10,190,190,1,0
10,191,191,-1,0
10,192,192,-1,0
10,193,193,-1,0
10,194,194,-1,0
10,195,195,1,0
10,196,196,-1,0
10,197,197,-1,0
10,198,198,1,0
10,199,199,-1,0
10,200,200,-1,0
10,201,201,-1,0
10,202,202,-1,0
10,203,203,1,0
10,204,204,1,0
10,205,205,1,0
10,206,206,-1,0
10,207,207,1,0
10,208,208,-1,0
10,209,209,-1,0
10,210,210,-1,0
10,211,211,1,0
10,212,212,-1,0
10,213,213,-1,0
10,214,214,1,0
10,215,215,-1,0
10,216,216,1,0
10,217,217,1,0
10,218,218,1,0
10,219,219,-1,0
10,220,220,-1,0
10,221,221,-1,0
10,222,222,1,0
10,223,223,-1,0
10,224,224,1,0
10,225,225,1,0
10,226,226,1,0
10,227,227,-1,0
10,228,228,1,0
10,229,229,1,0
10,230,230,-1,0
10,231,231,1,0
10,232,232,1,0
10,233,233,1,0
10,234,234,1,0
10,235,235,-1,0
10,236,236,-1,0
10,237,237,-1,0
10,238,238,1,0
10,239,239,-1,0
10,240,240,-1,0
10,241,241,-1,0
10,242,242,-1,0
10,243,243,1,0
10,244,244,-1,0
10,245,245,-1,0
10,246,246,1,0
10,247,247,-1,0
10,248,248,1,0
10,249,249,1,0
10,250,250,1,0
10,251,251,-1,0
10,252,252,-1,0
10,253,253,-1,0
10,254,254,1,0
10,255,255,-1,0
10,256,256,1,0
10,257,257,1,0
10,258,258,1,0
10,259,259,-1,0
10,260,260,1,0
10,261,261,1,0
10,262,262,-1,0
10,263,263,1,0
10,264,264,1,0
10,265,265,1,0
10,266,266,1,0
10,267,267,-1,0
10,268,268,-1,0
10,269,269,-1,0
10,270,270,1,0
10,271,271,-1,0
10,272,272,1,0
10,273,273,1,0
10,274,274,1,0
10,275,275,-1,0
10,276,276,1,0
10,277,277,1,0
10,278,278,-1,0
10,279,279,1,0
10,280,280,-1,0
10,281,281,-1,0
10,282,282,-1,0
10,283,283,1,0
10,284,284,1,0
10,285,285,1,0
10,286,286,-1,0
10,287,287,1,0
10,288,288,1,0
10,289,289,1,0
10,290,290,1,0
10,291,291,-1,0
10,292,292,1,0
10,293,293,1,0
10,294,294,-1,0
10,295,295,1,0
10,296,296,1,0
10,297,297,1,0
10,298,298,1,0
10,299,299,-1,0
10,300,300,-1,0
10,301,301,-1,0
10,302,302,1,0
10,303,303,-1,0
10,304,304,-1,0
10,305,305,-1,0
10,306,306,-1,0
10,307,307,1,0
10,308,308,-1,0
10,309,309,-1,0
10,310,310,1,0
10,311,311,-1,0
10,312,312,1,0
10,313,313,1,0
10,314,314,1,0
10,315,315,-1,0
10,316,316,-1,0
10,317,317,-1,0
10,318,318,1,0
10,319,319,-1,0
10,320,320,1,0
10,321,321,1,0
10,322,322,1,0
10,323,323,-1,0
10,324,324,1,0
10,325,325,1,0
10,326,326,-1,0
10,327,327,1,0
10,328,328,1,0
10,329,329,1,0
10,330,330,1,0
10,331,331,-1,0
10,332,332,-1,0
10,333,333,-1,0
10,334,334,1,0
10,335,335,-1,0
10,336,336,1,0
10,337,337,1,0
10,338,338,1,0
10,339,339,-1,0
10,340,340,1,0
10,341,341,1,0
10,342,342,-1,0
10,343,343,1,0
10,344,344,-1,0
10,345,345,-1,0
10,346,346,-1,0
10,347,347,1,0
10,348,348,1,0
10,349,349,1,0
10,350,350,-1,0
10,351,351,1,0
10,352,352,-1,0
10,353,353,-1,0
10,354,354,-1,0
10,355,355,1,0
10,356,356,-1,0
10,357,357,-1,0
10,358,358,1,0
10,359,359,-1,0
10,360,360,-1,0
10,361,361,-1,0
10,362,362,-1,0
10,363,363,1,0
10,364,364,1,0
10,365,365,1,0
10,366,366,-1,0
10,367,367,1,0
10,368,368,1,0
10,369,369,1,0
10,370,370,1,0
10,371,371,-1,0
10,372,372,1,0
10,373,373,1,0
10,374,374,-1,0
10,375,375,1,0
10,376,376,-1,0
10,377,377,-1,0
10,378,378,-1,0
10,379,379,1,0
10,380,380,1,0
10,381,381,1,0
10,382,382,-1,0
10,383,383,1,0
10,384,384,-1,0
10,385,385,-1,0
10,386,386,-1,0
10,387,387,1,0
10,388,388,-1,0
10,389,389,-1,0
10,390,390,1,0
10,391,391,-1,0
10,392,392,-1,0
10,393,393,-1,0
10,394,394,-1,0
10,395,395,1,0
10,396,396,1,0
10,397,397,1,0
10,398,398,-1,0
10,399,399,1,0
10,400,400,-1,0
10,401,401,-1,0
10,402,402,-1,0
10,403,403,1,0
10,404,404,-1,0
10,405,405,-1,0
10,406,406,1,0
10,407,407,-1,0
10,408,408,1,0
10,409,409,1,0
10,410,410,1,0
10,411,411,-1,0
10,412,412,-1,0
10,413,413,-1,0
10,414,414,1,0
10,415,415,-1,0
10,416,416,-1,0
10,417,417,-1,0
10,418,418,-1,0
10,419,419,1,0
10,420,420,-1,0
10,421,421,-1,0
10,422,422,1,0
10,423,423,-1,0
10,424,424,-1,0
10,425,425,-1,0
10,426,426,-1,0
10,427,427,1,0
10,428,428,1,0
10,429,429,1,0
10,430,430,-1,0
10,431,431,1,0
10,432,432,1,0
10,433,433,1,0
10,434,434,1,0
10,435,435,-1,0
10,436,436,1,0
10,437,437,1,0
10,438,438,-1,0
10,439,439,1,0
10,440,440,-1,0
10,441,441,-1,0
10,442,442,-1,0
10,443,443,1,0
10,444,444,1,0
10,445,445,1,0
10,446,446,-1,0
10,447,447,1,0
10,448,448,1,0
10,449,449,1,0
10,450,450,1,0
10,451,451,-1,0
10,452,452,1,0
10,453,453,1,0
10,454,454,-1,0
10,455,455,1,0
10,456,456,1,0
10,457,457,1,0
10,458,458,1,0
10,459,459,-1,0
10,460,460,-1,0
10,461,461,-1,0
10,462,462,1,0
10,463,463,-1,0
10,464,464,1,0
10,465,465,1,0
10,466,466,1,0
10,467,467,-1,0
10,468,468,1,0
10,469,469,1,0
10,470,470,-1,0
10,471,471,1,0
10,472,472,-1,0
10,473,473,-1,0
10,474,474,-1,0
10,475,475,1,0
10,476,476,1,0
10,477,477,1,0
10,478,478,-1,0
10,479,479,1,0
10,480,480,-1,0
10,481,481,-1,0
10,482,482,-1,0
10,483,483,1,0
10,484,484,-1,0
10,485,485,-1,0
10,486,486,1,0
10,487,487,-1,0
10,488,488,-1,0
10,489,489,-1,0
10,490,490,-1,0
10,491,491,1,0
10,492,492,1,0
10,493,493,1,0
10,494,494,-1,0
10,495,495,1,0
10,496,496,1,0
10,497,497,1,0
10,498,498,1,0
10,499,499,-1,0
10,500,500,1,0
10,501,501,1,0
10,502,502,-1,0
10,503,503,1,0
10,504,504,-1,0
10,505,505,-1,0
10,506,506,-1,0
10,507,507,1,0
10,508,508,1,0
10,509,509,1,0
10,510,510,-1,0
10,511,511,1,0
10,512,-512,1,0
10,513,-511,1,0
10,514,-510,1,0
10,515,-509,-1,0
10,516,-508,1,0
10,517,-507,1,0
10,518,-506,-1,0
10,519,-505,1,0
10,520,-504,1,0
10,521,-503,1,0
10,522,-502,1,0
10,523,-501,-1,0
10,524,-500,-1,0
10,525,-499,-1,0
10,526,-498,1,0
10,527,-497,-1,0
10,528,-496,1,0
10,529,-495,1,0
10,530,-494,1,0
10,531,-493,-1,0
10,532,-492,1,0
10,533,-491,1,0
10,534,-490,-1,0
10,535,-489,1,0
10,536,-488,-1,0
10,537,-487,-1,0
10,538,-486,-1,0
10,539,-485,1,0
10,540,-484,1,0
10,541,-483,1,0
10,542,-482,-1,0
10,543,-481,1,0
10,544,-480,1,0
10,545,-479,1,0
10,546,-478,1,0
10,547,-477,-1,0
10,548,-476,1,0
10,549,-475,1,0
10,550,-474,-1,0
10,551,-473,1,0
10,552,-472,1,0
10,553,-471,1,0
10,554,-470,1,0
10,555,-469,-1,0
10,556,-468,-1,0
10,557,-467,-1,0
10,558,-466,1,0
10,559,-465,-1,0
10,560,-464,-1,0
10,561,-463,-1,0
10,562,-462,-1,0
10,563,-461,1,0
10,564,-460,-1,0
10,565,-459,-1,0
10,566,-458,1,0
10,567,-457,-1,0
10,568,-456,1,0
10,569,-455,1,0
10,570,-454,1,0
10,571,-453,-1,0
10,572,-452,-1,0
10,573,-451,-1,0
10,574,-450,1,0
10,575,-449,-1,0
10,576,-448,1,0
10,577,-447,1,0
10,578,-446,1,0
10,579,-445,-1,0
10,580,-444,1,0
10,581,-443,1,0
10,582,-442,-1,0
10,583,-441,1,0
10,584,-440,1,0
10,585,-439,1,0
10,586,-438,1,0
10,587,-437,-1,0
10,588,-436,-1,0
10,589,-435,-1,0
10,590,-434,1,0
10,591,-433,-1,0
10,592,-432,1,0
10,593,-431,1,0
10,594,-430,1,0
10,595,-429,-1,0
10,596,-428,1,0
10,597,-427,1,0
10,598,-426,-1,0
10,599,-425,1,0
10,600,-424,-1,0
10,601,-423,-1,0
10,602,-422,-1,0
10,603,-421,1,0
10,604,-420,1,0
10,605,-419,1,0
10,606,-418,-1,0
10,607,-417,1,0
10,608,-416,-1,0
10,609,-415,-1,0
10,610,-414,-1,0
10,611,-413,1,0
10,612,-412,-1,0
10,613,-411,-1,0
10,614,-410,1,0
10,615,-409,-1,0
10,616,-408,-1,0
10,617,-407,-1,0
10,618,-406,-1,0
10,619,-405,1,0
10,620,-404,1,0
10,621,-403,1,0
10,622,-402,-1,0
10,623,-401,1,0
10,624,-400,1,0
10,625,-399,1,0
10,626,-398,1,0
10,627,-397,-1,0
10,628,-396,1,0
10,629,-395,1,0
10,630,-394,-1,0
10,631,-393,1,0
10,632,-392,-1,0
10,633,-391,-1,0
10,634,-390,-1,0
10,635,-389,1,0
10,636,-388,1,0
10,637,-387,1,0
10,638,-386,-1,0
10,639,-385,1,0
10,640,-384,1,0
10,641,-383,1,0
10,642,-382,1,0
10,643,-381,-1,0
10,644,-380,1,0
10,645,-379,1,0
10,646,-378,-1,0
10,647,-377,1,0
10,648,-376,1,0
10,649,-375,1,0
10,650,-374,1,0
10,651,-373,-1,0
10,652,-372,-1,0
10,653,-371,-1,0
10,654,-370,1,0
10,655,-369,-1,0
10,656,-368,1,0
10,657,-367,1,0
10,658,-366,1,0
10,659,-365,-1,0
10,660,-364,1,0
10,661,-363,1,0
10,662,-362,-1,0
10,663,-361,1,0
10,664,-360,-1,0
10,665,-359,-1,0
10,666,-358,-1,0
10,667,-357,1,0
10,668,-356,1,0
10,669,-355,1,0
10,670,-354,-1,0
10,671,-353,1,0
10,672,-352,1,0
10,673,-351,1,0
10,674,-350,1,0
10,675,-349,-1,0
10,676,-348,1,0
10,677,-347,1,0
10,678,-346,-1,0
10,679,-345,1,0
10,680,-344,1,0
10,681,-343,1,0
10,682,-342,1,0
10,683,-341,-1,0
10,684,-340,-1,0
10,685,-339,-1,0
10,686,-338,1,0
10,687,-337,-1,0
10,688,-336,-1,0
10,689,-335,-1,0
10,690,-334,-1,0
10,691,-333,1,0
10,692,-332,-1,0
10,693,-331,-1,0
10,694,-330,1,0
10,695,-329,-1,0
10,696,-328,1,0
10,697,-327,1,0
10,698,-326,1,0
10,699,-325,-1,0
10,700,-324,-1,0
10,701,-323,-1,0
10,702,-322,1,0
10,703,-321,-1,0
10,704,-320,-1,0
10,705,-319,-1,0
10,706,-318,-1,0
10,707,-317,1,0
10,708,-316,-1,0
10,709,-315,-1,0
10,710,-314,1,0
10,711,-313,-1,0
10,712,-312,-1,0
10,713,-311,-1,0
10,714,-310,-1,0
10,715,-309,1,0
10,716,-308,1,0
10,717,-307,1,0
10,718,-306,-1,0
10,719,-305,1,0
10,720,-304,-1,0
10,721,-303,-1,0
10,722,-302,-1,0
10,723,-301,1,0
10,724,-300,-1,0
10,725,-299,-1,0
10,726,-298,1,0
10,727,-297,-1,0
10,728,-296,1,0
10,729,-295,1,0
10,730,-294,1,0
10,731,-293,-1,0
10,732,-292,-1,0
10,733,-291,-1,0
10,734,-290,1,0
10,735,-289,-1,0
10,736,-288,1,0
10,737,-287,1,0
10,738,-286,1,0
10,739,-285,-1,0
10,740,-284,1,0
10,741,-283,1,0
10,742,-282,-1,0
10,743,-281,1,0
10,744,-280,1,0
10,745,-279,1,0
10,746,-278,1,0
10,747,-277,-1,0
10,748,-276,-1,0
10,749,-275,-1,0
10,750,-274,1,0
10,751,-273,-1,0
10,752,-272,-1,0
10,753,-271,-1,0
10,754,-270,-1,0
10,755,-269,1,0
10,756,-268,-1,0
10,757,-267,-1,0
10,758,-266,1,0
10,759,-265,-1,0
10,760,-264,1,0
10,761,-263,1,0
10,762,-262,1,0
10,763,-261,-1,0
10,764,-260,-1,0
10,765,-259,-1,0
10,766,-258,1,0
10,767,-257,-1,0
10,768,-256,-1,0
10,769,-255,-1,0
10,770,-254,-1,0
10,771,-253,1,0
10,772,-252,-1,0
10,773,-251,-1,0
10,774,-250,1,0
10,775,-249,-1,0
10,776,-248,-1,0
10,777,-247,-1,0
10,778,-246,-1,0
10,779,-245,1,0
10,780,-244,1,0
10,781,-243,1,0
10,782,-242,-1,0
10,783,-241,1,0
10,784,-240,-1,0
10,785,-239,-1,0
10,786,-238,-1,0
10,787,-237,1,0
10,788,-236,-1,0
10,789,-235,-1,0
10,790,-234,1,0
10,791,-233,-1,0
10,792,-232,1,0
10,793,-231,1,0
10,794,-230,1,0
10,795,-229,-1,0
10,796,-228,-1,0
10,797,-227,-1,0
10,798,-226,1,0
10,799,-225,-1,0
10,800,-224,-1,0
10,801,-223,-1,0
10,802,-222,-1,0
10,803,-221,1,0
10,804,-220,-1,0
10,805,-219,-1,0
10,806,-218,1,0
10,807,-217,-1,0
10,808,-216,-1,0
10,809,-215,-1,0
10,810,-214,-1,0
10,811,-213,1,0
10,812,-212,1,0
10,813,-211,1,0
10,814,-210,-1,0
10,815,-209,1,0
10,816,-208,1,0
10,817,-207,1,0
10,818,-206,1,0
10,819,-205,-1,0
10,820,-204,1,0
10,821,-203,1,0
10,822,-202,-1,0
10,823,-201,1,0
10,824,-200,-1,0
10,825,-199,-1,0
10,826,-198,-1,0
10,827,-197,1,0
10,828,-196,1,0
10,829,-195,1,0
10,830,-194,-1,0
10,831,-193,1,0
10,832,-192,-1,0
10,833,-191,-1,0
10,834,-190,-1,0
10,835,-189,1,0
10,836,-188,-1,0
10,837,-187,-1,0
10,838,-186,1,0
10,839,-185,-1,0
10,840,-184,-1,0
10,841,-183,-1,0
10,842,-182,-1,0
10,843,-181,1,0
10,844,-180,1,0
10,845,-179,1,0
10,846,-178,-1,0
10,847,-177,1,0
10,848,-176,-1,0
10,849,-175,-1,0
10,850,-174,-1,0
10,851,-173,1,0
10,852,-172,-1,0
10,853,-171,-1,0
10,854,-170,1,0
10,855,-169,-1,0
10,856,-168,1,0
10,857,-167,1,0
10,858,-166,1,0
10,859,-165,-1,0
10,860,-164,-1,0
10,861,-163,-1,0
10,862,-162,1,0
10,863,-161,-1,0
10,864,-160,1,0
10,865,-159,1,0
10,866,-158,1,0
10,867,-157,-1,0
10,868,-156,1,0
10,869,-155,1,0
10,870,-154,-1,0
10,871,-153,1,0
10,872,-152,1,0
10,873,-151,1,0
10,874,-150,1,0
10,875,-149,-1,0
10,876,-148,-1,0
10,877,-147,-1,0
10,878,-146,1,0
10,879,-145,-1,0
10,880,-144,-1,0
10,881,-143,-1,0
10,882,-142,-1,0
10,883,-141,1,0
10,884,-140,-1,0
10,885,-139,-1,0
10,886,-138,1,0
10,887,-137,-1,0
10,888,-136,1,0
10,889,-135,1,0
10,890,-134,1,0
10,891,-133,-1,0
10,892,-132,-1,0
10,893,-131,-1,0
10,894,-130,1,0
10,895,-129,-1,0
10,896,-128,1,0
10,897,-127,1,0
10,898,-126,1,0
10,899,-125,-1,0
10,900,-124,1,0
10,901,-123,1,0
10,902,-122,-1,0
10,903,-121,1,0
10,904,-120,1,0
10,905,-119,1,0
10,906,-118,1,0
10,907,-117,-1,0
10,908,-116,-1,0
10,909,-115,-1,0
10,910,-114,1,0
10,911,-113,-1,0
10,912,-112,1,0
10,913,-111,1,0
10,914,-110,1,0
10,915,-109,-1,0
10,916,-108,1,0
10,917,-107,1,0
10,918,-106,-1,0
10,919,-105,1,0
10,920,-104,-1,0
10,921,-103,-1,0
10,922,-102,-1,0
10,923,-101,1,0
10,924,-100,1,0
10,925,-99,1,0
10,926,-98,-1,0
10,927,-97,1,0
10,928,-96,1,0
10,929,-95,1,0
10,930,-94,1,0
10,931,-93,-1,0
10,932,-92,1,0
10,933,-91,1,0
10,934,-90,-1,0
10,935,-89,1,0
10,936,-88,1,0
10,937,-87,1,0
10,938,-86,1,0
10,939,-85,-1,0
10,940,-84,-1,0
10,941,-83,-1,0
10,942,-82,1,0
10,943,-81,-1,0
10,944,-80,-1,0
10,945,-79,-1,0
10,946,-78,-1,0
10,947,-77,1,0
10,948,-76,-1,0
10,949,-75,-1,0
10,950,-74,1,0
10,951,-73,-1,0
10,952,-72,1,0
10,953,-71,1,0
10,954,-70,1,0
10,955,-69,-1,0
10,956,-68,-1,0
10,957,-67,-1,0
10,958,-66,1,0
10,959,-65,-1,0
10,960,-64,-1,0
10,961,-63,-1,0
10,962,-62,-1,0
10,963,-61,1,0
10,964,-60,-1,0
10,965,-59,-1,0
10,966,-58,1,0
10,967,-57,-1,0
10,968,-56,-1,0
10,969,-55,-1,0
10,970,-54,-1,0
10,971,-53,1,0
10,972,-52,1,0
10,973,-51,1,0
10,974,-50,-1,0
10,975,-49,1,0
10,976,-48,-1,0
10,977,-47,-1,0
10,978,-46,-1,0
10,979,-45,1,0
10,980,-44,-1,0
10,981,-43,-1,0
10,982,-42,1,0
10,983,-41,-1,0
10,984,-40,1,0
10,985,-39,1,0
10,986,-38,1,0
10,987,-37,-1,0
10,988,-36,-1,0
10,989,-35,-1,0
10,990,-34,1,0
10,991,-33,-1,0
10,992,-32,1,0
10,993,-31,1,0
10,994,-30,1,0
10,995,-29,-1,0
10,996,-28,1,0
10,997,-27,1,0
10,998,-26,-1,0
10,999,-25,1,0
10,1000,-24,1,0
10,1001,-23,1,0
10,1002,-22,1,0
10,1003,-21,-1,0
10,1004,-20,-1,0
10,1005,-19,-1,0
10,1006,-18,1,0
10,1007,-17,-1,0
10,1008,-16,-1,0
10,1009,-15,-1,0
10,1010,-14,-1,0
10,1011,-13,1,0
10,1012,-12,-1,0
10,1013,-11,-1,0
10,1014,-10,1,0
10,1015,-9,-1,0
10,1016,-8,1,0
10,1017,-7,1,0
10,1018,-6,1,0
10,1019,-5,-1,0
10,1020,-4,-1,0
10,1021,-3,-1,0
10,1022,-2,1,0
10,1023,-1,-1,0
11,0,0,1,0
11,1,1,1,0
11,2,2,1,0
11,3,3,-1,0
11,4,4,1,0
11,5,5,1,0
11,6,6,-1,0
11,7,7,1,0
11,8,8,1,0
11,9,9,1,0
11,10,10,1,0
11,11,11,-1,0
11,12,12,-1,0
11,13,13,-1,0
11,14,14,1,0
11,15,15,-1,0
11,16,16,1,0
11,17,17,1,0
11,18,18,1,0
11,19,19,-1,0
11,20,20,1,0
11,21,21,1,0
11,22,22,-1,0
11,23,23,1,0
11,24,24,-1,0
11,25,25,-1,0
11,26,26,-1,0
11,27,27,1,0
11,28,28,1,0
11,29,29,1,0
11,30,30,-1,0
11,31,31,1,0
11,32,32,1,0
11,33,33,1,0
11,34,34,1,0
11,35,35,-1,0
11,36,36,1,0
11,37,37,1,0
11,38,38,-1,0
11,39,39,1,0
11,40,40,1,0
11,41,41,1,0
11,42,42,1,0
11,43,43,-1,0
11,44,44,-1,0
11,45,45,-1,0
11,46,46,1,0
11,47,47,-1,0
11,48,48,-1,0
11,49,49,-1,0
11,50,50,-1,0
11,51,51,1,0
11,52,52,-1,0
11,53,53,-1,0
11,54,54,1,0
11,55,55,-1,0
11,56,56,1,0
11,57,57,1,0
11,58,58,1,0
11,59,59,-1,0
11,60,60,-1,0
11,61,61,-1,0
11,62,62,1,0
11,63,63,-1,0
11,64,64,1,0
11,65,65,1,0
11,66,66,1,0
11,67,67,-1,0
11,68,68,1,0
11,69,69,1,0
11,70,70,-1,0
11,71,71,1,0
11,72,72,1,0
11,73,73,1,0
11,74,74,1,0
11,75,75,-1,0
11,76,76,-1,0
11,77,77,-1,0
11,78,78,1,0
11,79,79,-1,0
11,80,80,1,0
11,81,81,1,0
11,82,82,1,0
11,83,83,-1,0
11,84,84,1,0
11,85,85,1,0
11,86,86,-1,0
11,87,87,1,0
11,88,88,-1,0
11,89,89,-1,0
11,90,90,-1,0
11,91,91,1,0
11,92,92,1,0
11,93,93,1,0
11,94,94,-1,0
11,95,95,1,0
11,96,96,-1,0
11,97,97,-1,0
11,98,98,-1,0
11,99,99,1,0
11,100,100,-1,0
11,101,101,-1,0
11,102,102,1,0
11,103,103,-1,0
11,104,104,-1,0
11,105,105,-1,0
11,106,106,-1,0
11,107,107,1,0
11,108,108,1,0
11,109,109,1,0
11,110,110,-1,0
11,111,111,1,0
11,112,112,1,0
11,113,113,1,0
11,114,114,1,0
11,115,115,-1,0
11,116,116,1,0
11,117,117,1,0
11,118,118,-1,0
11,119,119,1,0
11,120,120,-1,0
11,121,121,-1,0
11,122,122,-1,0
11,123,123,1,0
11,124,124,1,0
11,125,125,1,0
11,126,126,-1,0
11,127,127,1,0
11,128,128,1,0
11,129,129,1,0
11,130,130,1,0
11,131,131,-1,0
11,132,132,1,0
11,133,133,1,0
11,134,134,-1,0
11,135,135,1,0
11,136,136,1,0
11,137,137,1,0
11,138,138,1,0
11,139,139,-1,0
11,140,140,-1,0
11,141,141,-1,0
11,142,142,1,0
11,143,143,-1,0
11,144,144,1,0
11,145,145,1,0
11,146,146,1,0
11,147,147,-1,0
11,148,148,1,0
11,149,149,1,0
11,150,150,-1,0
11,151,151,1,0
11,152,152,-1,0
11,153,153,-1,0
11,154,154,-1,0
11,155,155,1,0
11,156,156,1,0
11,157,157,1,0
11,158,158,-1,0
11,159,159,1,0
11,160,160,1,0
11,161,161,1,0
11,162,162,1,0
11,163,163,-1,0
11,164,164,1,0
11,165,165,1,0
11,166,166,-1,0
11,167,167,1,0
11,168,168,1,0
11,169,169,1,0
11,170,170,1,0
11,171,171,-1,0
11,172,172,-1,0
11,173,173,-1,0
11,174,174,1,0
11,175,175,-1,0
11,176,176,-1,0
11,177,177,-1,0
11,178,178,-1,0
11,179,179,1,0
11,180,180,-1,0
11,181,181,-1,0
11,182,182,1,0
11,183,183,-1,0
11,184,184,1,0
11,185,185,1,0
11,186,186,1,0
11,187,187,-1,0
11,188,188,-1,0
11,189,189,-1,0
11,190,190,1,0
11,191,191,-1,0
11,192,192,-1,0
11,193,193,-1,0
11,194,194,-1,0
11,195,195,1,0
11,196,196,-1,0
11,197,197,-1,0
11,198,198,1,0
11,199,199,-1,0
11,200,200,-1,0
11,201,201,-1,0
11,202,202,-1,0
11,203,203,1,0
11,204,204,1,0
11,205,205,1,0
11,206,206,-1,0
11,207,207,1,0
11,208,208,-1,0
11,209,209,-1,0
11,210,210,-1,0
11,211,211,1,0
11,212,212,-1,0
11,213,213,-1,0
11,214,214,1,0
11,215,215,-1,0
11,216,216,1,0
11,217,217,1,0
11,218,218,1,0
11,219,219,-1,0
11,220,220,-1,0
11,221,221,-1,0
11,222,222,1,0
11,223,223,-1,0
11,224,224,1,0
11,225,225,1,0
11,226,226,1,0
11,227,227,-1,0
11,228,228,1,0
11,229,229,1,0
11,230,230,-1,0
11,231,231,1,0
11,232,232,1,0
11,233,233,1,0
11,234,234,1,0
11,235,235,-1,0
11,236,236,-1,0
11,237,237,-1,0
11,238,238,1,0
11,239,239,-1,0
11,240,240,-1,0
11,241,241,-1,0
11,242,242,-1,0
11,243,243,1,0
11,244,244,-1,0
11,245,245,-1,0
11,246,246,1,0
11,247,247,-1,0
11,248,248,1,0
11,249,249,1,0
11,250,250,1,0
11,251,251,-1,0
11,252,252,-1,0
11,253,253,-1,0
11,254,254,1,0
11,255,255,-1,0
11,256,256,1,0
11,257,257,1,0
11,258,258,1,0
11,259,259,-1,0
11,260,260,1,0
11,261,261,1,0
11,262,262,-1,0
11,263,263,1,0
11,264,264,1,0
11,265,265,1,0
11,266,266,1,0
11,267,267,-1,0
11,268,268,-1,0
11,269,269,-1,0
11,270,270,1,0
11,271,271,-1,0
11,272,272,1,0
11,273,273,1,0
11,274,274,1,0
11,275,275,-1,0
11,276,276,1,0
11,277,277,1,0
11,278,278,-1,0
11,279,279,1,0
11,280,280,-1,0
11,281,281,-1,0
11,282,282,-1,0
11,283,283,1,0
11,284,284,1,0
11,285,285,1,0
11,286,286,-1,0
11,287,287,1,0
11,288,288,1,0
11,289,289,1,0
11,290,290,1,0
11,291,291,-1,0
11,292,292,1,0
11,293,293,1,0
11,294,294,-1,0
11,295,295,1,0
11,296,296,1,0
11,297,297,1,0
11,298,298,1,0
11,299,299,-1,0
11,300,300,-1,0
11,301,301,-1,0
11,302,302,1,0
11,303,303,-1,0
11,304,304,-1,0
11,305,305,-1,0
11,306,306,-1,0
11,307,307,1,0
11,308,308,-1,0
11,309,309,-1,0
11,310,310,1,0
11,311,311,-1,0
11,312,312,1,0
11,313,313,1,0
11,314,314,1,0
11,315,315,-1,0
11,316,316,-1,0
11,317,317,-1,0
11,318,318,1,0
11,319,319,-1,0
11,320,320,1,0
11,321,321,1,0
11,322,322,1,0
11,323,323,-1,0
11,324,324,1,0
11,325,325,1,0
11,326,326,-1,0
11,327,327,1,0
11,328,328,1,0
11,329,329,1,0
11,330,330,1,0
11,331,331,-1,0
11,332,332,-1,0
11,333,333,-1,0
11,334,334,1,0
11,335,335,-1,0
11,336,336,1,0
11,337,337,1,0
11,338,338,1,0
11,339,339,-1,0
11,340,340,1,0
11,341,341,1,0
11,342,342,-1,0
11,343,343,1,0
11,344,344,-1,0
11,345,345,-1,0
11,346,346,-1,0
11,347,347,1,0
11,348,348,1,0
11,349,349,1,0
11,350,350,-1,0
11,351,351,1,0
11,352,352,-1,0
11,353,353,-1,0
11,354,354,-1,0
11,355,355,1,0
11,356,356,-1,0
11,357,357,-1,0
11,358,358,1,0
11,359,359,-1,0
11,360,360,-1,0
11,361,361,-1,0
11,362,362,-1,0
11,363,363,1,0
11,364,364,1,0
11,365,365,1,0
11,366,366,-1,0
11,367,367,1,0
11,368,368,1,0
11,369,369,1,0
11,370,370,1,0
11,371,371,-1,0
11,372,372,1,0
11,373,373,1,0
11,374,374,-1,0
11,375,375,1,0
11,376,376,-1,0
11,377,377,-1,0
11,378,378,-1,0
11,379,379,1,0
11,380,380,1,0
11,381,381,1,0
11,382,382,-1,0
11,383,383,1,0
11,384,384,-1,0
11,385,385,-1,0
11,386,386,-1,0
11,387,387,1,0
11,388,388,-1,0
11,389,389,-1,0
11,390,390,1,0
11,391,391,-1,0
11,392,392,-1,0
11,393,393,-1,0
11,394,394,-1,0
11,395,395,1,0
11,396,396,1,0
11,397,397,1,0
11,398,398,-1,0
11,399,399,1,0
11,400,400,-1,0
11,401,401,-1,0
11,402,402,-1,0
11,403,403,1,0
11,404,404,-1,0
11,405,405,-1,0
11,406,406,1,0
11,407,407,-1,0
11,408,408,1,0
11,409,409,1,0
11,410,410,1,0
11,411,411,-1,0
11,412,412,-1,0
11,413,413,-1,0
11,414,414,1,0
11,415,415,-1,0
11,416,416,-1,0
11,417,417,-1,0
11,418,418,-1,0
11,419,419,1,0
11,420,420,-1,0
11,421,421,-1,0
11,422,422,1,0
11,423,423,-1,0
11,424,424,-1,0
11,425,425,-1,0
11,426,426,-1,0
11,427,427,1,0
11,428,428,1,0
11,429,429,1,0
11,430,430,-1,0
11,431,431,1,0
11,432,432,1,0
11,433,433,1,0
11,434,434,1,0
11,435,435,-1,0
11,436,436,1,0
11,437,437,1,0
11,438,438,-1,0
11,439,439,1,0
11,440,440,-1,0
11,441,441,-1,0
11,442,442,-1,0
11,443,443,1,0
11,444,444,1,0
11,445,445,1,0
11,446,446,-1,0
11,447,447,1,0
11,448,448,1,0
11,449,449,1,0
11,450,450,1,0
11,451,451,-1,0
11,452,452,1,0
11,453,453,1,0
11,454,454,-1,0
11,455,455,1,0
11,456,456,1,0
11,457,457,1,0
11,458,458,1,0
11,459,459,-1,0
11,460,460,-1,0
11,461,461,-1,0
11,462,462,1,0
11,463,463,-1,0
11,464,464,1,0
11,465,465,1,0
11,466,466,1,0
11,467,467,-1,0
11,468,468,1,0
11,469,469,1,0
11,470,470,-1,0
11,471,471,1,0
11,472,472,-1,0
11,473,473,-1,0
11,474,474,-1,0
11,475,475,1,0
11,476,476,1,0
11,477,477,1,0
11,478,478,-1,0
11,479,479,1,0
11,480,480,-1,0
11,481,481,-1,0
11,482,482,-1,0
11,483,483,1,0
11,484,484,-1,0
11,485,485,-1,0
11,486,486,1,0
11,487,487,-1,0
11,488,488,-1,0
11,489,489,-1,0
11,490,490,-1,0
11,491,491,1,0
11,492,492,1,0
11,493,493,1,0
11,494,494,-1,0
11,495,495,1,0
11,496,496,1,0
11,497,497,1,0
11,498,498,1,0
11,499,499,-1,0
11,500,500,1,0
11,501,501,1,0
11,502,502,-1,0
11,503,503,1,0
11,504,504,-1,0
11,505,505,-1,0
11,506,506,-1,0
11,507,507,1,0
11,508,508,1,0
11,509,509,1,0
11,510,510,-1,0
11,511,511,1,0
11,512,-512,-1,0
11,513,-511,-1,0
11,514,-510,-1,0
11,515,-509,1,0
11,516,-508,-1,0
11,517,-507,-1,0
11,518,-506,1,0
11,519,-505,-1,0
11,520,-504,-1,0
11,521,-503,-1,0
11,522,-502,-1,0
11,523,-501,1,0
11,524,-500,1,0
11,525,-499,1,0
11,526,-498,-1,0
11,527,-497,1,0
11,528,-496,-1,0
11,529,-495,-1,0
11,530,-494,-1,0
11,531,-493,1,0
11,532,-492,-1,0
11,533,-491,-1,0
11,534,-490,1,0
11,535,-489,-1,0
11,536,-488,1,0
11,537,-487,1,0
11,538,-486,1,0
11,539,-485,-1,0
11,540,-484,-1,0
11,541,-483,-1,0
11,542,-482,1,0
11,543,-481,-1,0
11,544,-480,-1,0
11,545,-479,-1,0
11,546,-478,-1,0
11,547,-477,1,0
11,548,-476,-1,0
11,549,-475,-1,0
11,550,-474,1,0
11,551,-473,-1,0
11,552,-472,-1,0
11,553,-471,-1,0
11,554,-470,-1,0
11,555,-469,1,0
11,556,-468,1,0
11,557,-467,1,0
11,558,-466,-1,0
11,559,-465,1,0
11,560,-464,1,0
11,561,-463,1,0
11,562,-462,1,0
11,563,-461,-1,0
11,564,-460,1,0
11,565,-459,1,0
11,566,-458,-1,0
11,567,-457,1,0
11,568,-456,-1,0
11,569,-455,-1,0
11,570,-454,-1,0
11,571,-453,1,0
11,572,-452,1,0
11,573,-451,1,0
11,574,-450,-1,0
11,575,-449,1,0
11,576,-448,-1,0
11,577,-447,-1,0
11,578,-446,-1,0
11,579,-445,1,0
11,580,-444,-1,0
11,581,-443,-1,0
11,582,-442,1,0
11,583,-441,-1,0
11,584,-440,-1,0
11,585,-439,-1,0
11,586,-438,-1,0
11,587,-437,1,0
11,588,-436,1,0
11,589,-435,1,0
11,590,-434,-1,0
11,591,-433,1,0
11,592,-432,-1,0
11,593,-431,-1,0
11,594,-430,-1,0
11,595,-429,1,0
11,596,-428,-1,0
11,597,-427,-1,0
11,598,-426,1,0
11,599,-425,-1,0
11,600,-424,1,0
11,601,-423,1,0
11,602,-422,1,0
11,603,-421,-1,0
11,604,-420,-1,0
11,605,-419,-1,0
11,606,-418,1,0
11,607,-417,-1,0
11,608,-416,1,0
11,609,-415,1,0
11,610,-414,1,0
11,611,-413,-1,0
11,612,-412,1,0
11,613,-411,1,0
11,614,-410,-1,0
11,615,-409,1,0
11,616,-408,1,0
11,617,-407,1,0
11,618,-406,1,0
11,619,-405,-1,0
11,620,-404,-1,0
11,621,-403,-1,0
11,622,-402,1,0
11,623,-401,-1,0
11,624,-400,-1,0
11,625,-399,-1,0
11,626,-398,-1,0
11,627,-397,1,0
11,628,-396,-1,0
11,629,-395,-1,0
11,630,-394,1,0
11,631,-393,-1,0
11,632,-392,1,0
11,633,-391,1,0
11,634,-390,1,0
11,635,-389,-1,0
11,636,-388,-1,0
11,637,-387,-1,0
11,638,-386,1,0
11,639,-385,-1,0
11,640,-384,-1,0
11,641,-383,-1,0
11,642,-382,-1,0
11,643,-381,1,0
11,644,-380,-1,0
11,645,-379,-1,0
11,646,-378,1,0
11,647,-377,-1,0
11,648,-376,-1,0
11,649,-375,-1,0
11,650,-374,-1,0
11,651,-373,1,0
11,652,-372,1,0
11,653,-371,1,0
11,654,-370,-1,0
11,655,-369,1,0
11,656,-368,-1,0
11,657,-367,-1,0
11,658,-366,-1,0
11,659,-365,1,0
11,660,-364,-1,0
11,661,-363,-1,0
11,662,-362,1,0
11,663,-361,-1,0
11,664,-360,1,0
11,665,-359,1,0
11,666,-358,1,0
11,667,-357,-1,0
11,668,-356,-1,0
11,669,-355,-1,0
11,670,-354,1,0
11,671,-353,-1,0
11,672,-352,-1,0
11,673,-351,-1,0
11,674,-350,-1,0
11,675,-349,1,0
11,676,-348,-1,0
11,677,-347,-1,0
11,678,-346,1,0
11,679,-345,-1,0
11,680,-344,-1,0
11,681,-343,-1,0
11,682,-342,-1,0
11,683,-341,1,0
11,684,-340,1,0
11,685,-339,1,0
11,686,-338,-1,0
11,687,-337,1,0
11,688,-336,1,0
11,689,-335,1,0
11,690,-334,1,0
11,691,-333,-1,0
11,692,-332,1,0
11,693,-331,1,0
11,694,-330,-1,0
11,695,-329,1,0
11,696,-328,-1,0
11,697,-327,-1,0
11,698,-326,-1,0
11,699,-325,1,0
11,700,-324,1,0
11,701,-323,1,0
11,702,-322,-1,0
11,703,-321,1,0
11,704,-320,1,0
11,705,-319,1,0
11,706,-318,1,0
11,707,-317,-1,0
11,708,-316,1,0
11,709,-315,1,0
11,710,-314,-1,0
11,711,-313,1,0
11,712,-312,1,0
11,713,-311,1,0
11,714,-310,1,0
11,715,-309,-1,0
11,716,-308,-1,0
11,717,-307,-1,0
11,718,-306,1,0
11,719,-305,-1,0
11,720,-304,1,0
11,721,-303,1,0
11,722,-302,1,0
11,723,-301,-1,0
11,724,-300,1,0
11,725,-299,1,0
11,726,-298,-1,0
11,727,-297,1,0
11,728,-296,-1,0
11,729,-295,-1,0
11,730,-294,-1,0
11,731,-293,1,0
11,732,-292,1,0
11,733,-291,1,0
11,734,-290,-1,0
11,735,-289,1,0
11,736,-288,-1,0
11,737,-287,-1,0
11,738,-286,-1,0
11,739,-285,1,0
11,740,-284,-1,0
11,741,-283,-1,0
11,742,-282,1,0
11,743,-281,-1,0
11,744,-280,-1,0
11,745,-279,-1,0
11,746,-278,-1,0
11,747,-277,1,0
11,748,-276,1,0
11,749,-275,1,0
11,750,-274,-1,0
11,751,-273,1,0
11,752,-272,1,0
11,753,-271,1,0
11,754,-270,1,0
11,755,-269,-1,0
11,756,-268,1,0
11,757,-267,1,0
11,758,-266,-1,0
11,759,-265,1,0
11,760,-264,-1,0
11,761,-263,-1,0
11,762,-262,-1,0
11,763,-261,1,0
11,764,-260,1,0
11,765,-259,1,0
11,766,-258,-1,0
11,767,-257,1,0
11,768,-256,1,0
11,769,-255,1,0
11,770,-254,1,0
11,771,-253,-1,0
11,772,-252,1,0
11,773,-251,1,0
11,774,-250,-1,0
11,775,-249,1,0
11,776,-248,1,0
11,777,-247,1,0
11,778,-246,1,0
11,779,-245,-1,0
11,780,-244,-1,0
11,781,-243,-1,0
11,782,-242,1,0
11,783,-241,-1,0
11,784,-240,1,0
11,785,-239,1,0
11,786,-238,1,0
11,787,-237,-1,0
11,788,-236,1,0
11,789,-235,1,0
11,790,-234,-1,0
11,791,-233,1,0
11,792,-232,-1,0
11,793,-231,-1,0
11,794,-230,-1,0
11,795,-229,1,0
11,796,-228,1,0
11,797,-227,1,0
11,798,-226,-1,0
11,799,-225,1,0
11,800,-224,1,0
11,801,-223,1,0
11,802,-222,1,0
11,803,-221,-1,0
11,804,-220,1,0
11,805,-219,1,0
11,806,-218,-1,0
11,807,-217,1,0
11,808,-216,1,0
11,809,-215,1,0
11,810,-214,1,0
11,811,-213,-1,0
11,812,-212,-1,0
11,813,-211,-1,0
11,814,-210,1,0
11,815,-209,-1,0
11,816,-208,-1,0
11,817,-207,-1,0
11,818,-206,-1,0
11,819,-205,1,0
11,820,-204,-1,0
11,821,-203,-1,0
11,822,-202,1,0
11,823,-201,-1,0
11,824,-200,1,0
11,825,-199,1,0
11,826,-198,1,0
11,827,-197,-1,0
11,828,-196,-1,0
11,829,-195,-1,0
11,830,-194,1,0
11,831,-193,-1,0
11,832,-192,1,0
11,833,-191,1,0
11,834,-190,1,0
11,835,-189,-1,0
11,836,-188,1,0
11,837,-187,1,0
11,838,-186,-1,0
11,839,-185,1,0
11,840,-184,1,0
11,841,-183,1,0
11,842,-182,1,0
11,843,-181,-1,0
11,844,-180,-1,0
11,845,-179,-1,0
11,846,-178,1,0
11,847,-177,-1,0
11,848,-176,1,0
11,849,-175,1,0
11,850,-174,1,0
11,851,-173,-1,0
11,852,-172,1,0
11,853,-171,1,0
11,854,-170,-1,0
11,855,-169,1,0
11,856,-168,-1,0
11,857,-167,-1,0
11,858,-166,-1,0
11,859,-165,1,0
11,860,-164,1,0
11,861,-163,1,0
11,862,-162,-1,0
11,863,-161,1,0
11,864,-160,-1,0
11,865,-159,-1,0
11,866,-158,-1,0
11,867,-157,1,0
11,868,-156,-1,0
11,869,-155,-1,0
11,870,-154,1,0
11,871,-153,-1,0
11,872,-152,-1,0
11,873,-151,-1,0
11,874,-150,-1,0
11,875,-149,1,0
11,876,-148,1,0
11,877,-147,1,0
11,878,-146,-1,0
11,879,-145,1,0
11,880,-144,1,0
11,881,-143,1,0
11,882,-142,1,0
11,883,-141,-1,0
11,884,-140,1,0
11,885,-139,1,0
11,886,-138,-1,0
11,887,-137,1,0
11,888,-136,-1,0
11,889,-135,-1,0
11,890,-134,-1,0
11,891,-133,1,0
11,892,-132,1,0
11,893,-131,1,0
11,894,-130,-1,0
11,895,-129,1,0
11,896,-128,-1,0
11,897,-127,-1,0
11,898,-126,-1,0
11,899,-125,1,0
11,900,-124,-1,0
11,901,-123,-1,0
11,902,-122,1,0
11,903,-121,-1,0
11,904,-120,-1,0
11,905,-119,-1,0
11,906,-118,-1,0
11,907,-117,1,0
11,908,-116,1,0
11,909,-115,1,0
11,910,-114,-1,0
11,911,-113,1,0
11,912,-112,-1,0
11,913,-111,-1,0
11,914,-110,-1,0
11,915,-109,1,0
11,916,-108,-1,0
11,917,-107,-1,0
11,918,-106,1,0
11,919,-105,-1,0
11,920,-104,1,0
11,921,-103,1,0
11,922,-102,1,0
11,923,-101,-1,0
11,924,-100,-1,0
11,925,-99,-1,0
11,926,-98,1,0
11,927,-97,-1,0
11,928,-96,-1,0
11,929,-95,-1,0
11,930,-94,-1,0
11,931,-93,1,0
11,932,-92,-1,0
11,933,-91,-1,0
11,934,-90,1,0
11,935,-89,-1,0
11,936,-88,-1,0
11,937,-87,-1,0
11,938,-86,-1,0
11,939,-85,1,0
11,940,-84,1,0
11,941,-83,1,0
11,942,-82,-1,0
11,943,-81,1,0
11,944,-80,1,0
11,945,-79,1,0
11,946,-78,1,0
11,947,-77,-1,0
11,948,-76,1,0
11,949,-75,1,0
11,950,-74,-1,0
11,951,-73,1,0
11,952,-72,-1,0
11,953,-71,-1,0
11,954,-70,-1,0
11,955,-69,1,0
11,956,-68,1,0
11,957,-67,1,0
11,958,-66,-1,0
11,959,-65,1,0
11,960,-64,1,0
11,961,-63,1,0
11,962,-62,1,0
11,963,-61,-1,0
11,964,-60,1,0
11,965,-59,1,0
11,966,-58,-1,0
11,967,-57,1,0
11,968,-56,1,0
11,969,-55,1,0
11,970,-54,1,0
11,971,-53,-1,0
11,972,-52,-1,0
11,973,-51,-1,0
11,974,-50,1,0
11,975,-49,-1,0
11,976,-48,1,0
11,977,-47,1,0
11,978,-46,1,0
11,979,-45,-1,0
11,980,-44,1,0
11,981,-43,1,0
11,982,-42,-1,0
11,983,-41,1,0
11,984,-40,-1,0
11,985,-39,-1,0
11,986,-38,-1,0
11,987,-37,1,0
11,988,-36,1,0
11,989,-35,1,0
11,990,-34,-1,0
11,991,-33,1,0
11,992,-32,-1,0
11,993,-31,-1,0
11,994,-30,-1,0
11,995,-29,1,0
11,996,-28,-1,0
11,997,-27,-1,0
11,998,-26,1,0
11,999,-25,-1,0
11,1000,-24,-1,0
11,1001,-23,-1,0
11,1002,-22,-1,0
11,1003,-21,1,0
11,1004,-20,1,0
11,1005,-19,1,0
11,1006,-18,-1,0
11,1007,-17,1,0
11,1008,-16,1,0
11,1009,-15,1,0
11,1010,-14,1,0
11,1011,-13,-1,0
11,1012,-12,1,0
11,1013,-11,1,0
11,1014,-10,-1,0
11,1015,-9,1,0
11,1016,-8,-1,0
11,1017,-7,-1,0
11,1018,-6,-1,0
11,1019,-5,1,0
11,1020,-4,1,0
11,1021,-3,1,0
11,1022,-2,-1,0
11,1023,-1,1,0
12,0,0,1,0
12,1,1,1,0
12,2,2,1,0
12,3,3,-1,0
12,4,4,1,0
12,5,5,1,0
12,6,6,-1,0
12,7,7,1,0
12,8,8,1,0
12,9,9,1,0
12,10,10,1,0
12,11,11,-1,0
12,12,12,-1,0
12,13,13,-1,0
12,14,14,1,0
12,15,15,-1,0
12,16,16,1,0
12,17,17,1,0
12,18,18,1,0
12,19,19,-1,0
12,20,20,1,0
12,21,21,1,0
12,22,22,-1,0
12,23,23,1,0
12,24,24,-1,0
12,25,25,-1,0
12,26,26,-1,0
12,27,27,1,0
12,28,28,1,0
12,29,29,1,0
12,30,30,-1,0
12,31,31,1,0
12,32,32,1,0
12,33,33,1,0
12,34,34,1,0
12,35,35,-1,0
12,36,36,1,0
12,37,37,1,0
12,38,38,-1,0
12,39,39,1,0
12,40,40,1,0
12,41,41,1,0
12,42,42,1,0
12,43,43,-1,0
12,44,44,-1,0
12,45,45,-1,0
12,46,46,1,0
12,47,47,-1,0
12,48,48,-1,0
12,49,49,-1,0
12,50,50,-1,0
12,51,51,1,0
12,52,52,-1,0
12,53,53,-1,0
12,54,54,1,0
12,55,55,-1,0
12,56,56,1,0
12,57,57,1,0
12,58,58,1,0
12,59,59,-1,0
12,60,60,-1,0
12,61,61,-1,0
12,62,62,1,0
12,63,63,-1,0
12,64,64,1,0
12,65,65,1,0
12,66,66,1,0
12,67,67,-1,0
12,68,68,1,0
12,69,69,1,0
12,70,70,-1,0
12,71,71,1,0
12,72,72,1,0
12,73,73,1,0
12,74,74,1,0
12,75,75,-1,0
12,76,76,-1,0
12,77,77,-1,0
12,78,78,1,0
12,79,79,-1,0
12,80,80,1,0
12,81,81,1,0
12,82,82,1,0
12,83,83,-1,0
12,84,84,1,0
12,85,85,1,0
12,86,86,-1,0
12,87,87,1,0
12,88,88,-1,0
12,89,89,-1,0
12,90,90,-1,0
12,91,91,1,0
12,92,92,1,0
12,93,93,1,0
12,94,94,-1,0
12,95,95,1,0
12,96,96,-1,0
12,97,97,-1,0
12,98,98,-1,0
12,99,99,1,0
12,100,100,-1,0
12,101,101,-1,0
12,102,102,1,0
12,103,103,-1,0
12,104,104,-1,0
12,105,105,-1,0
12,106,106,-1,0
12,107,107,1,0
12,108,108,1,0
12,109,109,1,0
12,110,110,-1,0
12,111,111,1,0
12,112,112,1,0
12,113,113,1,0
12,114,114,1,0
12,115,115,-1,0
12,116,116,1,0
12,117,117,1,0
12,118,118,-1,0
12,119,119,1,0
12,120,120,-1,0
12,121,121,-1,0
12,122,122,-1,0
12,123,123,1,0
12,124,124,1,0
12,125,125,1,0
12,126,126,-1,0
12,127,127,1,0
12,128,128,1,0
12,129,129,1,0
12,130,130,1,0
12,131,131,-1,0
12,132,132,1,0
12,133,133,1,0
12,134,134,-1,0
12,135,135,1,0
12,136,136,1,0
12,137,137,1,0
12,138,138,1,0
12,139,139,-1,0
12,140,140,-1,0
12,141,141,-1,0
12,142,142,1,0
12,143,143,-1,0
12,144,144,1,0
12,145,145,1,0
12,146,146,1,0
12,147,147,-1,0
12,148,148,1,0
12,149,149,1,0
12,150,150,-1,0
12,151,151,1,0
12,152,152,-1,0
12,153,153,-1,0
12,154,154,-1,0
12,155,155,1,0
12,156,156,1,0
12,157,157,1,0
12,158,158,-1,0
12,159,159,1,0
12,160,160,1,0
12,161,161,1,0
12,162,162,1,0
12,163,163,-1,0
12,164,164,1,0
12,165,165,1,0
12,166,166,-1,0
12,167,167,1,0
12,168,168,1,0
12,169,169,1,0
12,170,170,1,0
12,171,171,-1,0
12,172,172,-1,0
12,173,173,-1,0
12,174,174,1,0
12,175,175,-1,0
12,176,176,-1,0
12,177,177,-1,0
12,178,178,-1,0
12,179,179,1,0
12,180,180,-1,0
12,181,181,-1,0
12,182,182,1,0
12,183,183,-1,0
12,184,184,1,0
12,185,185,1,0
12,186,186,1,0
12,187,187,-1,0
12,188,188,-1,0
12,189,189,-1,0
12,190,190,1,0
12,191,191,-1,0
12,192,192,-1,0
12,193,193,-1,0
12,194,194,-1,0
12,195,195,1,0
12,196,196,-1,0
12,197,197,-1,0
12,198,198,1,0
12,199,199,-1,0
12,200,200,-1,0
12,201,201,-1,0
12,202,202,-1,0
12,203,203,1,0
12,204,204,1,0
12,205,205,1,0
12,206,206,-1,0
12,207,207,1,0
12,208,208,-1,0
12,209,209,-1,0
12,210,210,-1,0
12,211,211,1,0
12,212,212,-1,0
12,213,213,-1,0
12,214,214,1,0
12,215,215,-1,0
12,216,216,1,0
12,217,217,1,0
12,218,218,1,0
12,219,219,-1,0
12,220,220,-1,0
12,221,221,-1,0
12,222,222,1,0
12,223,223,-1,0
12,224,224,1,0
12,225,225,1,0
12,226,226,1,0
12,227,227,-1,0
12,228,228,1,0
12,229,229,1,0
12,230,230,-1,0
12,231,231,1,0
12,232,232,1,0
12,233,233,1,0
12,234,234,1,0
12,235,235,-1,0
12,236,236,-1,0
12,237,237,-1,0
12,238,238,1,0
12,239,239,-1,0
12,240,240,-1,0
12,241,241,-1,0
12,242,242,-1,0
12,243,243,1,0
12,244,244,-1,0
12,245,245,-1,0
12,246,246,1,0
12,247,247,-1,0
12,248,248,1,0
12,249,249,1,0
12,250,250,1,0
12,251,251,-1,0
12,252,252,-1,0
12,253,253,-1,0
12,254,254,1,0
12,255,255,-1,0
12,256,256,1,0
12,257,257,1,0
12,258,258,1,0
12,259,259,-1,0
12,260,260,1,0
12,261,261,1,0
12,262,262,-1,0
12,263,263,1,0
12,264,264,1,0
12,265,265,1,0
12,266,266,1,0
12,267,267,-1,0
12,268,268,-1,0
12,269,269,-1,0
12,270,270,1,0
12,271,271,-1,0
12,272,272,1,0
12,273,273,1,0
12,274,274,1,0
12,275,275,-1,0
12,276,276,1,0
12,277,277,1,0
12,278,278,-1,0
12,279,279,1,0
12,280,280,-1,0
12,281,281,-1,0
12,282,282,-1,0
12,283,283,1,0
12,284,284,1,0
12,285,285,1,0
12,286,286,-1,0
12,287,287,1,0
12,288,288,1,0
12,289,289,1,0
12,290,290,1,0
12,291,291,-1,0
12,292,292,1,0
12,293,293,1,0
12,294,294,-1,0
12,295,295,1,0
12,296,296,1,0
12,297,297,1,0
12,298,298,1,0
12,299,299,-1,0
12,300,300,-1,0
12,301,301,-1,0
12,302,302,1,0
12,303,303,-1,0
12,304,304,-1,0
12,305,305,-1,0
12,306,306,-1,0
12,307,307,1,0
12,308,308,-1,0
12,309,309,-1,0
12,310,310,1,0
12,311,311,-1,0
12,312,312,1,0
12,313,313,1,0
12,314,314,1,0
12,315,315,-1,0
12,316,316,-1,0
12,317,317,-1,0
12,318,318,1,0
12,319,319,-1,0
12,320,320,1,0
12,321,321,1,0
12,322,322,1,0
12,323,323,-1,0
12,324,324,1,0
12,325,325,1,0
12,326,326,-1,0
12,327,327,1,0
12,328,328,1,0
12,329,329,1,0
12,330,330,1,0
12,331,331,-1,0
12,332,332,-1,0
12,333,333,-1,0
12,334,334,1,0
12,335,335,-1,0
12,336,336,1,0
12,337,337,1,0
12,338,338,1,0
12,339,339,-1,0
12,340,340,1,0
12,341,341,1,0
12,342,342,-1,0
12,343,343,1,0
12,344,344,-1,0
12,345,345,-1,0
12,346,346,-1,0
12,347,347,1,0
12,348,348,1,0
12,349,349,1,0
12,350,350,-1,0
12,351,351,1,0
12,352,352,-1,0
12,353,353,-1,0
12,354,354,-1,0
12,355,355,1,0
12,356,356,-1,0
12,357,357,-1,0
12,358,358,1,0
12,359,359,-1,0
12,360,360,-1,0
12,361,361,-1,0
12,362,362,-1,0
12,363,363,1,0
12,364,364,1,0
12,365,365,1,0
12,366,366,-1,0
12,367,367,1,0
12,368,368,1,0
12,369,369,1,0
12,370,370,1,0
12,371,371,-1,0
12,372,372,1,0
12,373,373,1,0
12,374,374,-1,0
12,375,375,1,0
12,376,376,-1,0
12,377,377,-1,0
12,378,378,-1,0
12,379,379,1,0
12,380,380,1,0
12,381,381,1,0
12,382,382,-1,0
12,383,383,1,0
12,384,384,-1,0
12,385,385,-1,0
12,386,386,-1,0
12,387,387,1,0
12,388,388,-1,0
12,389,389,-1,0
12,390,390,1,0
12,391,391,-1,0
12,392,392,-1,0
12,393,393,-1,0
12,394,394,-1,0
12,395,395,1,0
12,396,396,1,0
12,397,397,1,0
12,398,398,-1,0
12,399,399,1,0
12,400,400,-1,0
12,401,401,-1,0
12,402,402,-1,0
12,403,403,1,0
12,404,404,-1,0
12,405,405,-1,0
12,406,406,1,0
12,407,407,-1,0
12,408,408,1,0
12,409,409,1,0
12,410,410,1,0
12,411,411,-1,0
12,412,412,-1,0
12,413,413,-1,0
12,414,414,1,0
12,415,415,-1,0
12,416,416,-1,0
12,417,417,-1,0
12,418,418,-1,0
12,419,419,1,0
12,420,420,-1,0
12,421,421,-1,0
12,422,422,1,0
12,423,423,-1,0
12,424,424,-1,0
12,425,425,-1,0
12,426,426,-1,0
12,427,427,1,0
12,428,428,1,0
12,429,429,1,0
12,430,430,-1,0
12,431,431,1,0
12,432,432,1,0
12,433,433,1,0
12,434,434,1,0
12,435,435,-1,0
12,436,436,1,0
12,437,437,1,0
12,438,438,-1,0
12,439,439,1,0
12,440,440,-1,0
12,441,441,-1,0
12,442,442,-1,0
12,443,443,1,0
12,444,444,1,0
12,445,445,1,0
12,446,446,-1,0
12,447,447,1,0
12,448,448,1,0
12,449,449,1,0
12,450,450,1,0
12,451,451,-1,0
12,452,452,1,0
12,453,453,1,0
12,454,454,-1,0
12,455,455,1,0
12,456,456,1,0
12,457,457,1,0
12,458,458,1,0
12,459,459,-1,0
12,460,460,-1,0
12,461,461,-1,0
12,462,462,1,0
12,463,463,-1,0
12,464,464,1,0
12,465,465,1,0
12,466,466,1,0
12,467,467,-1,0
12,468,468,1,0
12,469,469,1,0
12,470,470,-1,0
12,471,471,1,0
12,472,472,-1,0
12,473,473,-1,0
12,474,474,-1,0
12,475,475,1,0
12,476,476,1,0
12,477,477,1,0
12,478,478,-1,0
12,479,479,1,0
12,480,480,-1,0
12,481,481,-1,0
12,482,482,-1,0
12,483,483,1,0
12,484,484,-1,0
12,485,485,-1,0
12,486,486,1,0
12,487,487,-1,0
12,488,488,-1,0
12,489,489,-1,0
12,490,490,-1,0
12,491,491,1,0
12,492,492,1,0
12,493,493,1,0
12,494,494,-1,0
12,495,495,1,0
12,496,496,1,0
12,497,497,1,0
12,498,498,1,0
12,499,499,-1,0
12,500,500,1,0
12,501,501,1,0
12,502,502,-1,0
12,503,503,1,0
12,504,504,-1,0
12,505,505,-1,0
12,506,506,-1,0
12,507,507,1,0
12,508,508,1,0
12,509,509,1,0
12,510,510,-1,0
12,511,511,1,0
12,512,-512,1,0
12,513,-511,1,0
12,514,-510,1,0
12,515,-509,-1,0
12,516,-508,1,0
12,517,-507,1,0
12,518,-506,-1,0
12,519,-505,1,0
12,520,-504,1,0
12,521,-503,1,0
12,522,-502,1,0
12,523,-501,-1,0
12,524,-500,-1,0
12,525,-499,-1,0
12,526,-498,1,0
12,527,-497,-1,0
12,528,-496,1,0
12,529,-495,1,0
12,530,-494,1,0
12,531,-493,-1,0
12,532,-492,1,0
12,533,-491,1,0
12,534,-490,-1,0
12,535,-489,1,0
12,536,-488,-1,0
12,537,-487,-1,0
12,538,-486,-1,0
12,539,-485,1,0
12,540,-484,1,0
12,541,-483,1,0
12,542,-482,-1,0
12,543,-481,1,0
12,544,-480,1,0
12,545,-479,1,0
12,546,-478,1,0
12,547,-477,-1,0
12,548,-476,1,0
12,549,-475,1,0
12,550,-474,-1,0
12,551,-473,1,0
12,552,-472,1,0
12,553,-471,1,0
12,554,-470,1,0
12,555,-469,-1,0
12,556,-468,-1,0
12,557,-467,-1,0
12,558,-466,1,0
12,559,-465,-1,0
12,560,-464,-1,0
12,561,-463,-1,0
12,562,-462,-1,0
12,563,-461,1,0
12,564,-460,-1,0
12,565,-459,-1,0
12,566,-458,1,0
12,567,-457,-1,0
12,568,-456,1,0
12,569,-455,1,0
12,570,-454,1,0
12,571,-453,-1,0
12,572,-452,-1,0
12,573,-451,-1,0
12,574,-450,1,0
12,575,-449,-1,0
12,576,-448,1,0
12,577,-447,1,0
12,578,-446,1,0
12,579,-445,-1,0
12,580,-444,1,0
12,581,-443,1,0
12,582,-442,-1,0
12,583,-441,1,0
12,584,-440,1,0
12,585,-439,1,0
12,586,-438,1,0
12,587,-437,-1,0
12,588,-436,-1,0
12,589,-435,-1,0
12,590,-434,1,0
12,591,-433,-1,0
12,592,-432,1,0
12,593,-431,1,0
12,594,-430,1,0
12,595,-429,-1,0
12,596,-428,1,0
12,597,-427,1,0
12,598,-426,-1,0
12,599,-425,1,0
12,600,-424,-1,0
12,601,-423,-1,0
12,602,-422,-1,0
12,603,-421,1,0
12,604,-420,1,0
12,605,-419,1,0
12,606,-418,-1,0
12,607,-417,1,0
12,608,-416,-1,0
12,609,-415,-1,0
12,610,-414,-1,0
12,611,-413,1,0
12,612,-412,-1,0
12,613,-411,-1,0
12,614,-410,1,0
12,615,-409,-1,0
12,616,-408,-1,0
12,617,-407,-1,0
12,618,-406,-1,0
12,619,-405,1,0
12,620,-404,1,0
12,621,-403,1,0
12,622,-402,-1,0
12,623,-401,1,0
12,624,-400,1,0
12,625,-399,1,0
12,626,-398,1,0
12,627,-397,-1,0
12,628,-396,1,0
12,629,-395,1,0
12,630,-394,-1,0
12,631,-393,1,0
12,632,-392,-1,0
12,633,-391,-1,0
12,634,-390,-1,0
12,635,-389,1,0
12,636,-388,1,0
12,637,-387,1,0
12,638,-386,-1,0
12,639,-385,1,0
12,640,-384,1,0
12,641,-383,1,0
12,642,-382,1,0
12,643,-381,-1,0
12,644,-380,1,0
12,645,-379,1,0
12,646,-378,-1,0
12,647,-377,1,0
12,648,-376,1,0
12,649,-375,1,0
12,650,-374,1,0
12,651,-373,-1,0
12,652,-372,-1,0
12,653,-371,-1,0
12,654,-370,1,0
12,655,-369,-1,0
12,656,-368,1,0
12,657,-367,1,0
12,658,-366,1,0
12,659,-365,-1,0
12,660,-364,1,0
12,661,-363,1,0
12,662,-362,-1,0
12,663,-361,1,0
12,664,-360,-1,0
12,665,-359,-1,0
12,666,-358,-1,0
12,667,-357,1,0
12,668,-356,1,0
12,669,-355,1,0
12,670,-354,-1,0
12,671,-353,1,0
12,672,-352,1,0
12,673,-351,1,0
12,674,-350,1,0
12,675,-349,-1,0
12,676,-348,1,0
12,677,-347,1,0
12,678,-346,-1,0
12,679,-345,1,0
12,680,-344,1,0
12,681,-343,1,0
12,682,-342,1,0
12,683,-341,-1,0
12,684,-340,-1,0
12,685,-339,-1,0
12,686,-338,1,0
12,687,-337,-1,0
12,688,-336,-1,0
12,689,-335,-1,0
12,690,-334,-1,0
12,691,-333,1,0
12,692,-332,-1,0
12,693,-331,-1,0
12,694,-330,1,0
12,695,-329,-1,0
12,696,-328,1,0
12,697,-327,1,0
12,698,-326,1,0
12,699,-325,-1,0
12,700,-324,-1,0
12,701,-323,-1,0
12,702,-322,1,0
12,703,-321,-1,0
12,704,-320,-1,0
12,705,-319,-1,0
12,706,-318,-1,0
12,707,-317,1,0
12,708,-316,-1,0
12,709,-315,-1,0
12,710,-314,1,0
12,711,-313,-1,0
12,712,-312,-1,0
12,713,-311,-1,0
12,714,-310,-1,0
12,715,-309,1,0
12,716,-308,1,0
12,717,-307,1,0
12,718,-306,-1,0
12,719,-305,1,0
12,720,-304,-1,0
12,721,-303,-1,0
12,722,-302,-1,0
12,723,-301,1,0
12,724,-300,-1,0
12,725,-299,-1,0
12,726,-298,1,0
12,727,-297,-1,0
12,728,-296,1,0
12,729,-295,1,0
12,730,-294,1,0
12,731,-293,-1,0
12,732,-292,-1,0
12,733,-291,-1,0
12,734,-290,1,0
12,735,-289,-1,0
12,736,-288,1,0
12,737,-287,1,0
12,738,-286,1,0
12,739,-285,-1,0
12,740,-284,1,0
12,741,-283,1,0
12,742,-282,-1,0
12,743,-281,1,0
12,744,-280,1,0
12,745,-279,1,0
12,746,-278,1,0
12,747,-277,-1,0
12,748,-276,-1,0
12,749,-275,-1,0
12,750,-274,1,0
12,751,-273,-1,0
12,752,-272,-1,0
12,753,-271,-1,0
12,754,-270,-1,0
12,755,-269,1,0
12,756,-268,-1,0
12,757,-267,-1,0
12,758,-266,1,0
12,759,-265,-1,0
12,760,-264,1,0
12,761,-263,1,0
12,762,-262,1,0
12,763,-261,-1,0
12,764,-260,-1,0
12,765,-259,-1,0
12,766,-258,1,0
12,767,-257,-1,0
12,768,-256,-1,0
12,769,-255,-1,0
12,770,-254,-1,0
12,771,-253,1,0
12,772,-252,-1,0
12,773,-251,-1,0
12,774,-250,1,0
12,775,-249,-1,0
12,776,-248,-1,0
12,777,-247,-1,0
12,778,-246,-1,0
12,779,-245,1,0
12,780,-244,1,0
12,781,-243,1,0
12,782,-242,-1,0
12,783,-241,1,0
12,784,-240,-1,0
12,785,-239,-1,0
12,786,-238,-1,0
12,787,-237,1,0
12,788,-236,-1,0
12,789,-235,-1,0
12,790,-234,1,0
12,791,-233,-1,0
12,792,-232,1,0
12,793,-231,1,0
12,794,-230,1,0
12,795,-229,-1,0
12,796,-228,-1,0
12,797,-227,-1,0
12,798,-226,1,0
12,799,-225,-1,0
12,800,-224,-1,0
12,801,-223,-1,0
12,802,-222,-1,0
12,803,-221,1,0
12,804,-220,-1,0
12,805,-219,-1,0
12,806,-218,1,0
12,807,-217,-1,0
12,808,-216,-1,0
12,809,-215,-1,0
12,810,-214,-1,0
12,811,-213,1,0
12,812,-212,1,0
12,813,-211,1,0
12,814,-210,-1,0
12,815,-209,1,0
12,816,-208,1,0
12,817,-207,1,0
12,818,-206,1,0
12,819,-205,-1,0
12,820,-204,1,0
12,821,-203,1,0
12,822,-202,-1,0
12,823,-201,1,0
12,824,-200,-1,0
12,825,-199,-1,0
12,826,-198,-1,0
12,827,-197,1,0
12,828,-196,1,0
12,829,-195,1,0
12,830,-194,-1,0
12,831,-193,1,0
12,832,-192,-1,0
12,833,-191,-1,0
12,834,-190,-1,0
12,835,-189,1,0
12,836,-188,-1,0
12,837,-187,-1,0
12,838,-186,1,0
12,839,-185,-1,0
12,840,-184,-1,0
12,841,-183,-1,0
12,842,-182,-1,0
12,843,-181,1,0
12,844,-180,1,0
12,845,-179,1,0
12,846,-178,-1,0
12,847,-177,1,0
12,848,-176,-1,0
12,849,-175,-1,0
12,850,-174,-1,0
12,851,-173,1,0
12,852,-172,-1,0
12,853,-171,-1,0
12,854,-170,1,0
12,855,-169,-1,0
12,856,-168,1,0
12,857,-167,1,0
12,858,-166,1,0
12,859,-165,-1,0
12,860,-164,-1,0
12,861,-163,-1,0
12,862,-162,1,0
12,863,-161,-1,0
12,864,-160,1,0
12,865,-159,1,0
12,866,-158,1,0
12,867,-157,-1,0
12,868,-156,1,0
12,869,-155,1,0
12,870,-154,-1,0
12,871,-153,1,0
12,872,-152,1,0
12,873,-151,1,0
12,874,-150,1,0
12,875,-149,-1,0
12,876,-148,-1,0
12,877,-147,-1,0
12,878,-146,1,0
12,879,-145,-1,0
12,880,-144,-1,0
12,881,-143,-1,0
12,882,-142,-1,0
12,883,-141,1,0
12,884,-140,-1,0
12,885,-139,-1,0
12,886,-138,1,0
12,887,-137,-1,0
12,888,-136,1,0
12,889,-135,1,0
12,890,-134,1,0
12,891,-133,-1,0
12,892,-132,-1,0
12,893,-131,-1,0
12,894,-130,1,0
12,895,-129,-1,0
12,896,-128,1,0
12,897,-127,1,0
12,898,-126,1,0
12,899,-125,-1,0
12,900,-124,1,0
12,901,-123,1,0
12,902,-122,-1,0
12,903,-121,1,0
12,904,-120,1,0
12,905,-119,1,0
12,906,-118,1,0
12,907,-117,-1,0
12,908,-116,-1,0
12,909,-115,-1,0
12,910,-114,1,0
12,911,-113,-1,0
12,912,-112,1,0
12,913,-111,1,0
12,914,-110,1,0
12,915,-109,-1,0
12,916,-108,1,0
12,917,-107,1,0
12,918,-106,-1,0
12,919,-105,1,0
12,920,-104,-1,0
12,921,-103,-1,0
12,922,-102,-1,0
12,923,-101,1,0
12,924,-100,1,0
12,925,-99,1,0
12,926,-98,-1,0
12,927,-97,1,0
12,928,-96,1,0
12,929,-95,1,0
12,930,-94,1,0
12,931,-93,-1,0
12,932,-92,1,0
12,933,-91,1,0
12,934,-90,-1,0
12,935,-89,1,0
12,936,-88,1,0
12,937,-87,1,0
12,938,-86,1,0
12,939,-85,-1,0
12,940,-84,-1,0
12,941,-83,-1,0
12,942,-82,1,0
12,943,-81,-1,0
12,944,-80,-1,0
12,945,-79,-1,0
12,946,-78,-1,0
12,947,-77,1,0
12,948,-76,-1,0
12,949,-75,-1,0
12,950,-74,1,0
12,951,-73,-1,0
12,952,-72,1,0
12,953,-71,1,0
12,954,-70,1,0
12,955,-69,-1,0
12,956,-68,-1,0
12,957,-67,-1,0
12,958,-66,1,0
12,959,-65,-1,0
12,960,-64,-1,0
12,961,-63,-1,0
12,962,-62,-1,0
12,963,-61,1,0
12,964,-60,-1,0
12,965,-59,-1,0
12,966,-58,1,0
12,967,-57,-1,0
12,968,-56,-1,0
12,969,-55,-1,0
12,970,-54,-1,0
12,971,-53,1,0
12,972,-52,1,0
12,973,-51,1,0
12,974,-50,-1,0
12,975,-49,1,0
12,976,-48,-1,0
12,977,-47,-1,0
12,978,-46,-1,0
12,979,-45,1,0
12,980,-44,-1,0
12,981,-43,-1,0
12,982,-42,1,0
12,983,-41,-1,0
12,984,-40,1,0
12,985,-39,1,0
12,986,-38,1,0
12,987,-37,-1,0
12,988,-36,-1,0
12,989,-35,-1,0
12,990,-34,1,0
12,991,-33,-1,0
12,992,-32,1,0
12,993,-31,1,0
12,994,-30,1,0
12,995,-29,-1,0
12,996,-28,1,0
12,997,-27,1,0
12,998,-26,-1,0
12,999,-25,1,0
12,1000,-24,1,0
12,1001,-23,1,0
12,1002,-22,1,0
12,1003,-21,-1,0
12,1004,-20,-1,0
12,1005,-19,-1,0
12,1006,-18,1,0
12,1007,-17,-1,0
12,1008,-16,-1,0
12,1009,-15,-1,0
12,1010,-14,-1,0
12,1011,-13,1,0
12,1012,-12,-1,0
12,1013,-11,-1,0
12,1014,-10,1,0
12,1015,-9,-1,0
12,1016,-8,1,0
12,1017,-7,1,0
12,1018,-6,1,0
12,1019,-5,-1,0
12,1020,-4,-1,0
12,1021,-3,-1,0
12,1022,-2,1,0
12,1023,-1,-1,0
13,0,0,1,0
13,1,1,1,0
13,2,2,1,0
13,3,3,-1,0
13,4,4,1,0
13,5,5,1,0
13,6,6,-1,0
13,7,7,1,0
13,8,8,1,0
13,9,9,1,0
13,10,10,1,0
13,11,11,-1,0
13,12,12,-1,0
13,13,13,-1,0
13,14,14,1,0
13,15,15,-1,0
13,16,16,1,0
13,17,17,1,0
13,18,18,1,0
13,19,19,-1,0
13,20,20,1,0
13,21,21,1,0
13,22,22,-1,0
13,23,23,1,0
13,24,24,-1,0
13,25,25,-1,0
13,26,26,-1,0
13,27,27,1,0
13,28,28,1,0
13,29,29,1,0
13,30,30,-1,0
13,31,31,1,0
13,32,32,1,0
13,33,33,1,0
13,34,34,1,0
13,35,35,-1,0
13,36,36,1,0
13,37,37,1,0
13,38,38,-1,0
13,39,39,1,0
13,40,40,1,0
13,41,41,1,0
13,42,42,1,0
13,43,43,-1,0
13,44,44,-1,0
13,45,45,-1,0
13,46,46,1,0
13,47,47,-1,0
13,48,48,-1,0
13,49,49,-1,0
13,50,50,-1,0
13,51,51,1,0
13,52,52,-1,0
13,53,53,-1,0
13,54,54,1,0
13,55,55,-1,0
13,56,56,1,0
13,57,57,1,0
13,58,58,1,0
13,59,59,-1,0
13,60,60,-1,0
13,61,61,-1,0
13,62,62,1,0
13,63,63,-1,0
13,64,64,1,0
13,65,65,1,0
13,66,66,1,0
13,67,67,-1,0
13,68,68,1,0
13,69,69,1,0
13,70,70,-1,0
13,71,71,1,0
13,72,72,1,0
13,73,73,1,0
13,74,74,1,0
13,75,75,-1,0
13,76,76,-1,0
13,77,77,-1,0
13,78,78,1,0
13,79,79,-1,0
13,80,80,1,0
13,81,81,1,0
13,82,82,1,0
13,83,83,-1,0
13,84,84,1,0
13,85,85,1,0
13,86,86,-1,0
13,87,87,1,0
13,88,88,-1,0
13,89,89,-1,0
13,90,90,-1,0
13,91,91,1,0
13,92,92,1,0
13,93,93,1,0
13,94,94,-1,0
13,95,95,1,0
13,96,96,-1,0
13,97,97,-1,0
13,98,98,-1,0
13,99,99,1,0
13,100,100,-1,0
13,101,101,-1,0
13,102,102,1,0
13,103,103,-1,0
13,104,104,-1,0
13,105,105,-1,0
13,106,106,-1,0
13,107,107,1,0
13,108,108,1,0
13,109,109,1,0
13,110,110,-1,0
13,111,111,1,0
13,112,112,1,0
13,113,113,1,0
13,114,114,1,0
13,115,115,-1,0
13,116,116,1,0
13,117,117,1,0
13,118,118,-1,0
13,119,119,1,0
13,120,120,-1,0
13,121,121,-1,0
13,122,122,-1,0
13,123,123,1,0
13,124,124,1,0
13,125,125,1,0
13,126,126,-1,0
13,127,127,1,0
13,128,128,1,0
13,129,129,1,0
13,130,130,1,0
13,131,131,-1,0
13,132,132,1,0
13,133,133,1,0
13,134,134,-1,0
13,135,135,1,0
13,136,136,1,0
13,137,137,1,0
13,138,138,1,0
13,139,139,-1,0
13,140,140,-1,0
13,141,141,-1,0
13,142,142,1,0
13,143,143,-1,0
13,144,144,1,0
13,145,145,1,0
13,146,146,1,0
13,147,147,-1,0
13,148,148,1,0
13,149,149,1,0
13,150,150,-1,0
13,151,151,1,0
13,152,152,-1,0
13,153,153,-1,0
13,154,154,-1,0
13,155,155,1,0
13,156,156,1,0
13,157,157,1,0
13,158,158,-1,0
13,159,159,1,0
13,160,160,1,0
13,161,161,1,0
13,162,162,1,0
13,163,163,-1,0
13,164,164,1,0
13,165,165,1,0
13,166,166,-1,0
13,167,167,1,0
13,168,168,1,0
13,169,169,1,0
13,170,170,1,0
13,171,171,-1,0
13,172,172,-1,0
13,173,173,-1,0
13,174,174,1,0
13,175,175,-1,0
13,176,176,-1,0
13,177,177,-1,0
13,178,178,-1,0
13,179,179,1,0
13,180,180,-1,0
13,181,181,-1,0
13,182,182,1,0
13,183,183,-1,0
13,184,184,1,0
13,185,185,1,0
13,186,186,1,0
13,187,187,-1,0
13,188,188,-1,0
13,189,189,-1,0
13,190,190,1,0
13,191,191,-1,0
13,192,192,-1,0
13,193,193,-1,0
13,194,194,-1,0
13,195,195,1,0
13,196,196,-1,0
13,197,197,-1,0
13,198,198,1,0
13,199,199,-1,0
13,200,200,-1,0
13,201,201,-1,0
13,202,202,-1,0
13,203,203,1,0
13,204,204,1,0
13,205,205,1,0
13,206,206,-1,0
13,207,207,1,0
13,208,208,-1,0
13,209,209,-1,0
13,210,210,-1,0
13,211,211,1,0
13,212,212,-1,0
13,213,213,-1,0
13,214,214,1,0
13,215,215,-1,0
13,216,216,1,0
13,217,217,1,0
13,218,218,1,0
13,219,219,-1,0
13,220,220,-1,0
13,221,221,-1,0
13,222,222,1,0
13,223,223,-1,0
13,224,224,1,0
13,225,225,1,0
13,226,226,1,0
13,227,227,-1,0
13,228,228,1,0
13,229,229,1,0
13,230,230,-1,0
13,231,231,1,0
13,232,232,1,0
13,233,233,1,0
13,234,234,1,0
13,235,235,-1,0
13,236,236,-1,0
13,237,237,-1,0
13,238,238,1,0
13,239,239,-1,0
13,240,240,-1,0
13,241,241,-1,0
13,242,242,-1,0
13,243,243,1,0
13,244,244,-1,0
13,245,245,-1,0
13,246,246,1,0
13,247,247,-1,0
13,248,248,1,0
13,249,249,1,0
13,250,250,1,0
13,251,251,-1,0
13,252,252,-1,0
13,253,253,-1,0
13,254,254,1,0
13,255,255,-1,0
13,256,256,1,0
13,257,257,1,0
13,258,258,1,0
13,259,259,-1,0
13,260,260,1,0
13,261,261,1,0
13,262,262,-1,0
13,263,263,1,0
13,264,264,1,0
13,265,265,1,0
13,266,266,1,0
13,267,267,-1,0
13,268,268,-1,0
13,269,269,-1,0
13,270,270,1,0
13,271,271,-1,0
13,272,272,1,0
13,273,273,1,0
13,274,274,1,0
13,275,275,-1,0
13,276,276,1,0
13,277,277,1,0
13,278,278,-1,0
13,279,279,1,0
13,280,280,-1,0
13,281,281,-1,0
13,282,282,-1,0
13,283,283,1,0
13,284,284,1,0
13,285,285,1,0
13,286,286,-1,0
13,287,287,1,0
13,288,288,1,0
13,289,289,1,0
13,290,290,1,0
13,291,291,-1,0
13,292,292,1,0
13,293,293,1,0
13,294,294,-1,0
13,295,295,1,0
13,296,296,1,0
13,297,297,1,0
13,298,298,1,0
13,299,299,-1,0
13,300,300,-1,0
13,301,301,-1,0
13,302,302,1,0
13,303,303,-1,0
13,304,304,-1,0
13,305,305,-1,0
13,306,306,-1,0
13,307,307,1,0
13,308,308,-1,0
13,309,309,-1,0
13,310,310,1,0
13,311,311,-1,0
13,312,312,1,0
13,313,313,1,0
13,314,314,1,0
13,315,315,-1,0
13,316,316,-1,0
13,317,317,-1,0
13,318,318,1,0
13,319,319,-1,0
13,320,320,1,0
13,321,321,1,0
13,322,322,1,0
13,323,323,-1,0
13,324,324,1,0
13,325,325,1,0
13,326,326,-1,0
13,327,327,1,0
13,328,328,1,0
13,329,329,1,0
13,330,330,1,0
13,331,331,-1,0
13,332,332,-1,0
13,333,333,-1,0
13,334,334,1,0
13,335,335,-1,0
13,336,336,1,0
13,337,337,1,0
13,338,338,1,0
13,339,339,-1,0
13,340,340,1,0
13,341,341,1,0
13,342,342,-1,0
13,343,343,1,0
13,344,344,-1,0
13,345,345,-1,0
13,346,346,-1,0
13,347,347,1,0
13,348,348,1,0
13,349,349,1,0
13,350,350,-1,0
13,351,351,1,0
13,352,352,-1,0
13,353,353,-1,0
13,354,354,-1,0
13,355,355,1,0
13,356,356,-1,0
13,357,357,-1,0
13,358,358,1,0
13,359,359,-1,0
13,360,360,-1,0
13,361,361,-1,0
13,362,362,-1,0
13,363,363,1,0
13,364,364,1,0
13,365,365,1,0
13,366,366,-1,0
13,367,367,1,0
13,368,368,1,0
13,369,369,1,0
13,370,370,1,0
13,371,371,-1,0
13,372,372,1,0
13,373,373,1,0
13,374,374,-1,0
13,375,375,1,0
13,376,376,-1,0
13,377,377,-1,0
13,378,378,-1,0
13,379,379,1,0
13,380,380,1,0
13,381,381,1,0
13,382,382,-1,0
13,383,383,1,0
13,384,384,-1,0
13,385,385,-1,0
13,386,386,-1,0
13,387,387,1,0
13,388,388,-1,0
13,389,389,-1,0
13,390,390,1,0
13,391,391,-1,0
13,392,392,-1,0
13,393,393,-1,0
13,394,394,-1,0
13,395,395,1,0
13,396,396,1,0
13,397,397,1,0
13,398,398,-1,0
13,399,399,1,0
13,400,400,-1,0
13,401,401,-1,0
13,402,402,-1,0
13,403,403,1,0
13,404,404,-1,0
13,405,405,-1,0
13,406,406,1,0
13,407,407,-1,0
13,408,408,1,0
13,409,409,1,0
13,410,410,1,0
13,411,411,-1,0
13,412,412,-1,0
13,413,413,-1,0
13,414,414,1,0
13,415,415,-1,0
13,416,416,-1,0
13,417,417,-1,0
13,418,418,-1,0
13,419,419,1,0
13,420,420,-1,0
13,421,421,-1,0
13,422,422,1,0
13,423,423,-1,0
13,424,424,-1,0
13,425,425,-1,0
13,426,426,-1,0
13,427,427,1,0
13,428,428,1,0
13,429,429,1,0
13,430,430,-1,0
13,431,431,1,0
13,432,432,1,0
13,433,433,1,0
13,434,434,1,0
13,435,435,-1,0
13,436,436,1,0
13,437,437,1,0
13,438,438,-1,0
13,439,439,1,0
13,440,440,-1,0
13,441,441,-1,0
13,442,442,-1,0
13,443,443,1,0
13,444,444,1,0
13,445,445,1,0
13,446,446,-1,0
13,447,447,1,0
13,448,448,1,0
13,449,449,1,0
13,450,450,1,0
13,451,451,-1,0
13,452,452,1,0
13,453,453,1,0
13,454,454,-1,0
13,455,455,1,0
13,456,456,1,0
13,457,457,1,0
13,458,458,1,0
13,459,459,-1,0
13,460,460,-1,0
13,461,461,-1,0
13,462,462,1,0
13,463,463,-1,0
13,464,464,1,0
13,465,465,1,0
13,466,466,1,0
13,467,467,-1,0
13,468,468,1,0
13,469,469,1,0
13,470,470,-1,0
13,471,471,1,0
13,472,472,-1,0
13,473,473,-1,0
13,474,474,-1,0
13,475,475,1,0
13,476,476,1,0
13,477,477,1,0
13,478,478,-1,0
13,479,479,1,0
13,480,480,-1,0
13,481,481,-1,0
13,482,482,-1,0
13,483,483,1,0
13,484,484,-1,0
13,485,485,-1,0
13,486,486,1,0
13,487,487,-1,0
13,488,488,-1,0
13,489,489,-1,0
13,490,490,-1,0
13,491,491,1,0
13,492,492,1,0
13,493,493,1,0
13,494,494,-1,0
13,495,495,1,0
13,496,496,1,0
13,497,497,1,0
13,498,498,1,0
13,499,499,-1,0
13,500,500,1,0
13,501,501,1,0
13,502,502,-1,0
13,503,503,1,0
13,504,504,-1,0
13,505,505,-1,0
13,506,506,-1,0
13,507,507,1,0
13,508,508,1,0
13,509,509,1,0
13,510,510,-1,0
13,511,511,1,0
13,512,-512,-1,0
13,513,-511,-1,0
13,514,-510,-1,0
13,515,-509,1,0
13,516,-508,-1,0
13,517,-507,-1,0
13,518,-506,1,0
13,519,-505,-1,0
13,520,-504,-1,0
13,521,-503,-1,0
13,522,-502,-1,0
13,523,-501,1,0
13,524,-500,1,0
13,525,-499,1,0
13,526,-498,-1,0
13,527,-497,1,0
13,528,-496,-1,0
13,529,-495,-1,0
13,530,-494,-1,0
13,531,-493,1,0
13,532,-492,-1,0
13,533,-491,-1,0
13,534,-490,1,0
13,535,-489,-1,0
13,536,-488,1,0
13,537,-487,1,0
13,538,-486,1,0
13,539,-485,-1,0
13,540,-484,-1,0
13,541,-483,-1,0
13,542,-482,1,0
13,543,-481,-1,0
13,544,-480,-1,0
13,545,-479,-1,0
13,546,-478,-1,0
13,547,-477,1,0
13,548,-476,-1,0
13,549,-475,-1,0
13,550,-474,1,0
13,551,-473,-1,0
13,552,-472,-1,0
13,553,-471,-1,0
13,554,-470,-1,0
13,555,-469,1,0
13,556,-468,1,0
13,557,-467,1,0
13,558,-466,-1,0
13,559,-465,1,0
13,560,-464,1,0
13,561,-463,1,0
13,562,-462,1,0
13,563,-461,-1,0
13,564,-460,1,0
13,565,-459,1,0
13,566,-458,-1,0
13,567,-457,1,0
13,568,-456,-1,0
13,569,-455,-1,0
13,570,-454,-1,0
13,571,-453,1,0
13,572,-452,1,0
13,573,-451,1,0
13,574,-450,-1,0
13,575,-449,1,0
13,576,-448,-1,0
13,577,-447,-1,0
13,578,-446,-1,0
13,579,-445,1,0
13,580,-444,-1,0
13,581,-443,-1,0
13,582,-442,1,0
13,583,-441,-1,0
13,584,-440,-1,0
13,585,-439,-1,0
13,586,-438,-1,0
13,587,-437,1,0
13,588,-436,1,0
13,589,-435,1,0
13,590,-434,-1,0
13,591,-433,1,0
13,592,-432,-1,0
13,593,-431,-1,0
13,594,-430,-1,0
13,595,-429,1,0
13,596,-428,-1,0
13,597,-427,-1,0
13,598,-426,1,0
13,599,-425,-1,0
13,600,-424,1,0
13,601,-423,1,0
13,602,-422,1,0
13,603,-421,-1,0
13,604,-420,-1,0
13,605,-419,-1,0
13,606,-418,1,0
13,607,-417,-1,0
13,608,-416,1,0
13,609,-415,1,0
13,610,-414,1,0
13,611,-413,-1,0
13,612,-412,1,0
13,613,-411,1,0
13,614,-410,-1,0
13,615,-409,1,0
13,616,-408,1,0
13,617,-407,1,0
13,618,-406,1,0
13,619,-405,-1,0
13,620,-404,-1,0
13,621,-403,-1,0
13,622,-402,1,0
13,623,-401,-1,0
13,624,-400,-1,0
13,625,-399,-1,0
13,626,-398,-1,0
13,627,-397,1,0
13,628,-396,-1,0
13,629,-395,-1,0
13,630,-394,1,0
13,631,-393,-1,0
13,632,-392,1,0
13,633,-391,1,0
13,634,-390,1,0
13,635,-389,-1,0
13,636,-388,-1,0
13,637,-387,-1,0
13,638,-386,1,0
13,639,-385,-1,0
13,640,-384,-1,0
13,641,-383,-1,0
13,642,-382,-1,0
13,643,-381,1,0
13,644,-380,-1,0
13,645,-379,-1,0
13,646,-378,1,0
13,647,-377,-1,0
13,648,-376,-1,0
13,649,-375,-1,0
13,650,-374,-1,0
13,651,-373,1,0
13,652,-372,1,0
13,653,-371,1,0
13,654,-370,-1,0
13,655,-369,1,0
13,656,-368,-1,0
13,657,-367,-1,0
13,658,-366,-1,0
13,659,-365,1,0
13,660,-364,-1,0
13,661,-363,-1,0
13,662,-362,1,0
13,663,-361,-1,0
13,664,-360,1,0
13,665,-359,1,0
13,666,-358,1,0
13,667,-357,-1,0
13,668,-356,-1,0
13,669,-355,-1,0
13,670,-354,1,0
13,671,-353,-1,0
13,672,-352,-1,0
13,673,-351,-1,0
13,674,-350,-1,0
13,675,-349,1,0
13,676,-348,-1,0
13,677,-347,-1,0
13,678,-346,1,0
13,679,-345,-1,0
13,680,-344,-1,0
13,681,-343,-1,0
13,682,-342,-1,0
13,683,-341,1,0
13,684,-340,1,0
13,685,-339,1,0
13,686,-338,-1,0
13,687,-337,1,0
13,688,-336,1,0
13,689,-335,1,0
13,690,-334,1,0
13,691,-333,-1,0
13,692,-332,1,0
13,693,-331,1,0
13,694,-330,-1,0
13,695,-329,1,0
13,696,-328,-1,0
13,697,-327,-1,0
13,698,-326,-1,0
13,699,-325,1,0
13,700,-324,1,0
13,701,-323,1,0
13,702,-322,-1,0
13,703,-321,1,0
13,704,-320,1,0
13,705,-319,1,0
13,706,-318,1,0
13,707,-317,-1,0
13,708,-316,1,0
13,709,-315,1,0
13,710,-314,-1,0
13,711,-313,1,0
13,712,-312,1,0
13,713,-311,1,0
13,714,-310,1,0
13,715,-309,-1,0
13,716,-308,-1,0
13,717,-307,-1,0
13,718,-306,1,0
13,719,-305,-1,0
13,720,-304,1,0
13,721,-303,1,0
13,722,-302,1,0
13,723,-301,-1,0
13,724,-300,1,0
13,725,-299,1,0
13,726,-298,-1,0
13,727,-297,1,0
13,728,-296,-1,0
13,729,-295,-1,0
13,730,-294,-1,0
13,731,-293,1,0
13,732,-292,1,0
13,733,-291,1,0
13,734,-290,-1,0
13,735,-289,1,0
13,736,-288,-1,0
13,737,-287,-1,0
13,738,-286,-1,0
13,739,-285,1,0
13,740,-284,-1,0
13,741,-283,-1,0
13,742,-282,1,0
13,743,-281,-1,0
13,744,-280,-1,0
13,745,-279,-1,0
13,746,-278,-1,0
13,747,-277,1,0
13,748,-276,1,0
13,749,-275,1,0
13,750,-274,-1,0
13,751,-273,1,0
13,752,-272,1,0
13,753,-271,1,0
13,754,-270,1,0
13,755,-269,-1,0
13,756,-268,1,0
13,757,-267,1,0
13,758,-266,-1,0
13,759,-265,1,0
13,760,-264,-1,0
13,761,-263,-1,0
13,762,-262,-1,0
13,763,-261,1,0
13,764,-260,1,0
13,765,-259,1,0
13,766,-258,-1,0
13,767,-257,1,0
13,768,-256,1,0
13,769,-255,1,0
13,770,-254,1,0
13,771,-253,-1,0
13,772,-252,1,0
13,773,-251,1,0
13,774,-250,-1,0
13,775,-249,1,0
13,776,-248,1,0
13,777,-247,1,0
13,778,-246,1,0
13,779,-245,-1,0
13,780,-244,-1,0
13,781,-243,-1,0
13,782,-242,1,0
13,783,-241,-1,0
13,784,-240,1,0
13,785,-239,1,0
13,786,-238,1,0
13,787,-237,-1,0
13,788,-236,1,0
13,789,-235,1,0
13,790,-234,-1,0
13,791,-233,1,0
13,792,-232,-1,0
13,793,-231,-1,0
13,794,-230,-1,0
13,795,-229,1,0
13,796,-228,1,0
13,797,-227,1,0
13,798,-226,-1,0
13,799,-225,1,0
13,800,-224,1,0
13,801,-223,1,0
13,802,-222,1,0
13,803,-221,-1,0
13,804,-220,1,0
13,805,-219,1,0
13,806,-218,-1,0
13,807,-217,1,0
13,808,-216,1,0
13,809,-215,1,0
13,810,-214,1,0
13,811,-213,-1,0
13,812,-212,-1,0
13,813,-211,-1,0
13,814,-210,1,0
13,815,-209,-1,0
13,816,-208,-1,0
13,817,-207,-1,0
13,818,-206,-1,0
13,819,-205,1,0
13,820,-204,-1,0
13,821,-203,-1,0
13,822,-202,1,0
13,823,-201,-1,0
13,824,-200,1,0
13,825,-199,1,0
13,826,-198,1,0
13,827,-197,-1,0
13,828,-196,-1,0
13,829,-195,-1,0
13,830,-194,1,0
13,831,-193,-1,0
13,832,-192,1,0
13,833,-191,1,0
13,834,-190,1,0
13,835,-189,-1,0
13,836,-188,1,0
13,837,-187,1,0
13,838,-186,-1,0
13,839,-185,1,0
13,840,-184,1,0
13,841,-183,1,0
13,842,-182,1,0
13,843,-181,-1,0
13,844,-180,-1,0
13,845,-179,-1,0
13,846,-178,1,0
13,847,-177,-1,0
13,848,-176,1,0
13,849,-175,1,0
13,850,-174,1,0
13,851,-173,-1,0
13,852,-172,1,0
13,853,-171,1,0
13,854,-170,-1,0
13,855,-169,1,0
13,856,-168,-1,0
13,857,-167,-1,0
13,858,-166,-1,0
13,859,-165,1,0
13,860,-164,1,0
13,861,-163,1,0
13,862,-162,-1,0
13,863,-161,1,0
13,864,-160,-1,0
13,865,-159,-1,0
13,866,-158,-1,0
13,867,-157,1,0
13,868,-156,-1,0
13,869,-155,-1,0
13,870,-154,1,0
13,871,-153,-1,0
13,872,-152,-1,0
13,873,-151,-1,0
13,874,-150,-1,0
13,875,-149,1,0
13,876,-148,1,0
13,877,-147,1,0
13,878,-146,-1,0
13,879,-145,1,0
13,880,-144,1,0
13,881,-143,1,0
13,882,-142,1,0
13,883,-141,-1,0
13,884,-140,1,0
13,885,-139,1,0
13,886,-138,-1,0
13,887,-137,1,0
13,888,-136,-1,0
13,889,-135,-1,0
13,890,-134,-1,0
13,891,-133,1,0
13,892,-132,1,0
13,893,-131,1,0
13,894,-130,-1,0
13,895,-129,1,0
13,896,-128,-1,0
13,897,-127,-1,0
13,898,-126,-1,0
13,899,-125,1,0
13,900,-124,-1,0
13,901,-123,-1,0
13,902,-122,1,0
13,903,-121,-1,0
13,904,-120,-1,0
13,905,-119,-1,0
13,906,-118,-1,0
13,907,-117,1,0
13,908,-116,1,0
13,909,-115,1,0
13,910,-114,-1,0
13,911,-113,1,0
13,912,-112,-1,0
13,913,-111,-1,0
13,914,-110,-1,0
13,915,-109,1,0
13,916,-108,-1,0
13,917,-107,-1,0
13,918,-106,1,0
13,919,-105,-1,0
13,920,-104,1,0
13,921,-103,1,0
13,922,-102,1,0
13,923,-101,-1,0
13,924,-100,-1,0
13,925,-99,-1,0
13,926,-98,1,0
13,927,-97,-1,0
13,928,-96,-1,0
13,929,-95,-1,0
13,930,-94,-1,0
13,931,-93,1,0
13,932,-92,-1,0
13,933,-91,-1,0
13,934,-90,1,0
13,935,-89,-1,0
13,936,-88,-1,0
13,937,-87,-1,0
13,938,-86,-1,0
13,939,-85,1,0
13,940,-84,1,0
13,941,-83,1,0
13,942,-82,-1,0
13,943,-81,1,0
13,944,-80,1,0
13,945,-79,1,0
13,946,-78,1,0
13,947,-77,-1,0
13,948,-76,1,0
13,949,-75,1,0
13,950,-74,-1,0
13,951,-73,1,0
13,952,-72,-1,0
13,953,-71,-1,0
13,954,-70,-1,0
13,955,-69,1,0
13,956,-68,1,0
13,957,-67,1,0
13,958,-66,-1,0
13,959,-65,1,0
13,960,-64,1,0
13,961,-63,1,0
13,962,-62,1,0
13,963,-61,-1,0
13,964,-60,1,0
13,965,-59,1,0
13,966,-58,-1,0
13,967,-57,1,0
13,968,-56,1,0
13,969,-55,1,0
13,970,-54,1,0
13,971,-53,-1,0
13,972,-52,-1,0
13,973,-51,-1,0
13,974,-50,1,0
13,975,-49,-1,0
13,976,-48,1,0
13,977,-47,1,0
13,978,-46,1,0
13,979,-45,-1,0
13,980,-44,1,0
13,981,-43,1,0
13,982,-42,-1,0
13,983,-41,1,0
13,984,-40,-1,0
13,985,-39,-1,0
13,986,-38,-1,0
13,987,-37,1,0
13,988,-36,1,0
13,989,-35,1,0
13,990,-34,-1,0
13,991,-33,1,0
13,992,-32,-1,0
13,993,-31,-1,0
13,994,-30,-1,0
13,995,-29,1,0
13,996,-28,-1,0
13,997,-27,-1,0
13,998,-26,1,0
13,999,-25,-1,0
13,1000,-24,-1,0
13,1001,-23,-1,0
13,1002,-22,-1,0
13,1003,-21,1,0
13,1004,-20,1,0
13,1005,-19,1,0
13,1006,-18,-1,0
13,1007,-17,1,0
13,1008,-16,1,0
13,1009,-15,1,0
13,1010,-14,1,0
13,1011,-13,-1,0
13,1012,-12,1,0
13,1013,-11,1,0
13,1014,-10,-1,0
13,1015,-9,1,0
13,1016,-8,-1,0
13,1017,-7,-1,0
13,1018,-6,-1,0
13,1019,-5,1,0
13,1020,-4,1,0
13,1021,-3,1,0
13,1022,-2,-1,0
13,1023,-1,1,0
14,0,0,1,0
14,1,1,1,0
14,2,2,1,0
14,3,3,-1,0
14,4,4,1,0
14,5,5,1,0
14,6,6,-1,0
14,7,7,1,0
14,8,8,1,0
14,9,9,1,0
14,10,10,1,0
14,11,11,-1,0
14,12,12,-1,0
14,13,13,-1,0
14,14,14,1,0
14,15,15,-1,0
14,16,16,1,0
14,17,17,1,0
14,18,18,1,0
14,19,19,-1,0
14,20,20,1,0
14,21,21,1,0
14,22,22,-1,0
14,23,23,1,0
14,24,24,-1,0
14,25,25,-1,0
14,26,26,-1,0
14,27,27,1,0
14,28,28,1,0
14,29,29,1,0
14,30,30,-1,0
14,31,31,1,0
14,32,32,1,0
14,33,33,1,0
14,34,34,1,0
14,35,35,-1,0
14,36,36,1,0
14,37,37,1,0
14,38,38,-1,0
14,39,39,1,0
14,40,40,1,0
14,41,41,1,0
14,42,42,1,0
14,43,43,-1,0
14,44,44,-1,0
14,45,45,-1,0
14,46,46,1,0
14,47,47,-1,0
14,48,48,-1,0
14,49,49,-1,0
14,50,50,-1,0
14,51,51,1,0
14,52,52,-1,0
14,53,53,-1,0
14,54,54,1,0
14,55,55,-1,0
14,56,56,1,0
14,57,57,1,0
14,58,58,1,0
14,59,59,-1,0
14,60,60,-1,0
14,61,61,-1,0
14,62,62,1,0
14,63,63,-1,0
14,64,64,1,0
14,65,65,1,0
14,66,66,1,0
14,67,67,-1,0
14,68,68,1,0
14,69,69,1,0
14,70,70,-1,0
14,71,71,1,0
14,72,72,1,0
14,73,73,1,0
14,74,74,1,0
14,75,75,-1,0
14,76,76,-1,0
14,77,77,-1,0
14,78,78,1,0
14,79,79,-1,0
14,80,80,1,0
14,81,81,1,0
14,82,82,1,0
14,83,83,-1,0
14,84,84,1,0
14,85,85,1,0
14,86,86,-1,0
14,87,87,1,0
14,88,88,-1,0
14,89,89,-1,0
14,90,90,-1,0
14,91,91,1,0
14,92,92,1,0
14,93,93,1,0
14,94,94,-1,0
14,95,95,1,0
14,96,96,-1,0
14,97,97,-1,0
14,98,98,-1,0
14,99,99,1,0
14,100,100,-1,0
14,101,101,-1,0
14,102,102,1,0
14,103,103,-1,0
14,104,104,-1,0
14,105,105,-1,0
14,106,106,-1,0
14,107,107,1,0
14,108,108,1,0
14,109,109,1,0
14,110,110,-1,0
14,111,111,1,0
14,112,112,1,0
14,113,113,1,0
14,114,114,1,0
14,115,115,-1,0
14,116,116,1,0
14,117,117,1,0
14,118,118,-1,0
14,119,119,1,0
14,120,120,-1,0
14,121,121,-1,0
14,122,122,-1,0
14,123,123,1,0
14,124,124,1,0
14,125,125,1,0
14,126,126,-1,0
14,127,127,1,0
14,128,128,1,0
14,129,129,1,0
14,130,130,1,0
14,131,131,-1,0
14,132,132,1,0
14,133,133,1,0
14,134,134,-1,0
14,135,135,1,0
14,136,136,1,0
14,137,137,1,0
14,138,138,1,0
14,139,139,-1,0
14,140,140,-1,0
14,141,141,-1,0
14,142,142,1,0
14,143,143,-1,0
14,144,144,1,0
14,145,145,1,0
14,146,146,1,0
14,147,147,-1,0
14,148,148,1,0
14,149,149,1,0
14,150,150,-1,0
14,151,151,1,0
14,152,152,-1,0
14,153,153,-1,0
14,154,154,-1,0
14,155,155,1,0
14,156,156,1,0
14,157,157,1,0
14,158,158,-1,0
14,159,159,1,0
14,160,160,1,0
14,161,161,1,0
14,162,162,1,0
14,163,163,-1,0
14,164,164,1,0
14,165,165,1,0
14,166,166,-1,0
14,167,167,1,0
14,168,168,1,0
14,169,169,1,0
14,170,170,1,0
14,171,171,-1,0
14,172,172,-1,0
14,173,173,-1,0
14,174,174,1,0
14,175,175,-1,0
14,176,176,-1,0
14,177,177,-1,0
14,178,178,-1,0
14,179,179,1,0
14,180,180,-1,0
14,181,181,-1,0
14,182,182,1,0
14,183,183,-1,0
14,184,184,1,0
14,185,185,1,0
14,186,186,1,0
14,187,187,-1,0
14,188,188,-1,0
14,189,189,-1,0
14,190,190,1,0
14,191,191,-1,0
14,192,192,-1,0
14,193,193,-1,0
14,194,194,-1,0
14,195,195,1,0
14,196,196,-1,0
14,197,197,-1,0
14,198,198,1,0
14,199,199,-1,0
14,200,200,-1,0
14,201,201,-1,0
14,202,202,-1,0
14,203,203,1,0
14,204,204,1,0
14,205,205,1,0
14,206,206,-1,0
14,207,207,1,0
14,208,208,-1,0
14,209,209,-1,0
14,210,210,-1,0
14,211,211,1,0
14,212,212,-1,0
14,213,213,-1,0
14,214,214,1,0
14,215,215,-1,0
14,216,216,1,0
14,217,217,1,0
14,218,218,1,0
14,219,219,-1,0
14,220,220,-1,0
14,221,221,-1,0
14,222,222,1,0
14,223,223,-1,0
14,224,224,1,0
14,225,225,1,0
14,226,226,1,0
14,227,227,-1,0
14,228,228,1,0
14,229,229,1,0
14,230,230,-1,0
14,231,231,1,0
14,232,232,1,0
14,233,233,1,0
14,234,234,1,0
14,235,235,-1,0
14,236,236,-1,0
14,237,237,-1,0
14,238,238,1,0
14,239,239,-1,0
14,240,240,-1,0
14,241,241,-1,0
14,242,242,-1,0
14,243,243,1,0
14,244,244,-1,0
14,245,245,-1,0
14,246,246,1,0
14,247,247,-1,0
14,248,248,1,0
14,249,249,1,0
14,250,250,1,0
14,251,251,-1,0
14,252,252,-1,0
14,253,253,-1,0
14,254,254,1,0
14,255,255,-1,0
14,256,256,1,0
14,257,257,1,0
14,258,258,1,0
14,259,259,-1,0
14,260,260,1,0
14,261,261,1,0
14,262,262,-1,0
14,263,263,1,0
14,264,264,1,0
14,265,265,1,0
14,266,266,1,0
14,267,267,-1,0
14,268,268,-1,0
14,269,269,-1,0
14,270,270,1,0
14,271,271,-1,0
14,272,272,1,0
14,273,273,1,0
14,274,274,1,0
14,275,275,-1,0
14,276,276,1,0
14,277,277,1,0
14,278,278,-1,0
14,279,279,1,0
14,280,280,-1,0
14,281,281,-1,0
14,282,282,-1,0
14,283,283,1,0
14,284,284,1,0
14,285,285,1,0
14,286,286,-1,0
14,287,287,1,0
14,288,288,1,0
14,289,289,1,0
14,290,290,1,0
14,291,291,-1,0
14,292,292,1,0
14,293,293,1,0
14,294,294,-1,0
14,295,295,1,0
14,296,296,1,0
14,297,297,1,0
14,298,298,1,0
14,299,299,-1,0
14,300,300,-1,0
14,301,301,-1,0
14,302,302,1,0
14,303,303,-1,0
14,304,304,-1,0
14,305,305,-1,0
14,306,306,-1,0
14,307,307,1,0
14,308,308,-1,0
14,309,309,-1,0
14,310,310,1,0
14,311,311,-1,0
14,312,312,1,0
14,313,313,1,0
14,314,314,1,0
14,315,315,-1,0
14,316,316,-1,0
14,317,317,-1,0
14,318,318,1,0
14,319,319,-1,0
14,320,320,1,0
14,321,321,1,0
14,322,322,1,0
14,323,323,-1,0
14,324,324,1,0
14,325,325,1,0
14,326,326,-1,0
14,327,327,1,0
14,328,328,1,0
14,329,329,1,0
14,330,330,1,0
14,331,331,-1,0
14,332,332,-1,0
14,333,333,-1,0
14,334,334,1,0
14,335,335,-1,0
14,336,336,1,0
14,337,337,1,0
14,338,338,1,0
14,339,339,-1,0
14,340,340,1,0
14,341,341,1,0
14,342,342,-1,0
14,343,343,1,0
14,344,344,-1,0
14,345,345,-1,0
14,346,346,-1,0
14,347,347,1,0
14,348,348,1,0
14,349,349,1,0
14,350,350,-1,0
14,351,351,1,0
14,352,352,-1,0
14,353,353,-1,0
14,354,354,-1,0
14,355,355,1,0
14,356,356,-1,0
14,357,357,-1,0
14,358,358,1,0
14,359,359,-1,0
14,360,360,-1,0
14,361,361,-1,0
14,362,362,-1,0
14,363,363,1,0
14,364,364,1,0
14,365,365,1,0
14,366,366,-1,0
14,367,367,1,0
14,368,368,1,0
14,369,369,1,0
14,370,370,1,0
14,371,371,-1,0
14,372,372,1,0
14,373,373,1,0
14,374,374,-1,0
14,375,375,1,0
14,376,376,-1,0
14,377,377,-1,0
14,378,378,-1,0
14,379,379,1,0
14,380,380,1,0
14,381,381,1,0
14,382,382,-1,0
14,383,383,1,0
14,384,384,-1,0
14,385,385,-1,0
14,386,386,-1,0
14,387,387,1,0
14,388,388,-1,0
14,389,389,-1,0
14,390,390,1,0
14,391,391,-1,0
14,392,392,-1,0
14,393,393,-1,0
14,394,394,-1,0
14,395,395,1,0
14,396,396,1,0
14,397,397,1,0
14,398,398,-1,0
14,399,399,1,0
14,400,400,-1,0
14,401,401,-1,0
14,402,402,-1,0
14,403,403,1,0
14,404,404,-1,0
14,405,405,-1,0
14,406,406,1,0
14,407,407,-1,0
14,408,408,1,0
14,409,409,1,0
14,410,410,1,0
14,411,411,-1,0
14,412,412,-1,0
14,413,413,-1,0
14,414,414,1,0
14,415,415,-1,0
14,416,416,-1,0
14,417,417,-1,0
14,418,418,-1,0
14,419,419,1,0
14,420,420,-1,0
14,421,421,-1,0
14,422,422,1,0
14,423,423,-1,0
14,424,424,-1,0
14,425,425,-1,0
14,426,426,-1,0
14,427,427,1,0
14,428,428,1,0
14,429,429,1,0
14,430,430,-1,0
14,431,431,1,0
14,432,432,1,0
14,433,433,1,0
14,434,434,1,0
14,435,435,-1,0
14,436,436,1,0
14,437,437,1,0
14,438,438,-1,0
14,439,439,1,0
14,440,440,-1,0
14,441,441,-1,0
14,442,442,-1,0
14,443,443,1,0
14,444,444,1,0
14,445,445,1,0
14,446,446,-1,0
14,447,447,1,0
14,448,448,1,0
14,449,449,1,0
14,450,450,1,0
14,451,451,-1,0
14,452,452,1,0
14,453,453,1,0
14,454,454,-1,0
14,455,455,1,0
14,456,456,1,0
14,457,457,1,0
14,458,458,1,0
14,459,459,-1,0
14,460,460,-1,0
14,461,461,-1,0
14,462,462,1,0
14,463,463,-1,0
14,464,464,1,0
14,465,465,1,0
14,466,466,1,0
14,467,467,-1,0
14,468,468,1,0
14,469,469,1,0
14,470,470,-1,0
14,471,471,1,0
14,472,472,-1,0
14,473,473,-1,0
14,474,474,-1,0
14,475,475,1,0
14,476,476,1,0
14,477,477,1,0
14,478,478,-1,0
14,479,479,1,0
14,480,480,-1,0
14,481,481,-1,0
14,482,482,-1,0
14,483,483,1,0
14,484,484,-1,0
14,485,485,-1,0
14,486,486,1,0
14,487,487,-1,0
14,488,488,-1,0
14,489,489,-1,0
14,490,490,-1,0
14,491,491,1,0
14,492,492,1,0
14,493,493,1,0
14,494,494,-1,0
14,495,495,1,0
14,496,496,1,0
14,497,497,1,0
14,498,498,1,0
14,499,499,-1,0
14,500,500,1,0
14,501,501,1,0
14,502,502,-1,0
14,503,503,1,0
14,504,504,-1,0
14,505,505,-1,0
14,506,506,-1,0
14,507,507,1,0
14,508,508,1,0
14,509,509,1,0
14,510,510,-1,0
14,511,511,1,0
14,512,-512,1,0
14,513,-511,1,0
14,514,-510,1,0
14,515,-509,-1,0
14,516,-508,1,0
14,517,-507,1,0
14,518,-506,-1,0
14,519,-505,1,0
14,520,-504,1,0
14,521,-503,1,0
14,522,-502,1,0
14,523,-501,-1,0
14,524,-500,-1,0
14,525,-499,-1,0
14,526,-498,1,0
14,527,-497,-1,0
14,528,-496,1,0
14,529,-495,1,0
14,530,-494,1,0
14,531,-493,-1,0
14,532,-492,1,0
14,533,-491,1,0
14,534,-490,-1,0
14,535,-489,1,0
14,536,-488,-1,0
14,537,-487,-1,0
14,538,-486,-1,0
14,539,-485,1,0
14,540,-484,1,0
14,541,-483,1,0
14,542,-482,-1,0
14,543,-481,1,0
14,544,-480,1,0
14,545,-479,1,0
14,546,-478,1,0
14,547,-477,-1,0
14,548,-476,1,0
14,549,-475,1,0
14,550,-474,-1,0
14,551,-473,1,0
14,552,-472,1,0
14,553,-471,1,0
14,554,-470,1,0
14,555,-469,-1,0
14,556,-468,-1,0
14,557,-467,-1,0
14,558,-466,1,0
14,559,-465,-1,0
14,560,-464,-1,0
14,561,-463,-1,0
14,562,-462,-1,0
14,563,-461,1,0
14,564,-460,-1,0
14,565,-459,-1,0
14,566,-458,1,0
14,567,-457,-1,0
14,568,-456,1,0
14,569,-455,1,0
14,570,-454,1,0
14,571,-453,-1,0
14,572,-452,-1,0
14,573,-451,-1,0
14,574,-450,1,0
14,575,-449,-1,0
14,576,-448,1,0
14,577,-447,1,0
14,578,-446,1,0
14,579,-445,-1,0
14,580,-444,1,0
14,581,-443,1,0
14,582,-442,-1,0
14,583,-441,1,0
14,584,-440,1,0
14,585,-439,1,0
14,586,-438,1,0
14,587,-437,-1,0
14,588,-436,-1,0
14,589,-435,-1,0
14,590,-434,1,0
14,591,-433,-1,0
14,592,-432,1,0
14,593,-431,1,0
14,594,-430,1,0
14,595,-429,-1,0
14,596,-428,1,0
14,597,-427,1,0
14,598,-426,-1,0
14,599,-425,1,0
14,600,-424,-1,0
14,601,-423,-1,0
14,602,-422,-1,0
14,603,-421,1,0
14,604,-420,1,0
14,605,-419,1,0
14,606,-418,-1,0
14,607,-417,1,0
14,608,-416,-1,0
14,609,-415,-1,0
14,610,-414,-1,0
14,611,-413,1,0
14,612,-412,-1,0
14,613,-411,-1,0
14,614,-410,1,0
14,615,-409,-1,0
14,616,-408,-1,0
14,617,-407,-1,0
14,618,-406,-1,0
14,619,-405,1,0
14,620,-404,1,0
14,621,-403,1,0
14,622,-402,-1,0
14,623,-401,1,0
14,624,-400,1,0
14,625,-399,1,0
14,626,-398,1,0
14,627,-397,-1,0
14,628,-396,1,0
14,629,-395,1,0
14,630,-394,-1,0
14,631,-393,1,0
14,632,-392,-1,0
14,633,-391,-1,0
14,634,-390,-1,0
14,635,-389,1,0
14,636,-388,1,0
14,637,-387,1,0
14,638,-386,-1,0
14,639,-385,1,0
14,640,-384,1,0
14,641,-383,1,0
14,642,-382,1,0
14,643,-381,-1,0
14,644,-380,1,0
14,645,-379,1,0
14,646,-378,-1,0
14,647,-377,1,0
14,648,-376,1,0
14,649,-375,1,0
14,650,-374,1,0
14,651,-373,-1,0
14,652,-372,-1,0
14,653,-371,-1,0
14,654,-370,1,0
14,655,-369,-1,0
14,656,-368,1,0
14,657,-367,1,0
14,658,-366,1,0
14,659,-365,-1,0
14,660,-364,1,0
14,661,-363,1,0
14,662,-362,-1,0
14,663,-361,1,0
14,664,-360,-1,0
14,665,-359,-1,0
14,666,-358,-1,0
14,667,-357,1,0
14,668,-356,1,0
14,669,-355,1,0
14,670,-354,-1,0
14,671,-353,1,0
14,672,-352,1,0
14,673,-351,1,0
14,674,-350,1,0
14,675,-349,-1,0
14,676,-348,1,0
14,677,-347,1,0
14,678,-346,-1,0
14,679,-345,1,0
14,680,-344,1,0
14,681,-343,1,0
14,682,-342,1,0
14,683,-341,-1,0
14,684,-340,-1,0
14,685,-339,-1,0
14,686,-338,1,0
14,687,-337,-1,0
14,688,-336,-1,0
14,689,-335,-1,0
14,690,-334,-1,0
14,691,-333,1,0
14,692,-332,-1,0
14,693,-331,-1,0
14,694,-330,1,0
14,695,-329,-1,0
14,696,-328,1,0
14,697,-327,1,0
14,698,-326,1,0
14,699,-325,-1,0
14,700,-324,-1,0
14,701,-323,-1,0
14,702,-322,1,0
14,703,-321,-1,0
14,704,-320,-1,0
14,705,-319,-1,0
14,706,-318,-1,0
14,707,-317,1,0
14,708,-316,-1,0
14,709,-315,-1,0
14,710,-314,1,0
14,711,-313,-1,0
14,712,-312,-1,0
14,713,-311,-1,0
14,714,-310,-1,0
14,715,-309,1,0
14,716,-308,1,0
14,717,-307,1,0
14,718,-306,-1,0
14,719,-305,1,0
14,720,-304,-1,0
14,721,-303,-1,0
14,722,-302,-1,0
14,723,-301,1,0
14,724,-300,-1,0
14,725,-299,-1,0
14,726,-298,1,0
14,727,-297,-1,0
14,728,-296,1,0
14,729,-295,1,0
14,730,-294,1,0
14,731,-293,-1,0
14,732,-292,-1,0
14,733,-291,-1,0
14,734,-290,1,0
14,735,-289,-1,0
14,736,-288,1,0
14,737,-287,1,0
14,738,-286,1,0
14,739,-285,-1,0
14,740,-284,1,0
14,741,-283,1,0
14,742,-282,-1,0
14,743,-281,1,0
14,744,-280,1,0
14,745,-279,1,0
14,746,-278,1,0
14,747,-277,-1,0
14,748,-276,-1,0
14,749,-275,-1,0
14,750,-274,1,0
14,751,-273,-1,0
14,752,-272,-1,0
14,753,-271,-1,0
14,754,-270,-1,0
14,755,-269,1,0
14,756,-268,-1,0
14,757,-267,-1,0
14,758,-266,1,0
14,759,-265,-1,0
14,760,-264,1,0
14,761,-263,1,0
14,762,-262,1,0
14,763,-261,-1,0
14,764,-260,-1,0
14,765,-259,-1,0
14,766,-258,1,0
14,767,-257,-1,0
14,768,-256,-1,0
14,769,-255,-1,0
14,770,-254,-1,0
14,771,-253,1,0
14,772,-252,-1,0
14,773,-251,-1,0
14,774,-250,1,0
14,775,-249,-1,0
14,776,-248,-1,0
14,777,-247,-1,0
14,778,-246,-1,0
14,779,-245,1,0
14,780,-244,1,0
14,781,-243,1,0
14,782,-242,-1,0
14,783,-241,1,0
14,784,-240,-1,0
14,785,-239,-1,0
14,786,-238,-1,0
14,787,-237,1,0
14,788,-236,-1,0
14,789,-235,-1,0
14,790,-234,1,0
14,791,-233,-1,0
14,792,-232,1,0
14,793,-231,1,0
14,794,-230,1,0
14,795,-229,-1,0
14,796,-228,-1,0
14,797,-227,-1,0
14,798,-226,1,0
14,799,-225,-1,0
14,800,-224,-1,0
14,801,-223,-1,0
14,802,-222,-1,0
14,803,-221,1,0
14,804,-220,-1,0
14,805,-219,-1,0
14,806,-218,1,0
14,807,-217,-1,0
14,808,-216,-1,0
14,809,-215,-1,0
14,810,-214,-1,0
14,811,-213,1,0
14,812,-212,1,0
14,813,-211,1,0
14,814,-210,-1,0
14,815,-209,1,0
14,816,-208,1,0
14,817,-207,1,0
14,818,-206,1,0
14,819,-205,-1,0
14,820,-204,1,0
14,821,-203,1,0
14,822,-202,-1,0
14,823,-201,1,0
14,824,-200,-1,0
14,825,-199,-1,0
14,826,-198,-1,0
14,827,-197,1,0
14,828,-196,1,0
14,829,-195,1,0
14,830,-194,-1,0
14,831,-193,1,0
14,832,-192,-1,0
14,833,-191,-1,0
14,834,-190,-1,0
14,835,-189,1,0
14,836,-188,-1,0
14,837,-187,-1,0
14,838,-186,1,0
14,839,-185,-1,0
14,840,-184,-1,0
14,841,-183,-1,0
14,842,-182,-1,0
14,843,-181,1,0
14,844,-180,1,0
14,845,-179,1,0
14,846,-178,-1,0
14,847,-177,1,0
14,848,-176,-1,0
14,849,-175,-1,0
14,850,-174,-1,0
14,851,-173,1,0
14,852,-172,-1,0
14,853,-171,-1,0
14,854,-170,1,0
14,855,-169,-1,0
14,856,-168,1,0
14,857,-167,1,0
14,858,-166,1,0
14,859,-165,-1,0
14,860,-164,-1,0
14,861,-163,-1,0
14,862,-162,1,0
14,863,-161,-1,0
14,864,-160,1,0
14,865,-159,1,0
14,866,-158,1,0
14,867,-157,-1,0
14,868,-156,1,0
14,869,-155,1,0
14,870,-154,-1,0
14,871,-153,1,0
14,872,-152,1,0
14,873,-151,1,0
14,874,-150,1,0
14,875,-149,-1,0
14,876,-148,-1,0
14,877,-147,-1,0
14,878,-146,1,0
14,879,-145,-1,0
14,880,-144,-1,0
14,881,-143,-1,0
14,882,-142,-1,0
14,883,-141,1,0
14,884,-140,-1,0
14,885,-139,-1,0
14,886,-138,1,0
14,887,-137,-1,0
14,888,-136,1,0
14,889,-135,1,0
14,890,-134,1,0
14,891,-133,-1,0
14,892,-132,-1,0
14,893,-131,-1,0
14,894,-130,1,0
14,895,-129,-1,0
14,896,-128,1,0
14,897,-127,1,0
14,898,-126,1,0
14,899,-125,-1,0
14,900,-124,1,0
14,901,-123,1,0
14,902,-122,-1,0
14,903,-121,1,0
14,904,-120,1,0
14,905,-119,1,0
14,906,-118,1,0
14,907,-117,-1,0
14,908,-116,-1,0
14,909,-115,-1,0
14,910,-114,1,0
14,911,-113,-1,0
14,912,-112,1,0
14,913,-111,1,0
14,914,-110,1,0
14,915,-109,-1,0
14,916,-108,1,0
14,917,-107,1,0
14,918,-106,-1,0
14,919,-105,1,0
14,920,-104,-1,0
14,921,-103,-1,0
14,922,-102,-1,0
14,923,-101,1,0
14,924,-100,1,0
14,925,-99,1,0
14,926,-98,-1,0
14,927,-97,1,0
14,928,-96,1,0
14,929,-95,1,0
14,930,-94,1,0
14,931,-93,-1,0
14,932,-92,1,0
14,933,-91,1,0
14,934,-90,-1,0
14,935,-89,1,0
14,936,-88,1,0
14,937,-87,1,0
14,938,-86,1,0
14,939,-85,-1,0
14,940,-84,-1,0
14,941,-83,-1,0
14,942,-82,1,0
14,943,-81,-1,0
14,944,-80,-1,0
14,945,-79,-1,0
14,946,-78,-1,0
14,947,-77,1,0
14,948,-76,-1,0
14,949,-75,-1,0
14,950,-74,1,0
14,951,-73,-1,0
14,952,-72,1,0
14,953,-71,1,0
14,954,-70,1,0
14,955,-69,-1,0
14,956,-68,-1,0
14,957,-67,-1,0
14,958,-66,1,0
14,959,-65,-1,0
14,960,-64,-1,0
14,961,-63,-1,0
14,962,-62,-1,0
14,963,-61,1,0
14,964,-60,-1,0
14,965,-59,-1,0
14,966,-58,1,0
14,967,-57,-1,0
14,968,-56,-1,0
14,969,-55,-1,0
14,970,-54,-1,0
14,971,-53,1,0
14,972,-52,1,0
14,973,-51,1,0
14,974,-50,-1,0
14,975,-49,1,0
14,976,-48,-1,0
14,977,-47,-1,0
14,978,-46,-1,0
14,979,-45,1,0
14,980,-44,-1,0
14,981,-43,-1,0
14,982,-42,1,0
14,983,-41,-1,0
14,984,-40,1,0
14,985,-39,1,0
14,986,-38,1,0
14,987,-37,-1,0
14,988,-36,-1,0
14,989,-35,-1,0
14,990,-34,1,0
14,991,-33,-1,0
14,992,-32,1,0
14,993,-31,1,0
14,994,-30,1,0
14,995,-29,-1,0
14,996,-28,1,0
14,997,-27,1,0
14,998,-26,-1,0
14,999,-25,1,0
14,1000,-24,1,0
14,1001,-23,1,0
14,1002,-22,1,0
14,1003,-21,-1,0
14,1004,-20,-1,0
14,1005,-19,-1,0
14,1006,-18,1,0
14,1007,-17,-1,0
14,1008,-16,-1,0
14,1009,-15,-1,0
14,1010,-14,-1,0
14,1011,-13,1,0
14,1012,-12,-1,0
14,1013,-11,-1,0
14,1014,-10,1,0
14,1015,-9,-1,0
14,1016,-8,1,0
14,1017,-7,1,0
14,1018,-6,1,0
14,1019,-5,-1,0
14,1020,-4,-1,0
14,1021,-3,-1,0
14,1022,-2,1,0
14,1023,-1,-1,0
15,0,0,1,0
15,1,1,1,0
15,2,2,1,0
15,3,3,-1,0
15,4,4,1,0
15,5,5,1,0
15,6,6,-1,0
15,7,7,1,0
15,8,8,1,0
15,9,9,1,0
15,10,10,1,0
15,11,11,-1,0
15,12,12,-1,0
15,13,13,-1,0
15,14,14,1,0
15,15,15,-1,0
15,16,16,1,0
15,17,17,1,0
15,18,18,1,0
15,19,19,-1,0
15,20,20,1,0
15,21,21,1,0
15,22,22,-1,0
15,23,23,1,0
15,24,24,-1,0
15,25,25,-1,0
15,26,26,-1,0
15,27,27,1,0
15,28,28,1,0
15,29,29,1,0
15,30,30,-1,0
15,31,31,1,0
15,32,32,1,0
15,33,33,1,0
15,34,34,1,0
15,35,35,-1,0
15,36,36,1,0
15,37,37,1,0
15,38,38,-1,0
15,39,39,1,0
15,40,40,1,0
15,41,41,1,0
15,42,42,1,0
15,43,43,-1,0
15,44,44,-1,0
15,45,45,-1,0
15,46,46,1,0
15,47,47,-1,0
15,48,48,-1,0
15,49,49,-1,0
15,50,50,-1,0
15,51,51,1,0
15,52,52,-1,0
15,53,53,-1,0
15,54,54,1,0
15,55,55,-1,0
15,56,56,1,0
15,57,57,1,0
15,58,58,1,0
15,59,59,-1,0
15,60,60,-1,0
15,61,61,-1,0
15,62,62,1,0
15,63,63,-1,0
15,64,64,1,0
15,65,65,1,0
15,66,66,1,0
15,67,67,-1,0
15,68,68,1,0
15,69,69,1,0
15,70,70,-1,0
15,71,71,1,0
15,72,72,1,0
15,73,73,1,0
15,74,74,1,0
15,75,75,-1,0
15,76,76,-1,0
15,77,77,-1,0
15,78,78,1,0
15,79,79,-1,0
15,80,80,1,0
15,81,81,1,0
15,82,82,1,0
15,83,83,-1,0
15,84,84,1,0
15,85,85,1,0
15,86,86,-1,0
15,87,87,1,0
15,88,88,-1,0
15,89,89,-1,0
15,90,90,-1,0
15,91,91,1,0
15,92,92,1,0
15,93,93,1,0
15,94,94,-1,0
15,95,95,1,0
15,96,96,-1,0
15,97,97,-1,0
15,98,98,-1,0
15,99,99,1,0
15,100,100,-1,0
15,101,101,-1,0
15,102,102,1,0
15,103,103,-1,0
15,104,104,-1,0
15,105,105,-1,0
15,106,106,-1,0
15,107,107,1,0
15,108,108,1,0
15,109,109,1,0
15,110,110,-1,0
15,111,111,1,0
15,112,112,1,0
15,113,113,1,0
15,114,114,1,0
15,115,115,-1,0
15,116,116,1,0
15,117,117,1,0
15,118,118,-1,0
15,119,119,1,0
15,120,120,-1,0
15,121,121,-1,0
15,122,122,-1,0
15,123,123,1,0
15,124,124,1,0
15,125,125,1,0
15,126,126,-1,0
15,127,127,1,0
15,128,128,1,0
15,129,129,1,0
15,130,130,1,0
15,131,131,-1,0
15,132,132,1,0
15,133,133,1,0
15,134,134,-1,0
15,135,135,1,0
15,136,136,1,0
15,137,137,1,0
15,138,138,1,0
15,139,139,-1,0
15,140,140,-1,0
15,141,141,-1,0
15,142,142,1,0
15,143,143,-1,0
15,144,144,1,0
15,145,145,1,0
15,146,146,1,0
15,147,147,-1,0
15,148,148,1,0
15,149,149,1,0
15,150,150,-1,0
15,151,151,1,0
15,152,152,-1,0
15,153,153,-1,0
15,154,154,-1,0
15,155,155,1,0
15,156,156,1,0
15,157,157,1,0
15,158,158,-1,0
15,159,159,1,0
15,160,160,1,0
15,161,161,1,0
15,162,162,1,0
15,163,163,-1,0
15,164,164,1,0
15,165,165,1,0
15,166,166,-1,0
15,167,167,1,0
15,168,168,1,0
15,169,169,1,0
15,170,170,1,0
15,171,171,-1,0
15,172,172,-1,0
15,173,173,-1,0
15,174,174,1,0
15,175,175,-1,0
15,176,176,-1,0
15,177,177,-1,0
15,178,178,-1,0
15,179,179,1,0
15,180,180,-1,0
15,181,181,-1,0
15,182,182,1,0
15,183,183,-1,0
15,184,184,1,0
15,185,185,1,0
15,186,186,1,0
15,187,187,-1,0
15,188,188,-1,0
15,189,189,-1,0
15,190,190,1,0
15,191,191,-1,0
15,192,192,-1,0
15,193,193,-1,0
15,194,194,-1,0
15,195,195,1,0
15,196,196,-1,0
15,197,197,-1,0
15,198,198,1,0
15,199,199,-1,0
15,200,200,-1,0
15,201,201,-1,0
15,202,202,-1,0
15,203,203,1,0
15,204,204,1,0
15,205,205,1,0
15,206,206,-1,0
15,207,207,1,0
15,208,208,-1,0
15,209,209,-1,0
15,210,210,-1,0
15,211,211,1,0
15,212,212,-1,0
15,213,213,-1,0
15,214,214,1,0
15,215,215,-1,0
15,216,216,1,0
15,217,217,1,0
15,218,218,1,0
15,219,219,-1,0
15,220,220,-1,0
15,221,221,-1,0
15,222,222,1,0
15,223,223,-1,0
15,224,224,1,0
15,225,225,1,0
15,226,226,1,0
15,227,227,-1,0
15,228,228,1,0
15,229,229,1,0
15,230,230,-1,0
15,231,231,1,0
15,232,232,1,0
15,233,233,1,0
15,234,234,1,0
15,235,235,-1,0
15,236,236,-1,0
15,237,237,-1,0
15,238,238,1,0
15,239,239,-1,0
15,240,240,-1,0
15,241,241,-1,0
15,242,242,-1,0
15,243,243,1,0
15,244,244,-1,0
15,245,245,-1,0
15,246,246,1,0
15,247,247,-1,0
15,248,248,1,0
15,249,249,1,0
15,250,250,1,0
15,251,251,-1,0
15,252,252,-1,0
15,253,253,-1,0
15,254,254,1,0
15,255,255,-1,0
15,256,256,1,0
15,257,257,1,0
15,258,258,1,0
15,259,259,-1,0
15,260,260,1,0
15,261,261,1,0
15,262,262,-1,0
15,263,263,1,0
15,264,264,1,0
15,265,265,1,0
15,266,266,1,0
15,267,267,-1,0
15,268,268,-1,0
15,269,269,-1,0
15,270,270,1,0
15,271,271,-1,0
15,272,272,1,0
15,273,273,1,0
15,274,274,1,0
15,275,275,-1,0
15,276,276,1,0
15,277,277,1,0
15,278,278,-1,0
15,279,279,1,0
15,280,280,-1,0
15,281,281,-1,0
15,282,282,-1,0
15,283,283,1,0
15,284,284,1,0
15,285,285,1,0
15,286,286,-1,0
15,287,287,1,0
15,288,288,1,0
15,289,289,1,0
15,290,290,1,0
15,291,291,-1,0
15,292,292,1,0
15,293,293,1,0
15,294,294,-1,0
15,295,295,1,0
15,296,296,1,0
15,297,297,1,0
15,298,298,1,0
15,299,299,-1,0
15,300,300,-1,0
15,301,301,-1,0
15,302,302,1,0
15,303,303,-1,0
15,304,304,-1,0
15,305,305,-1,0
15,306,306,-1,0
15,307,307,1,0
15,308,308,-1,0
15,309,309,-1,0
15,310,310,1,0
15,311,311,-1,0
15,312,312,1,0
15,313,313,1,0
15,314,314,1,0
15,315,315,-1,0
15,316,316,-1,0
15,317,317,-1,0
15,318,318,1,0
15,319,319,-1,0
15,320,320,1,0
15,321,321,1,0
15,322,322,1,0
15,323,323,-1,0
15,324,324,1,0
15,325,325,1,0
15,326,326,-1,0
15,327,327,1,0
15,328,328,1,0
15,329,329,1,0
15,330,330,1,0
15,331,331,-1,0
15,332,332,-1,0
15,333,333,-1,0
15,334,334,1,0
15,335,335,-1,0
15,336,336,1,0
15,337,337,1,0
15,338,338,1,0
15,339,339,-1,0
15,340,340,1,0
15,341,341,1,0
15,342,342,-1,0
15,343,343,1,0
15,344,344,-1,0
15,345,345,-1,0
15,346,346,-1,0
15,347,347,1,0
15,348,348,1,0
15,349,349,1,0
15,350,350,-1,0
15,351,351,1,0
15,352,352,-1,0
15,353,353,-1,0
15,354,354,-1,0
15,355,355,1,0
15,356,356,-1,0
15,357,357,-1,0
15,358,358,1,0
15,359,359,-1,0
15,360,360,-1,0
15,361,361,-1,0
15,362,362,-1,0
15,363,363,1,0
15,364,364,1,0
15,365,365,1,0
15,366,366,-1,0
15,367,367,1,0
15,368,368,1,0
15,369,369,1,0
15,370,370,1,0
15,371,371,-1,0
15,372,372,1,0
15,373,373,1,0
15,374,374,-1,0
15,375,375,1,0
15,376,376,-1,0
15,377,377,-1,0
15,378,378,-1,0
15,379,379,1,0
15,380,380,1,0
15,381,381,1,0
15,382,382,-1,0
15,383,383,1,0
15,384,384,-1,0
15,385,385,-1,0
15,386,386,-1,0
15,387,387,1,0
15,388,388,-1,0
15,389,389,-1,0
15,390,390,1,0
15,391,391,-1,0
15,392,392,-1,0
15,393,393,-1,0
15,394,394,-1,0
15,395,395,1,0
15,396,396,1,0
15,397,397,1,0
15,398,398,-1,0
15,399,399,1,0
15,400,400,-1,0
15,401,401,-1,0
15,402,402,-1,0
15,403,403,1,0
15,404,404,-1,0
15,405,405,-1,0
15,406,406,1,0
15,407,407,-1,0
15,408,408,1,0
15,409,409,1,0
15,410,410,1,0
15,411,411,-1,0
15,412,412,-1,0
15,413,413,-1,0
15,414,414,1,0
15,415,415,-1,0
15,416,416,-1,0
15,417,417,-1,0
15,418,418,-1,0
15,419,419,1,0
15,420,420,-1,0
15,421,421,-1,0
15,422,422,1,0
15,423,423,-1,0
15,424,424,-1,0
15,425,425,-1,0
15,426,426,-1,0
15,427,427,1,0
15,428,428,1,0
15,429,429,1,0
15,430,430,-1,0
15,431,431,1,0
15,432,432,1,0
15,433,433,1,0
15,434,434,1,0
15,435,435,-1,0
15,436,436,1,0
15,437,437,1,0
15,438,438,-1,0
15,439,439,1,0
15,440,440,-1,0
15,441,441,-1,0
15,442,442,-1,0
15,443,443,1,0
15,444,444,1,0
15,445,445,1,0
15,446,446,-1,0
15,447,447,1,0
15,448,448,1,0
15,449,449,1,0
15,450,450,1,0
15,451,451,-1,0
15,452,452,1,0
15,453,453,1,0
15,454,454,-1,0
15,455,455,1,0
15,456,456,1,0
15,457,457,1,0
15,458,458,1,0
15,459,459,-1,0
15,460,460,-1,0
15,461,461,-1,0
15,462,462,1,0
15,463,463,-1,0
15,464,464,1,0
15,465,465,1,0
15,466,466,1,0
15,467,467,-1,0
15,468,468,1,0
15,469,469,1,0
15,470,470,-1,0
15,471,471,1,0
15,472,472,-1,0
15,473,473,-1,0
15,474,474,-1,0
15,475,475,1,0
15,476,476,1,0
15,477,477,1,0
15,478,478,-1,0
15,479,479,1,0
15,480,480,-1,0
15,481,481,-1,0
15,482,482,-1,0
15,483,483,1,0
15,484,484,-1,0
15,485,485,-1,0
15,486,486,1,0
15,487,487,-1,0
15,488,488,-1,0
15,489,489,-1,0
15,490,490,-1,0
15,491,491,1,0
15,492,492,1,0
15,493,493,1,0
15,494,494,-1,0
15,495,495,1,0
15,496,496,1,0
15,497,497,1,0
15,498,498,1,0
15,499,499,-1,0
15,500,500,1,0
15,501,501,1,0
15,502,502,-1,0
15,503,503,1,0
15,504,504,-1,0
15,505,505,-1,0
15,506,506,-1,0
15,507,507,1,0
15,508,508,1,0
15,509,509,1,0
15,510,510,-1,0
15,511,511,1,0
15,512,-512,-1,0
15,513,-511,-1,0
15,514,-510,-1,0
15,515,-509,1,0
15,516,-508,-1,0
15,517,-507,-1,0
15,518,-506,1,0
15,519,-505,-1,0
15,520,-504,-1,0
15,521,-503,-1,0
15,522,-502,-1,0
15,523,-501,1,0
15,524,-500,1,0
15,525,-499,1,0
15,526,-498,-1,0
15,527,-497,1,0
15,528,-496,-1,0
15,529,-495,-1,0
15,530,-494,-1,0
15,531,-493,1,0
15,532,-492,-1,0
15,533,-491,-1,0
15,534,-490,1,0
15,535,-489,-1,0
15,536,-488,1,0
15,537,-487,1,0
15,538,-486,1,0
15,539,-485,-1,0
15,540,-484,-1,0
15,541,-483,-1,0
15,542,-482,1,0
15,543,-481,-1,0
15,544,-480,-1,0
15,545,-479,-1,0
15,546,-478,-1,0
15,547,-477,1,0
15,548,-476,-1,0
15,549,-475,-1,0
15,550,-474,1,0
15,551,-473,-1,0
15,552,-472,-1,0
15,553,-471,-1,0
15,554,-470,-1,0
15,555,-469,1,0
15,556,-468,1,0
15,557,-467,1,0
15,558,-466,-1,0
15,559,-465,1,0
15,560,-464,1,0
15,561,-463,1,0
15,562,-462,1,0
15,563,-461,-1,0
15,564,-460,1,0
15,565,-459,1,0
15,566,-458,-1,0
15,567,-457,1,0
15,568,-456,-1,0
15,569,-455,-1,0
15,570,-454,-1,0
15,571,-453,1,0
15,572,-452,1,0
15,573,-451,1,0
15,574,-450,-1,0
15,575,-449,1,0
15,576,-448,-1,0
15,577,-447,-1,0
15,578,-446,-1,0
15,579,-445,1,0
15,580,-444,-1,0
15,581,-443,-1,0
15,582,-442,1,0
15,583,-441,-1,0
15,584,-440,-1,0
15,585,-439,-1,0
15,586,-438,-1,0
15,587,-437,1,0
15,588,-436,1,0
15,589,-435,1,0
15,590,-434,-1,0
15,591,-433,1,0
15,592,-432,-1,0
15,593,-431,-1,0
15,594,-430,-1,0
15,595,-429,1,0
15,596,-428,-1,0
15,597,-427,-1,0
15,598,-426,1,0
15,599,-425,-1,0
15,600,-424,1,0
15,601,-423,1,0
15,602,-422,1,0
15,603,-421,-1,0
15,604,-420,-1,0
15,605,-419,-1,0
15,606,-418,1,0
15,607,-417,-1,0
15,608,-416,1,0
15,609,-415,1,0
15,610,-414,1,0
15,611,-413,-1,0
15,612,-412,1,0
15,613,-411,1,0
15,614,-410,-1,0
15,615,-409,1,0
15,616,-408,1,0
15,617,-407,1,0
15,618,-406,1,0
15,619,-405,-1,0
15,620,-404,-1,0
15,621,-403,-1,0
15,622,-402,1,0
15,623,-401,-1,0
15,624,-400,-1,0
15,625,-399,-1,0
15,626,-398,-1,0
15,627,-397,1,0
15,628,-396,-1,0
15,629,-395,-1,0
15,630,-394,1,0
15,631,-393,-1,0
15,632,-392,1,0
15,633,-391,1,0
15,634,-390,1,0
15,635,-389,-1,0
15,636,-388,-1,0
15,637,-387,-1,0
15,638,-386,1,0
15,639,-385,-1,0
15,640,-384,-1,0
15,641,-383,-1,0
15,642,-382,-1,0
15,643,-381,1,0
15,644,-380,-1,0
15,645,-379,-1,0
15,646,-378,1,0
15,647,-377,-1,0
15,648,-376,-1,0
15,649,-375,-1,0
15,650,-374,-1,0
15,651,-373,1,0
15,652,-372,1,0
15,653,-371,1,0
15,654,-370,-1,0
15,655,-369,1,0
15,656,-368,-1,0
15,657,-367,-1,0
15,658,-366,-1,0
15,659,-365,1,0
15,660,-364,-1,0
15,661,-363,-1,0
15,662,-362,1,0
15,663,-361,-1,0
15,664,-360,1,0
15,665,-359,1,0
15,666,-358,1,0
15,667,-357,-1,0
15,668,-356,-1,0
15,669,-355,-1,0
15,670,-354,1,0
15,671,-353,-1,0
15,672,-352,-1,0
15,673,-351,-1,0
15,674,-350,-1,0
15,675,-349,1,0
15,676,-348,-1,0
15,677,-347,-1,0
15,678,-346,1,0
15,679,-345,-1,0
15,680,-344,-1,0
15,681,-343,-1,0
15,682,-342,-1,0
15,683,-341,1,0
15,684,-340,1,0
15,685,-339,1,0
15,686,-338,-1,0
15,687,-337,1,0
15,688,-336,1,0
15,689,-335,1,0
15,690,-334,1,0
15,691,-333,-1,0
15,692,-332,1,0
15,693,-331,1,0
15,694,-330,-1,0
15,695,-329,1,0
15,696,-328,-1,0
15,697,-327,-1,0
15,698,-326,-1,0
15,699,-325,1,0
15,700,-324,1,0
15,701,-323,1,0
15,702,-322,-1,0
15,703,-321,1,0
15,704,-320,1,0
15,705,-319,1,0
15,706,-318,1,0
15,707,-317,-1,0
15,708,-316,1,0
15,709,-315,1,0
15,710,-314,-1,0
15,711,-313,1,0
15,712,-312,1,0
15,713,-311,1,0
15,714,-310,1,0
15,715,-309,-1,0
15,716,-308,-1,0
15,717,-307,-1,0
15,718,-306,1,0
15,719,-305,-1,0
15,720,-304,1,0
15,721,-303,1,0
15,722,-302,1,0
15,723,-301,-1,0
15,724,-300,1,0
15,725,-299,1,0
15,726,-298,-1,0
15,727,-297,1,0
15,728,-296,-1,0
15,729,-295,-1,0
15,730,-294,-1,0
15,731,-293,1,0
15,732,-292,1,0
15,733,-291,1,0
15,734,-290,-1,0
15,735,-289,1,0
15,736,-288,-1,0
15,737,-287,-1,0
15,738,-286,-1,0
15,739,-285,1,0
15,740,-284,-1,0
15,741,-283,-1,0
15,742,-282,1,0
15,743,-281,-1,0
15,744,-280,-1,0
15,745,-279,-1,0
15,746,-278,-1,0
15,747,-277,1,0
15,748,-276,1,0
15,749,-275,1,0
15,750,-274,-1,0
15,751,-273,1,0
15,752,-272,1,0
15,753,-271,1,0
15,754,-270,1,0
15,755,-269,-1,0
15,756,-268,1,0
15,757,-267,1,0
15,758,-266,-1,0
15,759,-265,1,0
15,760,-264,-1,0
15,761,-263,-1,0
15,762,-262,-1,0
15,763,-261,1,0
15,764,-260,1,0
15,765,-259,1,0
15,766,-258,-1,0
15,767,-257,1,0
15,768,-256,1,0
15,769,-255,1,0
15,770,-254,1,0
15,771,-253,-1,0
15,772,-252,1,0
15,773,-251,1,0
15,774,-250,-1,0
15,775,-249,1,0
15,776,-248,1,0
15,777,-247,1,0
15,778,-246,1,0
15,779,-245,-1,0
15,780,-244,-1,0
15,781,-243,-1,0
15,782,-242,1,0
15,783,-241,-1,0
15,784,-240,1,0
15,785,-239,1,0
15,786,-238,1,0
15,787,-237,-1,0
15,788,-236,1,0
15,789,-235,1,0
15,790,-234,-1,0
15,791,-233,1,0
15,792,-232,-1,0
15,793,-231,-1,0
15,794,-230,-1,0
15,795,-229,1,0
15,796,-228,1,0
15,797,-227,1,0
15,798,-226,-1,0
15,799,-225,1,0
15,800,-224,1,0
15,801,-223,1,0
15,802,-222,1,0
15,803,-221,-1,0
15,804,-220,1,0
15,805,-219,1,0
15,806,-218,-1,0
15,807,-217,1,0
15,808,-216,1,0
15,809,-215,1,0
15,810,-214,1,0
15,811,-213,-1,0
15,812,-212,-1,0
15,813,-211,-1,0
15,814,-210,1,0
15,815,-209,-1,0
15,816,-208,-1,0
15,817,-207,-1,0
15,818,-206,-1,0
15,819,-205,1,0
15,820,-204,-1,0
15,821,-203,-1,0
15,822,-202,1,0
15,823,-201,-1,0
15,824,-200,1,0
15,825,-199,1,0
15,826,-198,1,0
15,827,-197,-1,0
15,828,-196,-1,0
15,829,-195,-1,0
15,830,-194,1,0
15,831,-193,-1,0
15,832,-192,1,0
15,833,-191,1,0
15,834,-190,1,0
15,835,-189,-1,0
15,836,-188,1,0
15,837,-187,1,0
15,838,-186,-1,0
15,839,-185,1,0
15,840,-184,1,0
15,841,-183,1,0
15,842,-182,1,0
15,843,-181,-1,0
15,844,-180,-1,0
15,845,-179,-1,0
15,846,-178,1,0
15,847,-177,-1,0
15,848,-176,1,0
15,849,-175,1,0
15,850,-174,1,0
15,851,-173,-1,0
15,852,-172,1,0
15,853,-171,1,0
15,854,-170,-1,0
15,855,-169,1,0
15,856,-168,-1,0
15,857,-167,-1,0
15,858,-166,-1,0
15,859,-165,1,0
15,860,-164,1,0
15,861,-163,1,0
15,862,-162,-1,0
15,863,-161,1,0
15,864,-160,-1,0
15,865,-159,-1,0
15,866,-158,-1,0
15,867,-157,1,0
15,868,-156,-1,0
15,869,-155,-1,0
15,870,-154,1,0
15,871,-153,-1,0
15,872,-152,-1,0
15,873,-151,-1,0
15,874,-150,-1,0
15,875,-149,1,0
15,876,-148,1,0
15,877,-147,1,0
15,878,-146,-1,0
15,879,-145,1,0
15,880,-144,1,0
15,881,-143,1,0
15,882,-142,1,0
15,883,-141,-1,0
15,884,-140,1,0
15,885,-139,1,0
15,886,-138,-1,0
15,887,-137,1,0
15,888,-136,-1,0
15,889,-135,-1,0
15,890,-134,-1,0
15,891,-133,1,0
15,892,-132,1,0
15,893,-131,1,0
15,894,-130,-1,0
15,895,-129,1,0
15,896,-128,-1,0
15,897,-127,-1,0
15,898,-126,-1,0
15,899,-125,1,0
15,900,-124,-1,0
15,901,-123,-1,0
15,902,-122,1,0
15,903,-121,-1,0
15,904,-120,-1,0
15,905,-119,-1,0
15,906,-118,-1,0
15,907,-117,1,0
15,908,-116,1,0
15,909,-115,1,0
15,910,-114,-1,0
15,911,-113,1,0
15,912,-112,-1,0
15,913,-111,-1,0
15,914,-110,-1,0
15,915,-109,1,0
15,916,-108,-1,0
15,917,-107,-1,0
15,918,-106,1,0
15,919,-105,-1,0
15,920,-104,1,0
15,921,-103,1,0
15,922,-102,1,0
15,923,-101,-1,0
15,924,-100,-1,0
15,925,-99,-1,0
15,926,-98,1,0
15,927,-97,-1,0
15,928,-96,-1,0
15,929,-95,-1,0
15,930,-94,-1,0
15,931,-93,1,0
15,932,-92,-1,0
15,933,-91,-1,0
15,934,-90,1,0
15,935,-89,-1,0
15,936,-88,-1,0
15,937,-87,-1,0
15,938,-86,-1,0
15,939,-85,1,0
15,940,-84,1,0
15,941,-83,1,0
15,942,-82,-1,0
15,943,-81,1,0
15,944,-80,1,0
15,945,-79,1,0
15,946,-78,1,0
15,947,-77,-1,0
15,948,-76,1,0
15,949,-75,1,0
15,950,-74,-1,0
15,951,-73,1,0
15,952,-72,-1,0
15,953,-71,-1,0
15,954,-70,-1,0
15,955,-69,1,0
15,956,-68,1,0
15,957,-67,1,0
15,958,-66,-1,0
15,959,-65,1,0
15,960,-64,1,0
15,961,-63,1,0
15,962,-62,1,0
15,963,-61,-1,0
15,964,-60,1,0
15,965,-59,1,0
15,966,-58,-1,0
15,967,-57,1,0
15,968,-56,1,0
15,969,-55,1,0
15,970,-54,1,0
15,971,-53,-1,0
15,972,-52,-1,0
15,973,-51,-1,0
15,974,-50,1,0
15,975,-49,-1,0
15,976,-48,1,0
15,977,-47,1,0
15,978,-46,1,0
15,979,-45,-1,0
15,980,-44,1,0
15,981,-43,1,0
15,982,-42,-1,0
15,983,-41,1,0
15,984,-40,-1,0
15,985,-39,-1,0
15,986,-38,-1,0
15,987,-37,1,0
15,988,-36,1,0
15,989,-35,1,0
15,990,-34,-1,0
15,991,-33,1,0
15,992,-32,-1,0
15,993,-31,-1,0
15,994,-30,-1,0
15,995,-29,1,0
15,996,-28,-1,0
15,997,-27,-1,0
15,998,-26,1,0
15,999,-25,-1,0
15,1000,-24,-1,0
15,1001,-23,-1,0
15,1002,-22,-1,0
15,1003,-21,1,0
15,1004,-20,1,0
15,1005,-19,1,0
15,1006,-18,-1,0
15,1007,-17,1,0
15,1008,-16,1,0
15,1009,-15,1,0
15,1010,-14,1,0
15,1011,-13,-1,0
15,1012,-12,1,0
15,1013,-11,1,0
15,1014,-10,-1,0
15,1015,-9,1,0
15,1016,-8,-1,0
15,1017,-7,-1,0
15,1018,-6,-1,0
15,1019,-5,1,0
15,1020,-4,1,0
15,1021,-3,1,0
15,1022,-2,-1,0
15,1023,-1,1,0
